"Title","URL handle","Description","Vendor","Product category","Type","Tags","Published on online store","Status","SKU","Barcode","Option1 name","Option1 value","Option2 name","Option2 value","Option3 name","Option3 value","Price","Compare-at price","Cost per item","Charge tax","Weight value (grams)","Weight unit for display","Requires shipping","Fulfillment service","Collection","product.metafields.spartan.department","product.metafields.spartan.spec_available_colours","product.metafields.spartan.spec_average_gross_unit_weight_kg","product.metafields.spartan.spec_average_net_unit_weight_kg","product.metafields.spartan.spec_box_dimensions_l_x_w_x_h_m","product.metafields.spartan.spec_brand","product.metafields.spartan.spec_cable_size_in","product.metafields.spartan.spec_capacity","product.metafields.spartan.spec_carton_size","product.metafields.spartan.spec_certification_standard","product.metafields.spartan.spec_colour","product.metafields.spartan.spec_compatibility","product.metafields.spartan.spec_dimensions","product.metafields.spartan.spec_dimensions_in","product.metafields.spartan.spec_end_fitting_type","product.metafields.spartan_erp.material_code","product.metafields.spartan_erp.product_group","product.metafields.spartan.spec_eu_size","product.metafields.spartan.spec_grade","product.metafields.spartan.spec_handle_type","product.metafields.spartan.spec_height","product.metafields.spartan.spec_hole_diameter","product.metafields.spartan.spec_inside_diameter_in","product.metafields.spartan.spec_length","product.metafields.spartan.spec_material","product.metafields.spartan.spec_net_buoyancy","product.metafields.spartan.spec_notes","product.metafields.spartan.spec_outside_diameter_in","product.metafields.spartan.spec_outside_diameter_after_swage_in","product.metafields.spartan.spec_ply","product.metafields.spartan.spec_shank_x_diameter_in","product.metafields.spartan.spec_size","product.metafields.spartan.spec_size_in","product.metafields.spartan.spec_size_length_mm","product.metafields.spartan.spec_size_number","product.metafields.spartan.spec_standard_tap_size_in","product.metafields.spartan.spec_stock_size_in","product.metafields.spartan.spec_strand","product.metafields.spartan.spec_strength","product.metafields.spartan_erp.supplier_type_code","product.metafields.spartan.spec_take_up_length_j_length_in","product.metafields.spartan.spec_temperature_limit_if_applicable","product.metafields.spartan.spec_thread_size","product.metafields.spartan.spec_torque_specification_ft_lb","product.metafields.spartan.spec_volume","product.metafields.spartan.spec_wattage","product.metafields.spartan.spec_width","product.metafields.spartan.spec_working_load_limit","product.metafields.spartan.spec_working_load_limit_lb","product.metafields.spartan.spec_working_load_limit_ton"
"12% LAVO BLEACH 3.6L 6/Case","12-lavo-bleach-3-6l-6-case-010253","<table><tbody><tr><th>Size</th><td>3.6L</td></tr><tr><th>Strength</th><td>0.12</td></tr></tbody></table>","BUNZL (R3 RELIABLE)","","Bleach","Spartan import, department:maintenance-supplies, category:bleach, Bleach, BUNZL (R3 RELIABLE)","false","draft","010253","","Title","Default Title","","","","","","","","true","","","true","manual","Bleach","Maintenance & Supplies","","","","","","","","","","","","","","","","","","","","","","","","","","","","","","","3.6L","","","","","","","0.12","","","","","","","","","","",""
"600W LED Flood light with Aluminum cover","600w-led-flood-light-with-aluminum-cover-et2c-600","<table><tbody><tr><th>Size</th><td>69*51*25(cm)</td></tr><tr><th>Wattage</th><td>600</td></tr><tr><th>Colour</th><td>Black</td></tr></tbody></table>","ET2C INTERNATIONAL INC","","Lights","Spartan import, department:safety-buoys-survival, category:lights, Lights, ET2C INTERNATIONAL INC","false","draft","ET2C-600","","Title","Default Title","","","","","","","","true","","","true","manual","Lights","Safety, Buoys & Survival","","","","","","","","","","Black","","","","","","","","","","","","","","","","","","","","","69*51*25(cm)","","","","","","","","","","","","","","600","","","",""
"APRON 35X45 DIE-CUT ENDEAVOUR BLUE","apron-35x45-die-cut-endeavour-blue-14010080","<table><tbody><tr><th>Colour</th><td>Blue</td></tr></tbody></table>","INDIGO BAY TEX.","","Aprons","Spartan import, department:workwear-footwear, category:aprons, Aprons, INDIGO BAY TEX.","false","draft","14010080","","Title","Default Title","","","","","","","","true","","","true","manual","Aprons","Workwear & Footwear","","","","","","","","","","Blue","","","","","","","","","","","","","","","","","","","","","","","","","","","","","","","","","","","","","","",""
"APRON CLIPPER","apron-clipper-70019-800-0001","","GRUNDEN'S USA LTD","","Aprons","Spartan import, department:workwear-footwear, category:aprons, Aprons, GRUNDEN'S USA LTD","false","draft","70019-800-0001","","Title","Default Title","","","","","","","","true","549","g","true","manual","Aprons","Workwear & Footwear","","","","","","","","","","","","","","","","","","","","","","","","","","","","","","","","","","","","","","","","","","","","","","","","",""
"APRON X SCALLOPER","apron-x-scalloper-70110-100-0001","","GRUNDEN'S USA LTD","","Aprons","Spartan import, department:workwear-footwear, category:aprons, Aprons, GRUNDEN'S USA LTD","false","draft","70110-100-0001","","Title","Default Title","","","","","","","","true","998","g","true","manual","Aprons","Workwear & Footwear","","","","","","","","","","","","","","","","","","","","","","","","","","","","","","","","","","","","","","","","","","","","","","","","",""
"BAG SCALLOP 15-1/2X30 COTTON","bag-scallop-15-1-2x30-cotton-64021555","<table><tbody><tr><th>Size</th><td>56*42*21(cm)</td></tr></tbody></table>","ET2C INTERNATIONAL INC","","Scallop Bags","Spartan import, department:fishing-trap-gear, category:scallop-bags, Scallop Bags, ET2C INTERNATIONAL INC","false","draft","64021555","","Title","Default Title","","","","","","","","true","","","true","manual","Scallop Bags","Fishing & Trap Gear","","","","","","","","","","","","","","","","","","","","","","","","","","","","","","","56*42*21(cm)","","","","","","","","","","","","","","","","","",""
"BAIT JAR TONYS W/EYELET","bait-jar-tonys-w-eyelet-25010082","","QUALITY INDUSTRIAL SALES LTD","","Bait Jars","Spartan import, department:fishing-trap-gear, category:bait-jars, Bait Jars, QUALITY INDUSTRIAL SALES LTD","false","draft","25010082","","Title","Default Title","","","","","","","","true","","","true","manual","Bait Jars","Fishing & Trap Gear","","","","","","","","","","","","","","","","","","","","","","","","","","","","","","","","","","","","","","","","","","","","","","","","",""
"BALACLAVA HH LIFA MERINO STD","balaclava-hh-lifa-merino-std-79707-481","<table><tbody><tr><th>Size</th><td>One size</td></tr><tr><th>Material</th><td>57% Merino, 43% Polypropylene</td></tr><tr><th>Colour</th><td>Camo</td></tr></tbody></table>","HELLY HANSEN WORKWEAR","","Balaclavas","Spartan import, department:workwear-footwear, category:balaclavas, Balaclavas, HELLY HANSEN WORKWEAR","false","draft","79707-481","","Title","Default Title","","","","","","","","true","","","true","manual","Balaclavas","Workwear & Footwear","","","","","","","","","","Camo","","","","","","","","","","","","","","57% Merino, 43% Polypropylene","","","","","","","One size","","","","","","","","","","","","","","","","","",""
"BARREL LEAD 4OZ 34MM LENGTH X 12MM HOLE","barrel-lead-4oz-34mm-length-x-12mm-hole-57040003","","SEA MASTER ENTERPRISE CO LTD","","Sinkers","Spartan import, department:fishing-trap-gear, category:sinkers, Sinkers, SEA MASTER ENTERPRISE CO LTD","false","draft","57040003","","Title","Default Title","","","","","","","","true","","","true","manual","Sinkers","Fishing & Trap Gear","","","","","","","","","","","","","","","","","","","","","","","","","","","","","","","","","","","","","","","","","","","","","","","","",""
"BASE LAYER BOTTOM 2XLARGE THERMAL GRUNDI","base-layer-bottom-2xlarge-thermal-grundi-20023-025-0017","","GRUNDEN'S USA LTD","","Base Layer Bottoms","Spartan import, department:workwear-footwear, category:base-layer-bottoms, Base Layer Bottoms, GRUNDEN'S USA LTD","false","draft","20023-025-0017","","Title","Default Title","","","","","","","","true","0","g","true","manual","Base Layer Bottoms","Workwear & Footwear","","","","","","","","","","","","","","","","","","","","","","","","","","","","","","","","","","","","","","","","","","","","","","","","",""
"BASE LAYER BOTTOM LARGE THERMAL GRUNDIES","base-layer-bottom-large-thermal-grundies-20023-025-0015","","GRUNDEN'S USA LTD","","Base Layer Bottoms","Spartan import, department:workwear-footwear, category:base-layer-bottoms, Base Layer Bottoms, GRUNDEN'S USA LTD","false","draft","20023-025-0015","","Title","Default Title","","","","","","","","true","0","g","true","manual","Base Layer Bottoms","Workwear & Footwear","","","","","","","","","","","","","","","","","","","","","","","","","","","","","","","","","","","","","","","","","","","","","","","","",""
"BASE LAYER BOTTOM MEDIUM THERMAL GRUNDIE","base-layer-bottom-medium-thermal-grundie-20023-025-0014","","GRUNDEN'S USA LTD","","Base Layer Bottoms","Spartan import, department:workwear-footwear, category:base-layer-bottoms, Base Layer Bottoms, GRUNDEN'S USA LTD","false","draft","20023-025-0014","","Title","Default Title","","","","","","","","true","0","g","true","manual","Base Layer Bottoms","Workwear & Footwear","","","","","","","","","","","","","","","","","","","","","","","","","","","","","","","","","","","","","","","","","","","","","","","","",""
"BASE LAYER BOTTOM XLARGE THERMAL GRUNDIE","base-layer-bottom-xlarge-thermal-grundie-20023-025-0016","","GRUNDEN'S USA LTD","","Base Layer Bottoms","Spartan import, department:workwear-footwear, category:base-layer-bottoms, Base Layer Bottoms, GRUNDEN'S USA LTD","false","draft","20023-025-0016","","Title","Default Title","","","","","","","","true","0","g","true","manual","Base Layer Bottoms","Workwear & Footwear","","","","","","","","","","","","","","","","","","","","","","","","","","","","","","","","","","","","","","","","","","","","","","","","",""
"BASE LAYER TOP 2XLARGE THERMAL 1/4 ZIP G","base-layer-top-2xlarge-thermal-1-4-zip-g-20022-025-0017","","GRUNDEN'S USA LTD","","Base Layer Tops","Spartan import, department:workwear-footwear, category:base-layer-tops, Base Layer Tops, GRUNDEN'S USA LTD","false","draft","20022-025-0017","","Title","Default Title","","","","","","","","true","0","g","true","manual","Base Layer Tops","Workwear & Footwear","","","","","","","","","","","","","","","","","","","","","","","","","","","","","","","","","","","","","","","","","","","","","","","","",""
"BASE LAYER TOP LARGE THERMAL 1/4 ZIP GRU","base-layer-top-large-thermal-1-4-zip-gru-20022-025-0015","","GRUNDEN'S USA LTD","","Base Layer Tops","Spartan import, department:workwear-footwear, category:base-layer-tops, Base Layer Tops, GRUNDEN'S USA LTD","false","draft","20022-025-0015","","Title","Default Title","","","","","","","","true","0","g","true","manual","Base Layer Tops","Workwear & Footwear","","","","","","","","","","","","","","","","","","","","","","","","","","","","","","","","","","","","","","","","","","","","","","","","",""
"BASE LAYER TOP MEDIUM THERMAL 1/4 ZIP GR","base-layer-top-medium-thermal-1-4-zip-gr-20022-025-0014","","GRUNDEN'S USA LTD","","Base Layer Tops","Spartan import, department:workwear-footwear, category:base-layer-tops, Base Layer Tops, GRUNDEN'S USA LTD","false","draft","20022-025-0014","","Title","Default Title","","","","","","","","true","0","g","true","manual","Base Layer Tops","Workwear & Footwear","","","","","","","","","","","","","","","","","","","","","","","","","","","","","","","","","","","","","","","","","","","","","","","","",""
"BASE LAYER TOP XLARGE THERMAL 1/4 ZIP GR","base-layer-top-xlarge-thermal-1-4-zip-gr-20022-025-0016","","GRUNDEN'S USA LTD","","Base Layer Tops","Spartan import, department:workwear-footwear, category:base-layer-tops, Base Layer Tops, GRUNDEN'S USA LTD","false","draft","20022-025-0016","","Title","Default Title","","","","","","","","true","0","g","true","manual","Base Layer Tops","Workwear & Footwear","","","","","","","","","","","","","","","","","","","","","","","","","","","","","","","","","","","","","","","","","","","","","","","","",""
"BASKET 19X17 CAN-AM PLASTIC","basket-19x17-can-am-plastic-16030073","","BWAY CORPORATION CANADA","","Fish Boxes","Spartan import, department:fishing-trap-gear, category:fish-boxes, Fish Boxes, BWAY CORPORATION CANADA","false","draft","16030073","","Title","Default Title","","","","","","","","true","","","true","manual","Fish Boxes","Fishing & Trap Gear","","","","","","","","","","","","","","","","","","","","","","","","","","","","","","","","","","","","","","","","","","","","","","","","",""
"BEACON PERSONAL LOCATOR RESQLINK (PLB) 4","beacon-personal-locator-resqlink-plb-4-2921-63","","ACR ELECTRONICS INC.","","Personal Locator Beacons","Spartan import, department:safety-buoys-survival, category:personal-locator-beacons, Personal Locator Beacons, ACR ELECTRONICS INC.","false","draft","2921.63","","Title","Default Title","","","","","","","","true","","","true","manual","Personal Locator Beacons","Safety, Buoys & Survival","","","","","","","","","","","","","","","","","","","","","","","","","","","","","","","","","","","","","","","","","","","","","","","","",""
"BEANIE ONE SIZE MERINO CAMO","beanie-one-size-merino-camo-79705-481","","HELLY HANSEN WORKWEAR","","Balaclavas","Spartan import, department:workwear-footwear, category:balaclavas, Balaclavas, HELLY HANSEN WORKWEAR","false","draft","79705-481","","Title","Default Title","","","","","","","","true","","","true","manual","Balaclavas","Workwear & Footwear","","","","","","","","","","","","","","","","","","","","","","","","","","","","","","","","","","","","","","","","","","","","","","","","",""
"BELT 1-SIZE GAGE KNIFE","belt-1-size-gage-knife-70045-001-0001","","GRUNDEN'S USA LTD","","Belts","Spartan import, department:workwear-footwear, category:belts, Belts, GRUNDEN'S USA LTD","false","draft","70045-001-0001","","Title","Default Title","","","","","","","","true","64","g","true","manual","Belts","Workwear & Footwear","","","","","","","","","","","","","","","","","","","","","","","","","","","","","","","","","","","","","","","","","","","","","","","","",""
"BELT EXTENDER PROVIDES ADDITIONAL 12 BLA","belt-extender-provides-additional-12-bla-ma7637bk","<table><tbody><tr><th>Size</th><td>Item Length (in) - 11.875&quot; / Item Width (in) - 8.0&quot; / Item Height (in) - 1.0&quot;</td></tr><tr><th>Colour</th><td>BLACK</td></tr></tbody></table>","MUSTANG SURVIVAL ULC","","Belt Extender","Spartan import, department:workwear-footwear, category:belt-extender, Belt Extender, MUSTANG SURVIVAL ULC","false","draft","MA7637BK","","Title","Default Title","","","","","","","","true","68","g","true","manual","Belt Extender","Workwear & Footwear","","","","","","","","","","BLACK","","","","","","","","","","","","","","","","","","","","","Item Length (in) - 11.875"" / Item Width (in) - 8.0"" / Item Height (in) - 1.0""","","","","","","","","","","","","","","","","","",""
"BELT WEBBING HH LOGO BLACK","belt-webbing-hh-logo-black-79528-990","<table><tbody><tr><th>Size</th><td>STD</td></tr><tr><th>Material</th><td>96% Cotton, 4% Spandex Stretch</td></tr><tr><th>Colour</th><td>Black</td></tr></tbody></table>","HELLY HANSEN WORKWEAR","","Belts","Spartan import, department:workwear-footwear, category:belts, Belts, HELLY HANSEN WORKWEAR","false","draft","79528-990","","Title","Default Title","","","","","","","","true","179","g","true","manual","Belts","Workwear & Footwear","","","","","","","","","","Black","","","","","","","","","","","","","","96% Cotton, 4% Spandex Stretch","","","","","","","STD","","","","","","","","","","","","","","","","","",""
"BELT WEBBING HH LOGO GREEN","belt-webbing-hh-logo-green-79528-480","<table><tbody><tr><th>Size</th><td>STD</td></tr><tr><th>Material</th><td>96% Cotton, 4% Spandex Stretch</td></tr><tr><th>Colour</th><td>Army Green</td></tr></tbody></table>","HELLY HANSEN WORKWEAR","","Belts","Spartan import, department:workwear-footwear, category:belts, Belts, HELLY HANSEN WORKWEAR","false","draft","79528-480","","Title","Default Title","","","","","","","","true","179","g","true","manual","Belts","Workwear & Footwear","","","","","","","","","","Army Green","","","","","","","","","","","","","","96% Cotton, 4% Spandex Stretch","","","","","","","STD","","","","","","","","","","","","","","","","","",""
"BELT WEBBING HH LOGO ORANGE","belt-webbing-hh-logo-orange-79528-290","<table><tbody><tr><th>Size</th><td>STD</td></tr><tr><th>Material</th><td>96% Cotton, 4% Spandex Stretch</td></tr><tr><th>Colour</th><td>Orange</td></tr></tbody></table>","HELLY HANSEN WORKWEAR","","Belts","Spartan import, department:workwear-footwear, category:belts, Belts, HELLY HANSEN WORKWEAR","false","draft","79528-290","","Title","Default Title","","","","","","","","true","179","g","true","manual","Belts","Workwear & Footwear","","","","","","","","","","Orange","","","","","","","","","","","","","","96% Cotton, 4% Spandex Stretch","","","","","","","STD","","","","","","","","","","","","","","","","","",""
"BOAT HOOK 3-1/2 -8 ADJUSTABLE","boat-hook-3-1-2-8-adjustable-25050046","","DAVIS INSTRUMENTS","","Boat Hooks","Spartan import, department:maintenance-supplies, category:boat-hooks, Boat Hooks, DAVIS INSTRUMENTS","false","draft","25050046","","Title","Default Title","","","","","","","","true","","","true","manual","Boat Hooks","Maintenance & Supplies","","","","","","","","","","","","","","","","","","","","","","","","","","","","","","","","","","","","","","","","","","","","","","","","",""
"BOBBIN REPLACEMENT FOR CLASSIC & DELUXE","bobbin-replacement-for-classic-deluxe-ma9211","<table><tbody><tr><th>Size</th><td>Item Length (in) - 11&quot; / Item Width (in) - 8.0&quot; / Item Height (in) - 0.50&quot;</td></tr><tr><th>Colour</th><td>No Color Applicable</td></tr></tbody></table>","MUSTANG SURVIVAL ULC","","PFDs","Spartan import, department:safety-buoys-survival, category:pfds, PFDs, MUSTANG SURVIVAL ULC","false","draft","MA9211","","Title","Default Title","","","","","","","","true","6350","g","true","manual","PFDs","Safety, Buoys & Survival","","","","","","","","","","No Color Applicable","","","","","","","","","","","","","","","","","","","","","Item Length (in) - 11"" / Item Width (in) - 8.0"" / Item Height (in) - 0.50""","","","","","","","","","","","","","","","","","",""
"BOMMUL Ø2,5 8x1 3,4g/m","bommul-2-5-8x1-3-4g-m-0704001-t2-5mmcbbgc","<table><tbody><tr><th>ERP Product Group</th><td>Yachting</td></tr><tr><th>Average Net Unit Weight (kg)</th><td>0.9929411764705882</td></tr><tr><th>Average Gross Unit Weight (kg)</th><td>0.9929411764705882</td></tr></tbody></table>","Cotesi","","Rope","Spartan import, department:rope-line-nets, category:rope, Rope, Cotesi","false","draft","0704001-T2,5MMCBBGC","","Title","Default Title","","","","","","","","true","","","true","manual","Rope","Rope, Line & Nets","","0.9929411764705882","0.9929411764705882","","","","","","","","","","","","","Yachting","","","","","","","","","","","","","","","","","","","","","","","","","","","","","","","","",""
"BOMMUL Ø2,5 8x1 3,4g/m","bommul-2-5-8x1-3-4g-m-07040001","<table><tbody><tr><th>ERP Material Code</th><td>NAU0892</td></tr><tr><th>ERP Product Group</th><td>Yachting</td></tr><tr><th>Average Net Unit Weight (kg)</th><td>0.9424063361958751</td></tr><tr><th>Average Gross Unit Weight (kg)</th><td>0.9424063361958751</td></tr></tbody></table>","Cotesi","","Rope","Spartan import, department:rope-line-nets, category:rope, Rope, Cotesi","false","draft","07040001","","Title","Default Title","","","","","","","","true","","","true","manual","Rope","Rope, Line & Nets","","0.9424063361958751","0.9424063361958751","","","","","","","","","","","","NAU0892","Yachting","","","","","","","","","","","","","","","","","","","","","","","","","","","","","","","","",""
"BOMMUL Ø2,5 8x1 3,4g/m","bommul-2-5-8x1-3-4g-m-t2-5mmcbbgc","<table><tbody><tr><th>ERP Product Group</th><td>Yachting</td></tr><tr><th>Average Net Unit Weight (kg)</th><td>0.9532238113383533</td></tr><tr><th>Average Gross Unit Weight (kg)</th><td>0.9601944151052956</td></tr></tbody></table>","Cotesi","","Rope","Spartan import, department:rope-line-nets, category:rope, Rope, Cotesi","false","draft","T2.5MMCBBGC","","Title","Default Title","","","","","","","","true","","","true","manual","Rope","Rope, Line & Nets","","0.9601944151052956","0.9532238113383533","","","","","","","","","","","","","Yachting","","","","","","","","","","","","","","","","","","","","","","","","","","","","","","","","",""
"BOMMUL Ø3,5 8x2 5,7g/m","bommul-3-5-8x2-5-7g-m-07040000","<table><tbody><tr><th>ERP Material Code</th><td>NAU1004</td></tr><tr><th>ERP Product Group</th><td>Yachting</td></tr><tr><th>Average Net Unit Weight (kg)</th><td>0.8772994741756351</td></tr><tr><th>Average Gross Unit Weight (kg)</th><td>0.8772994741756351</td></tr></tbody></table>","Cotesi","","Rope","Spartan import, department:rope-line-nets, category:rope, Rope, Cotesi","false","draft","07040000","","Title","Default Title","","","","","","","","true","","","true","manual","Rope","Rope, Line & Nets","","0.8772994741756351","0.8772994741756351","","","","","","","","","","","","NAU1004","Yachting","","","","","","","","","","","","","","","","","","","","","","","","","","","","","","","","",""
"BOMMUL Ø3,5 8x2 5,7g/m","bommul-3-5-8x2-5-7g-m-07040000-t3-5mmcbc","<table><tbody><tr><th>ERP Product Group</th><td>Yachting</td></tr><tr><th>Average Net Unit Weight (kg)</th><td>0.9227121212121212</td></tr><tr><th>Average Gross Unit Weight (kg)</th><td>0.9227121212121212</td></tr></tbody></table>","Cotesi","","Rope","Spartan import, department:rope-line-nets, category:rope, Rope, Cotesi","false","draft","07040000-T3.5MMCBC","","Title","Default Title","","","","","","","","true","","","true","manual","Rope","Rope, Line & Nets","","0.9227121212121212","0.9227121212121212","","","","","","","","","","","","","Yachting","","","","","","","","","","","","","","","","","","","","","","","","","","","","","","","","",""
"BOMMUL Ø3,5 8x2 5,7g/m","bommul-3-5-8x2-5-7g-m-t3-5mmcbc","<table><tbody><tr><th>ERP Product Group</th><td>Yachting</td></tr><tr><th>Average Net Unit Weight (kg)</th><td>0.9440415821501015</td></tr><tr><th>Average Gross Unit Weight (kg)</th><td>0.9440415821501015</td></tr></tbody></table>","Cotesi","","Rope","Spartan import, department:rope-line-nets, category:rope, Rope, Cotesi","false","draft","T3.5MMCBC","","Title","Default Title","","","","","","","","true","","","true","manual","Rope","Rope, Line & Nets","","0.9440415821501015","0.9440415821501015","","","","","","","","","","","","","Yachting","","","","","","","","","","","","","","","","","","","","","","","","","","","","","","","","",""
"BOOT BAND RUBBER 5/8 #105","boot-band-rubber-5-8-105-15010054","<table><tbody><tr><th>Colour</th><td>Tan</td></tr><tr><th>Size</th><td>5&quot; x 5/8' x 1/16&quot;</td></tr></tbody></table>","FRANK WINNE & SONS INC","","Boot Bands","Spartan import, department:workwear-footwear, category:boot-bands, Boot Bands, FRANK WINNE & SONS INC","false","draft","15010054","","Title","Default Title","","","","","","","","true","5897","g","true","manual","Boot Bands","Workwear & Footwear","","","","","","","","","","Tan","","","","","","","","","","","","","","","","","","","","","5"" x 5/8' x 1/16""","","","","","","","","","","","","","","","","","",""
"BOOTS 39 (6) CHEST WADERS","boots-39-6-chest-waders-7-70g06","<table><tbody><tr><th>Colour</th><td>Olive</td></tr></tbody></table>","OCEAN TEXTILE A/S","","Boots","Spartan import, department:workwear-footwear, category:boots, Boots, OCEAN TEXTILE A/S","false","draft","7-70G06","","Title","Default Title","","","","","","","","true","","","true","manual","Boots","Workwear & Footwear","","","","","","","","","","Olive","","","","","","","","","","","","","","","","","","","","","","","","","","","","","","","","","","","","","","",""
"BOOTS 41(7) CHEST WADERS","boots-41-7-chest-waders-7-70g07","<table><tbody><tr><th>Colour</th><td>Olive</td></tr></tbody></table>","OCEAN TEXTILE A/S","","Boots","Spartan import, department:workwear-footwear, category:boots, Boots, OCEAN TEXTILE A/S","false","draft","7-70G07","","Title","Default Title","","","","","","","","true","","","true","manual","Boots","Workwear & Footwear","","","","","","","","","","Olive","","","","","","","","","","","","","","","","","","","","","","","","","","","","","","","","","","","","","","",""
"BOOTS 42 (8) CHEST WADERS","boots-42-8-chest-waders-7-70g08","<table><tbody><tr><th>Colour</th><td>Olive</td></tr></tbody></table>","OCEAN TEXTILE A/S","","Boots","Spartan import, department:workwear-footwear, category:boots, Boots, OCEAN TEXTILE A/S","false","draft","7-70G08","","Title","Default Title","","","","","","","","true","","","true","manual","Boots","Workwear & Footwear","","","","","","","","","","Olive","","","","","","","","","","","","","","","","","","","","","","","","","","","","","","","","","","","","","","",""
"BOOTS 42 (8) THIGH WADERS","boots-42-8-thigh-waders-7-60g08","<table><tbody><tr><th>Colour</th><td>Olive</td></tr></tbody></table>","OCEAN TEXTILE A/S","","Boots","Spartan import, department:workwear-footwear, category:boots, Boots, OCEAN TEXTILE A/S","false","draft","7-60G08","","Title","Default Title","","","","","","","","true","","","true","manual","Boots","Workwear & Footwear","","","","","","","","","","Olive","","","","","","","","","","","","","","","","","","","","","","","","","","","","","","","","","","","","","","",""
"BOOTS 43 (9) CHEST WADERS","boots-43-9-chest-waders-7-70g09","<table><tbody><tr><th>Colour</th><td>Olive</td></tr></tbody></table>","OCEAN TEXTILE A/S","","Boots","Spartan import, department:workwear-footwear, category:boots, Boots, OCEAN TEXTILE A/S","false","draft","7-70G09","","Title","Default Title","","","","","","","","true","","","true","manual","Boots","Workwear & Footwear","","","","","","","","","","Olive","","","","","","","","","","","","","","","","","","","","","","","","","","","","","","","","","","","","","","",""
"BOOTS 43 (9) THIGH WADERS","boots-43-9-thigh-waders-7-60g09","<table><tbody><tr><th>Colour</th><td>Olive</td></tr></tbody></table>","OCEAN TEXTILE A/S","","Boots","Spartan import, department:workwear-footwear, category:boots, Boots, OCEAN TEXTILE A/S","false","draft","7-60G09","","Title","Default Title","","","","","","","","true","","","true","manual","Boots","Workwear & Footwear","","","","","","","","","","Olive","","","","","","","","","","","","","","","","","","","","","","","","","","","","","","","","","","","","","","",""
"BOOTS 44 (9.5) CHEST WADERS","boots-44-9-5-chest-waders-7-70g09-5","<table><tbody><tr><th>Colour</th><td>Olive</td></tr></tbody></table>","OCEAN TEXTILE A/S","","Boots","Spartan import, department:workwear-footwear, category:boots, Boots, OCEAN TEXTILE A/S","false","draft","7-70G09.5","","Title","Default Title","","","","","","","","true","","","true","manual","Boots","Workwear & Footwear","","","","","","","","","","Olive","","","","","","","","","","","","","","","","","","","","","","","","","","","","","","","","","","","","","","",""
"BOOTS 45 (10) CHEST WADERS","boots-45-10-chest-waders-7-70g10","<table><tbody><tr><th>Colour</th><td>Olive</td></tr></tbody></table>","OCEAN TEXTILE A/S","","Boots","Spartan import, department:workwear-footwear, category:boots, Boots, OCEAN TEXTILE A/S","false","draft","7-70G10","","Title","Default Title","","","","","","","","true","","","true","manual","Boots","Workwear & Footwear","","","","","","","","","","Olive","","","","","","","","","","","","","","","","","","","","","","","","","","","","","","","","","","","","","","",""
"BOOTS 45 (10) THIGH WADERS","boots-45-10-thigh-waders-7-60g10","<table><tbody><tr><th>Colour</th><td>Olive</td></tr></tbody></table>","OCEAN TEXTILE A/S","","Boots","Spartan import, department:workwear-footwear, category:boots, Boots, OCEAN TEXTILE A/S","false","draft","7-60G10","","Title","Default Title","","","","","","","","true","","","true","manual","Boots","Workwear & Footwear","","","","","","","","","","Olive","","","","","","","","","","","","","","","","","","","","","","","","","","","","","","","","","","","","","","",""
"BOOTS 46 (11) CHEST WADERS","boots-46-11-chest-waders-7-70g11","<table><tbody><tr><th>Colour</th><td>Olive</td></tr></tbody></table>","OCEAN TEXTILE A/S","","Boots","Spartan import, department:workwear-footwear, category:boots, Boots, OCEAN TEXTILE A/S","false","draft","7-70G11","","Title","Default Title","","","","","","","","true","","","true","manual","Boots","Workwear & Footwear","","","","","","","","","","Olive","","","","","","","","","","","","","","","","","","","","","","","","","","","","","","","","","","","","","","",""
"BOOTS 46 (11) THIGH WADERS","boots-46-11-thigh-waders-7-60g11","<table><tbody><tr><th>Colour</th><td>Olive</td></tr></tbody></table>","OCEAN TEXTILE A/S","","Boots","Spartan import, department:workwear-footwear, category:boots, Boots, OCEAN TEXTILE A/S","false","draft","7-60G11","","Title","Default Title","","","","","","","","true","","","true","manual","Boots","Workwear & Footwear","","","","","","","","","","Olive","","","","","","","","","","","","","","","","","","","","","","","","","","","","","","","","","","","","","","",""
"BOOTS 47 (12) CHEST WADERS","boots-47-12-chest-waders-7-70g12","<table><tbody><tr><th>Colour</th><td>Olive</td></tr></tbody></table>","OCEAN TEXTILE A/S","","Boots","Spartan import, department:workwear-footwear, category:boots, Boots, OCEAN TEXTILE A/S","false","draft","7-70G12","","Title","Default Title","","","","","","","","true","","","true","manual","Boots","Workwear & Footwear","","","","","","","","","","Olive","","","","","","","","","","","","","","","","","","","","","","","","","","","","","","","","","","","","","","",""
"BOOTS 47 (12) THIGH WADERS","boots-47-12-thigh-waders-7-60g12","<table><tbody><tr><th>Colour</th><td>Olive</td></tr></tbody></table>","OCEAN TEXTILE A/S","","Boots","Spartan import, department:workwear-footwear, category:boots, Boots, OCEAN TEXTILE A/S","false","draft","7-60G12","","Title","Default Title","","","","","","","","true","","","true","manual","Boots","Workwear & Footwear","","","","","","","","","","Olive","","","","","","","","","","","","","","","","","","","","","","","","","","","","","","","","","","","","","","",""
"Braided twine Normal NL 3.0/180M/Kg","braided-twine-normal-nl-3-0-180m-kg-64400","<table><tbody><tr><th>ERP Material Code</th><td>FEN0032</td></tr><tr><th>ERP Product Group</th><td>Fishing Nets &amp; Twines</td></tr><tr><th>Average Net Unit Weight (kg)</th><td>2.0252857142857144</td></tr><tr><th>Average Gross Unit Weight (kg)</th><td>2.0252857142857144</td></tr></tbody></table>","Cotesi","","Twine","Spartan import, department:rope-line-nets, category:twine, Twine, Cotesi","false","draft","64400","","Title","Default Title","","","","","","","","true","","","true","manual","Twine","Rope, Line & Nets","","2.0252857142857144","2.0252857142857144","","","","","","","","","","","","FEN0032","Fishing Nets & Twines","","","","","","","","","","","","","","","","","","","","","","","","","","","","","","","","",""
"Braided twine Normal NL 3.0/180M/Kg","braided-twine-normal-nl-3-0-180m-kg-64400a","<table><tbody><tr><th>ERP Product Group</th><td>Fishing Nets &amp; Twines</td></tr><tr><th>Average Net Unit Weight (kg)</th><td>1.065</td></tr><tr><th>Average Gross Unit Weight (kg)</th><td>1.065</td></tr></tbody></table>","Cotesi","","Twine","Spartan import, department:rope-line-nets, category:twine, Twine, Cotesi","false","draft","64400A","","Title","Default Title","","","","","","","","true","","","true","manual","Twine","Rope, Line & Nets","","1.065","1.065","","","","","","","","","","","","","Fishing Nets & Twines","","","","","","","","","","","","","","","","","","","","","","","","","","","","","","","","",""
"Braided twine Normal NL 3.0/180M/Kg","braided-twine-normal-nl-3-0-180m-kg-t3mmnbwc","<table><tbody><tr><th>ERP Product Group</th><td>Fishing Nets &amp; Twines</td></tr><tr><th>Average Net Unit Weight (kg)</th><td>2.05</td></tr><tr><th>Average Gross Unit Weight (kg)</th><td>2.05</td></tr></tbody></table>","Cotesi","","Twine","Spartan import, department:rope-line-nets, category:twine, Twine, Cotesi","false","draft","T3MMNBWC","","Title","Default Title","","","","","","","","true","","","true","manual","Twine","Rope, Line & Nets","","2.05","2.05","","","","","","","","","","","","","Fishing Nets & Twines","","","","","","","","","","","","","","","","","","","","","","","","","","","","","","","","",""
"Braided twine Normal NL 3.0/180M/Kg","braided-twine-normal-nl-3-0-180m-kg-t3mmnbwc-1","<table><tbody><tr><th>ERP Product Group</th><td>Fishing Nets &amp; Twines</td></tr><tr><th>Average Net Unit Weight (kg)</th><td>1.05</td></tr><tr><th>Average Gross Unit Weight (kg)</th><td>1.05</td></tr></tbody></table>","Cotesi","","Twine","Spartan import, department:rope-line-nets, category:twine, Twine, Cotesi","false","draft","T3MMNBWC-1","","Title","Default Title","","","","","","","","true","","","true","manual","Twine","Rope, Line & Nets","","1.05","1.05","","","","","","","","","","","","","Fishing Nets & Twines","","","","","","","","","","","","","","","","","","","","","","","","","","","","","","","","",""
"Braided twine Normal NL 4.0/130M/Kg","braided-twine-normal-nl-4-0-130m-kg-64440","<table><tbody><tr><th>ERP Material Code</th><td>FEN0037</td></tr><tr><th>ERP Product Group</th><td>Fishing Nets &amp; Twines</td></tr><tr><th>Average Net Unit Weight (kg)</th><td>2.045391304347826</td></tr><tr><th>Average Gross Unit Weight (kg)</th><td>2.045391304347826</td></tr></tbody></table>","Cotesi","","Twine","Spartan import, department:rope-line-nets, category:twine, Twine, Cotesi","false","draft","64440","","Title","Default Title","","","","","","","","true","","","true","manual","Twine","Rope, Line & Nets","","2.045391304347826","2.045391304347826","","","","","","","","","","","","FEN0037","Fishing Nets & Twines","","","","","","","","","","","","","","","","","","","","","","","","","","","","","","","","",""
"Braided twine Normal NL 6.0/85 M/Kg","braided-twine-normal-nl-6-0-85-m-kg-64401","<table><tbody><tr><th>ERP Material Code</th><td>FEN0044</td></tr><tr><th>ERP Product Group</th><td>Fishing Nets &amp; Twines</td></tr><tr><th>Average Net Unit Weight (kg)</th><td>2.06838115942029</td></tr><tr><th>Average Gross Unit Weight (kg)</th><td>2.06838115942029</td></tr></tbody></table>","Cotesi","","Twine","Spartan import, department:rope-line-nets, category:twine, Twine, Cotesi","false","draft","64401","","Title","Default Title","","","","","","","","true","","","true","manual","Twine","Rope, Line & Nets","","2.06838115942029","2.06838115942029","","","","","","","","","","","","FEN0044","Fishing Nets & Twines","","","","","","","","","","","","","","","","","","","","","","","","","","","","","","","","",""
"Braided twine Normal NL 6.0/85 M/Kg","braided-twine-normal-nl-6-0-85-m-kg-t6mmnbwc","<table><tbody><tr><th>ERP Product Group</th><td>Fishing Nets &amp; Twines</td></tr><tr><th>Average Net Unit Weight (kg)</th><td>2.0800000000000005</td></tr><tr><th>Average Gross Unit Weight (kg)</th><td>2.0800000000000005</td></tr></tbody></table>","Cotesi","","Twine","Spartan import, department:rope-line-nets, category:twine, Twine, Cotesi","false","draft","T6MMNBWC","","Title","Default Title","","","","","","","","true","","","true","manual","Twine","Rope, Line & Nets","","2.0800000000000005","2.0800000000000005","","","","","","","","","","","","","Fishing Nets & Twines","","","","","","","","","","","","","","","","","","","","","","","","","","","","","","","","",""
"Braided twine Normal NL 6.0/85 M/Kg","braided-twine-normal-nl-6-0-85-m-kg-t6mmnbwc-64401","<table><tbody><tr><th>ERP Product Group</th><td>Fishing Nets &amp; Twines</td></tr><tr><th>Average Net Unit Weight (kg)</th><td>1.995</td></tr><tr><th>Average Gross Unit Weight (kg)</th><td>1.995</td></tr></tbody></table>","Cotesi","","Twine","Spartan import, department:rope-line-nets, category:twine, Twine, Cotesi","false","draft","T6MMNBWC-64401","","Title","Default Title","","","","","","","","true","","","true","manual","Twine","Rope, Line & Nets","","1.995","1.995","","","","","","","","","","","","","Fishing Nets & Twines","","","","","","","","","","","","","","","","","","","","","","","","","","","","","","","","",""
"Braided twine Normal PE 2.5/360M/Kg","braided-twine-normal-pe-2-5-360m-kg-00225","<table><tbody><tr><th>ERP Material Code</th><td>FEN0054</td></tr><tr><th>ERP Product Group</th><td>Fishing Nets &amp; Twines</td></tr><tr><th>Average Net Unit Weight (kg)</th><td>0.9432</td></tr><tr><th>Average Gross Unit Weight (kg)</th><td>0.9432</td></tr></tbody></table>","Cotesi","","Twine","Spartan import, department:rope-line-nets, category:twine, Twine, Cotesi","false","draft","00225","","Title","Default Title","","","","","","","","true","","","true","manual","Twine","Rope, Line & Nets","","0.9432","0.9432","","","","","","","","","","","","FEN0054","Fishing Nets & Twines","","","","","","","","","","","","","","","","","","","","","","","","","","","","","","","","",""
"Braided twine Normal PE 2.5/360M/Kg","braided-twine-normal-pe-2-5-360m-kg-07070007","<table><tbody><tr><th>ERP Product Group</th><td>Fishing Nets &amp; Twines</td></tr><tr><th>Average Net Unit Weight (kg)</th><td>0.9476666666666667</td></tr><tr><th>Average Gross Unit Weight (kg)</th><td>0.9476666666666667</td></tr></tbody></table>","Cotesi","","Twine","Spartan import, department:rope-line-nets, category:twine, Twine, Cotesi","false","draft","07070007","","Title","Default Title","","","","","","","","true","","","true","manual","Twine","Rope, Line & Nets","","0.9476666666666667","0.9476666666666667","","","","","","","","","","","","","Fishing Nets & Twines","","","","","","","","","","","","","","","","","","","","","","","","","","","","","","","","",""
"Braided twine Normal PE 2.5/360M/Kg","braided-twine-normal-pe-2-5-360m-kg-t2-5mmpebbc","<table><tbody><tr><th>ERP Product Group</th><td>Fishing Nets &amp; Twines</td></tr><tr><th>Average Net Unit Weight (kg)</th><td>0.9279999999999999</td></tr><tr><th>Average Gross Unit Weight (kg)</th><td>0.9279999999999999</td></tr></tbody></table>","Cotesi","","Twine","Spartan import, department:rope-line-nets, category:twine, Twine, Cotesi","false","draft","T2.5MMPEBBC","","Title","Default Title","","","","","","","","true","","","true","manual","Twine","Rope, Line & Nets","","0.9279999999999999","0.9279999999999999","","","","","","","","","","","","","Fishing Nets & Twines","","","","","","","","","","","","","","","","","","","","","","","","","","","","","","","","",""
"Braided twine Normal PE 2.5/360M/Kg","braided-twine-normal-pe-2-5-360m-kg-t2-5mmpeboc","<table><tbody><tr><th>ERP Product Group</th><td>Fishing Nets &amp; Twines</td></tr><tr><th>Average Net Unit Weight (kg)</th><td>0.9745587301587302</td></tr><tr><th>Average Gross Unit Weight (kg)</th><td>0.9745587301587302</td></tr></tbody></table>","Cotesi","","Twine","Spartan import, department:rope-line-nets, category:twine, Twine, Cotesi","false","draft","T2.5MMPEBOC","","Title","Default Title","","","","","","","","true","","","true","manual","Twine","Rope, Line & Nets","","0.9745587301587302","0.9745587301587302","","","","","","","","","","","","","Fishing Nets & Twines","","","","","","","","","","","","","","","","","","","","","","","","","","","","","","","","",""
"Braided twine Normal PE 2.5/360M/Kg","braided-twine-normal-pe-2-5-360m-kg-t2-5mmpegc","<table><tbody><tr><th>ERP Product Group</th><td>Fishing Nets &amp; Twines</td></tr><tr><th>Average Net Unit Weight (kg)</th><td>0.9595833333333335</td></tr><tr><th>Average Gross Unit Weight (kg)</th><td>0.9595833333333335</td></tr></tbody></table>","Cotesi","","Twine","Spartan import, department:rope-line-nets, category:twine, Twine, Cotesi","false","draft","T2.5MMPEGC","","Title","Default Title","","","","","","","","true","","","true","manual","Twine","Rope, Line & Nets","","0.9595833333333335","0.9595833333333335","","","","","","","","","","","","","Fishing Nets & Twines","","","","","","","","","","","","","","","","","","","","","","","","","","","","","","","","",""
"Braided twine Normal PE 2.5/360M/Kg","braided-twine-normal-pe-2-5-360m-kg-t2-5mmpegc-00225","<table><tbody><tr><th>ERP Product Group</th><td>Fishing Nets &amp; Twines</td></tr><tr><th>Average Net Unit Weight (kg)</th><td>0.9099999999999999</td></tr><tr><th>Average Gross Unit Weight (kg)</th><td>0.9099999999999999</td></tr></tbody></table>","Cotesi","","Twine","Spartan import, department:rope-line-nets, category:twine, Twine, Cotesi","false","draft","T2,5MMPEGC-00225","","Title","Default Title","","","","","","","","true","","","true","manual","Twine","Rope, Line & Nets","","0.9099999999999999","0.9099999999999999","","","","","","","","","","","","","Fishing Nets & Twines","","","","","","","","","","","","","","","","","","","","","","","","","","","","","","","","",""
"Braided twine Normal PE 3.0/255M/Kg","braided-twine-normal-pe-3-0-255m-kg-00250","<table><tbody><tr><th>ERP Material Code</th><td>FEN0058</td></tr><tr><th>ERP Product Group</th><td>Fishing Nets &amp; Twines</td></tr><tr><th>Average Net Unit Weight (kg)</th><td>0.9666666666666666</td></tr><tr><th>Average Gross Unit Weight (kg)</th><td>0.9666666666666666</td></tr></tbody></table>","Cotesi","","Twine","Spartan import, department:rope-line-nets, category:twine, Twine, Cotesi","false","draft","00250","","Title","Default Title","","","","","","","","true","","","true","manual","Twine","Rope, Line & Nets","","0.9666666666666666","0.9666666666666666","","","","","","","","","","","","FEN0058","Fishing Nets & Twines","","","","","","","","","","","","","","","","","","","","","","","","","","","","","","","","",""
"Braided twine Normal PE 3.0/255M/Kg","braided-twine-normal-pe-3-0-255m-kg-t3mmpebgc","<table><tbody><tr><th>ERP Product Group</th><td>Fishing Nets &amp; Twines</td></tr><tr><th>Average Net Unit Weight (kg)</th><td>1</td></tr><tr><th>Average Gross Unit Weight (kg)</th><td>1</td></tr></tbody></table>","Cotesi","","Twine","Spartan import, department:rope-line-nets, category:twine, Twine, Cotesi","false","draft","T3MMPEBGC","","Title","Default Title","","","","","","","","true","","","true","manual","Twine","Rope, Line & Nets","","1","1","","","","","","","","","","","","","Fishing Nets & Twines","","","","","","","","","","","","","","","","","","","","","","","","","","","","","","","","",""
"Braided twine Normal PE 3.0/255M/Kg","braided-twine-normal-pe-3-0-255m-kg-t3mmpeboc","<table><tbody><tr><th>ERP Product Group</th><td>Fishing Nets &amp; Twines</td></tr><tr><th>Average Net Unit Weight (kg)</th><td>1</td></tr><tr><th>Average Gross Unit Weight (kg)</th><td>1</td></tr></tbody></table>","Cotesi","","Twine","Spartan import, department:rope-line-nets, category:twine, Twine, Cotesi","false","draft","T3MMPEBOC","","Title","Default Title","","","","","","","","true","","","true","manual","Twine","Rope, Line & Nets","","1","1","","","","","","","","","","","","","Fishing Nets & Twines","","","","","","","","","","","","","","","","","","","","","","","","","","","","","","","","",""
"Braided twine Normal PE 3.5/215M/Kg","braided-twine-normal-pe-3-5-215m-kg-07070015","<table><tbody><tr><th>ERP Material Code</th><td>FEN0060</td></tr><tr><th>ERP Product Group</th><td>Fishing Nets &amp; Twines</td></tr><tr><th>Average Net Unit Weight (kg)</th><td>0.9415555555555555</td></tr><tr><th>Average Gross Unit Weight (kg)</th><td>0.9415555555555555</td></tr></tbody></table>","Cotesi","","Twine","Spartan import, department:rope-line-nets, category:twine, Twine, Cotesi","false","draft","07070015","","Title","Default Title","","","","","","","","true","","","true","manual","Twine","Rope, Line & Nets","","0.9415555555555555","0.9415555555555555","","","","","","","","","","","","FEN0060","Fishing Nets & Twines","","","","","","","","","","","","","","","","","","","","","","","","","","","","","","","","",""
"Braided twine Normal PE 3.5/215M/Kg","braided-twine-normal-pe-3-5-215m-kg-t3-5mmpeboc","<table><tbody><tr><th>ERP Product Group</th><td>Fishing Nets &amp; Twines</td></tr><tr><th>Average Net Unit Weight (kg)</th><td>0.9500000000000001</td></tr><tr><th>Average Gross Unit Weight (kg)</th><td>0.9500000000000001</td></tr></tbody></table>","Cotesi","","Twine","Spartan import, department:rope-line-nets, category:twine, Twine, Cotesi","false","draft","T3.5MMPEBOC","","Title","Default Title","","","","","","","","true","","","true","manual","Twine","Rope, Line & Nets","","0.9500000000000001","0.9500000000000001","","","","","","","","","","","","","Fishing Nets & Twines","","","","","","","","","","","","","","","","","","","","","","","","","","","","","","","","",""
"Braided twine Normal PE 3.5/215M/Kg","braided-twine-normal-pe-3-5-215m-kg-t3-5mmpeboc-07070015","<table><tbody><tr><th>ERP Product Group</th><td>Fishing Nets &amp; Twines</td></tr><tr><th>Average Net Unit Weight (kg)</th><td>0.92</td></tr><tr><th>Average Gross Unit Weight (kg)</th><td>0.92</td></tr></tbody></table>","Cotesi","","Twine","Spartan import, department:rope-line-nets, category:twine, Twine, Cotesi","false","draft","T3,5MMPEBOC-07070015","","Title","Default Title","","","","","","","","true","","","true","manual","Twine","Rope, Line & Nets","","0.92","0.92","","","","","","","","","","","","","Fishing Nets & Twines","","","","","","","","","","","","","","","","","","","","","","","","","","","","","","","","",""
"Braided twine Normal PE 4.0/190M/Kg","braided-twine-normal-pe-4-0-190m-kg-t4mmpebgc","<table><tbody><tr><th>ERP Material Code</th><td>FEN0062</td></tr><tr><th>ERP Product Group</th><td>Fishing Nets &amp; Twines</td></tr><tr><th>Average Net Unit Weight (kg)</th><td>2.0422448979591836</td></tr><tr><th>Average Gross Unit Weight (kg)</th><td>2.0422448979591836</td></tr></tbody></table>","Cotesi","","Twine","Spartan import, department:rope-line-nets, category:twine, Twine, Cotesi","false","draft","T4MMPEBGC","","Title","Default Title","","","","","","","","true","","","true","manual","Twine","Rope, Line & Nets","","2.0422448979591836","2.0422448979591836","","","","","","","","","","","","FEN0062","Fishing Nets & Twines","","","","","","","","","","","","","","","","","","","","","","","","","","","","","","","","",""
"Braided twine Normal PE 6.0/71 M/Kg","braided-twine-normal-pe-6-0-71-m-kg-64351","<table><tbody><tr><th>ERP Material Code</th><td>FEN0075</td></tr><tr><th>ERP Product Group</th><td>Fishing Nets &amp; Twines</td></tr><tr><th>Average Net Unit Weight (kg)</th><td>2.0584166666666666</td></tr><tr><th>Average Gross Unit Weight (kg)</th><td>2.0584166666666666</td></tr></tbody></table>","Cotesi","","Twine","Spartan import, department:rope-line-nets, category:twine, Twine, Cotesi","false","draft","64351","","Title","Default Title","","","","","","","","true","","","true","manual","Twine","Rope, Line & Nets","","2.0584166666666666","2.0584166666666666","","","","","","","","","","","","FEN0075","Fishing Nets & Twines","","","","","","","","","","","","","","","","","","","","","","","","","","","","","","","","",""
"Braided twine Normal PE 6.0/71 M/Kg","braided-twine-normal-pe-6-0-71-m-kg-t6mmpebgc","<table><tbody><tr><th>ERP Product Group</th><td>Fishing Nets &amp; Twines</td></tr><tr><th>Average Net Unit Weight (kg)</th><td>2.0145604395604395</td></tr><tr><th>Average Gross Unit Weight (kg)</th><td>2.0145604395604395</td></tr></tbody></table>","Cotesi","","Twine","Spartan import, department:rope-line-nets, category:twine, Twine, Cotesi","false","draft","T6MMPEBGC","","Title","Default Title","","","","","","","","true","","","true","manual","Twine","Rope, Line & Nets","","2.0145604395604395","2.0145604395604395","","","","","","","","","","","","","Fishing Nets & Twines","","","","","","","","","","","","","","","","","","","","","","","","","","","","","","","","",""
"Braided twine Normal PE 8.0/38 M/Kg","braided-twine-normal-pe-8-0-38-m-kg-195","<table><tbody><tr><th>ERP Material Code</th><td>FEN0076</td></tr><tr><th>ERP Product Group</th><td>Fishing Nets &amp; Twines</td></tr><tr><th>Average Net Unit Weight (kg)</th><td>4.29</td></tr><tr><th>Average Gross Unit Weight (kg)</th><td>4.29</td></tr></tbody></table>","Cotesi","","Twine","Spartan import, department:rope-line-nets, category:twine, Twine, Cotesi","false","draft","","","Title","Default Title","","","","","","","","true","","","true","manual","Twine","Rope, Line & Nets","","4.29","4.29","","","","","","","","","","","","FEN0076","Fishing Nets & Twines","","","","","","","","","","","","","","","","","","","","","","","","","","","","","","","","",""
"Braided twine Normal PE 8.0/38 M/Kg","braided-twine-normal-pe-8-0-38-m-kg-07070013","<table><tbody><tr><th>ERP Product Group</th><td>Fishing Nets &amp; Twines</td></tr><tr><th>Average Net Unit Weight (kg)</th><td>4.564703594508472</td></tr><tr><th>Average Gross Unit Weight (kg)</th><td>4.564703594508472</td></tr></tbody></table>","Cotesi","","Twine","Spartan import, department:rope-line-nets, category:twine, Twine, Cotesi","false","draft","07070013","","Title","Default Title","","","","","","","","true","","","true","manual","Twine","Rope, Line & Nets","","4.564703594508472","4.564703594508472","","","","","","","","","","","","","Fishing Nets & Twines","","","","","","","","","","","","","","","","","","","","","","","","","","","","","","","","",""
"Braided twine Normal PE 8.0/38 M/Kg","braided-twine-normal-pe-8-0-38-m-kg-07070018","<table><tbody><tr><th>ERP Product Group</th><td>Fishing Nets &amp; Twines</td></tr><tr><th>Average Net Unit Weight (kg)</th><td>1.0333333333333334</td></tr><tr><th>Average Gross Unit Weight (kg)</th><td>1.0333333333333334</td></tr></tbody></table>","Cotesi","","Twine","Spartan import, department:rope-line-nets, category:twine, Twine, Cotesi","false","draft","07070018","","Title","Default Title","","","","","","","","true","","","true","manual","Twine","Rope, Line & Nets","","1.0333333333333334","1.0333333333333334","","","","","","","","","","","","","Fishing Nets & Twines","","","","","","","","","","","","","","","","","","","","","","","","","","","","","","","","",""
"Braided twine Normal PE 8.0/38 M/Kg","braided-twine-normal-pe-8-0-38-m-kg-t8mmpeb10oc","<table><tbody><tr><th>ERP Product Group</th><td>Fishing Nets &amp; Twines</td></tr><tr><th>Average Net Unit Weight (kg)</th><td>4.592640137640138</td></tr><tr><th>Average Gross Unit Weight (kg)</th><td>4.592640137640138</td></tr></tbody></table>","Cotesi","","Twine","Spartan import, department:rope-line-nets, category:twine, Twine, Cotesi","false","draft","T8MMPEB10OC","","Title","Default Title","","","","","","","","true","","","true","manual","Twine","Rope, Line & Nets","","4.592640137640138","4.592640137640138","","","","","","","","","","","","","Fishing Nets & Twines","","","","","","","","","","","","","","","","","","","","","","","","","","","","","","","","",""
"Braided twine Redline Pro PE 4.0/127M/Kg","braided-twine-redline-pro-pe-4-0-127m-kg-03160538","<table><tbody><tr><th>ERP Material Code</th><td>FEN0104</td></tr><tr><th>ERP Product Group</th><td>Fishing Nets &amp; Twines</td></tr><tr><th>Average Net Unit Weight (kg)</th><td>0.9279999999999999</td></tr><tr><th>Average Gross Unit Weight (kg)</th><td>0.9279999999999999</td></tr></tbody></table>","Cotesi","","Twine","Spartan import, department:rope-line-nets, category:twine, Twine, Cotesi","false","draft","03160538","","Title","Default Title","","","","","","","","true","","","true","manual","Twine","Rope, Line & Nets","","0.9279999999999999","0.9279999999999999","","","","","","","","","","","","FEN0104","Fishing Nets & Twines","","","","","","","","","","","","","","","","","","","","","","","","","","","","","","","","",""
"Braided twine Redline Pro PE 4.0/127M/Kg","braided-twine-redline-pro-pe-4-0-127m-kg-07070102","<table><tbody><tr><th>ERP Product Group</th><td>Fishing Nets &amp; Twines</td></tr><tr><th>Average Net Unit Weight (kg)</th><td>0.9699891598915991</td></tr><tr><th>Average Gross Unit Weight (kg)</th><td>0.9699891598915991</td></tr></tbody></table>","Cotesi","","Twine","Spartan import, department:rope-line-nets, category:twine, Twine, Cotesi","false","draft","07070102","","Title","Default Title","","","","","","","","true","","","true","manual","Twine","Rope, Line & Nets","","0.9699891598915991","0.9699891598915991","","","","","","","","","","","","","Fishing Nets & Twines","","","","","","","","","","","","","","","","","","","","","","","","","","","","","","","","",""
"Braided twine Redline Pro PE 6.0/60 M/Kg","braided-twine-redline-pro-pe-6-0-60-m-kg-03160537","<table><tbody><tr><th>ERP Material Code</th><td>FEN0109</td></tr><tr><th>ERP Product Group</th><td>Fishing Nets &amp; Twines</td></tr><tr><th>Average Net Unit Weight (kg)</th><td>2.0431818181818184</td></tr><tr><th>Average Gross Unit Weight (kg)</th><td>2.0431818181818184</td></tr></tbody></table>","Cotesi","","Twine","Spartan import, department:rope-line-nets, category:twine, Twine, Cotesi","false","draft","03160537","","Title","Default Title","","","","","","","","true","","","true","manual","Twine","Rope, Line & Nets","","2.0431818181818184","2.0431818181818184","","","","","","","","","","","","FEN0109","Fishing Nets & Twines","","","","","","","","","","","","","","","","","","","","","","","","","","","","","","","","",""
"Braided twine Redline Pro PE 6.0/60 M/Kg","braided-twine-redline-pro-pe-6-0-60-m-kg-07070103","<table><tbody><tr><th>ERP Product Group</th><td>Fishing Nets &amp; Twines</td></tr><tr><th>Average Net Unit Weight (kg)</th><td>0.9642857142857143</td></tr><tr><th>Average Gross Unit Weight (kg)</th><td>0.9642857142857143</td></tr></tbody></table>","Cotesi","","Twine","Spartan import, department:rope-line-nets, category:twine, Twine, Cotesi","false","draft","07070103","","Title","Default Title","","","","","","","","true","","","true","manual","Twine","Rope, Line & Nets","","0.9642857142857143","0.9642857142857143","","","","","","","","","","","","","Fishing Nets & Twines","","","","","","","","","","","","","","","","","","","","","","","","","","","","","","","","",""
"BRUSH BOAT 6-3/4INX3INX1-1/8IN BLUE POLY","brush-boat-6-3-4inx3inx1-1-8in-blue-poly-4451","<table><tbody><tr><th>Size (in)</th><td>15 x 21 x 8</td></tr></tbody></table>","MULTI BROSSES INC","","Brushes","Spartan import, department:maintenance-supplies, category:brushes, Brushes, MULTI BROSSES INC","false","draft","4451","","Title","Default Title","","","","","","","","true","6804","g","true","manual","Brushes","Maintenance & Supplies","","","","","","","","","","","","","","","","","","","","","","","","","","","","","","","","15 x 21 x 8","","","","","","","","","","","","","","","","",""
"BRUSH UTILITY 9IN C/W-HANDLE WHITE","brush-utility-9in-c-w-handle-white-0637","<table><tbody><tr><th>Size (in)</th><td>11 x 12 x 10</td></tr></tbody></table>","MULTI BROSSES INC","","Brushes","Spartan import, department:maintenance-supplies, category:brushes, Brushes, MULTI BROSSES INC","false","draft","0637","","Title","Default Title","","","","","","","","true","2722","g","true","manual","Brushes","Maintenance & Supplies","","","","","","","","","","","","","","","","","","","","","","","","","","","","","","","","11 x 12 x 10","","","","","","","","","","","","","","","","",""
"BRUSH UTILITY 20IN C/W-HANDLE WHITE","brush-utility-20in-c-w-handle-white-0647","<table><tbody><tr><th>Size (in)</th><td>14 x 25 x 11</td></tr></tbody></table>","MULTI BROSSES INC","","Brushes","Spartan import, department:maintenance-supplies, category:brushes, Brushes, MULTI BROSSES INC","false","draft","0647","","Title","Default Title","","","","","","","","true","8165","g","true","manual","Brushes","Maintenance & Supplies","","","","","","","","","","","","","","","","","","","","","","","","","","","","","","","","14 x 25 x 11","","","","","","","","","","","","","","","","",""
"BRUSH UTILITY C/W-LONG-HANDLE BLUE","brush-utility-c-w-long-handle-blue-0642","<table><tbody><tr><th>Size (in)</th><td>14 x 25 x 11</td></tr></tbody></table>","MULTI BROSSES INC","","Brushes","Spartan import, department:maintenance-supplies, category:brushes, Brushes, MULTI BROSSES INC","false","draft","0642","","Title","Default Title","","","","","","","","true","7711","g","true","manual","Brushes","Maintenance & Supplies","","","","","","","","","","","","","","","","","","","","","","","","","","","","","","","","14 x 25 x 11","","","","","","","","","","","","","","","","",""
"BUOY FENDER F1 CLASSIC 610MM X 150MM WHI","buoy-fender-f1-classic-610mm-x-150mm-whi-f1-white","<table><tbody><tr><th>Box Dimensions (L × W × H, m)</th><td>0,81 x 0,395 x 0,32</td></tr></tbody></table>","POLYFORM AS","","Fenders","Spartan import, department:safety-buoys-survival, category:fenders, Fenders, POLYFORM AS","false","draft","F1-WHITE","","Title","Default Title","","","","","","","","true","22860","g","true","manual","Fenders","Safety, Buoys & Survival","","","","0,81 x 0,395 x 0,32","","","","","","","","","","","","","","","","","","","","","","","","","","","","","","","","","","","","","","","","","","","","",""
"BUOY FENDER F2 CLASSIC 610MM X 220MM WHI","buoy-fender-f2-classic-610mm-x-220mm-whi-f2-white","<table><tbody><tr><th>Box Dimensions (L × W × H, m)</th><td>0,81 x 0,395 x 0,32</td></tr></tbody></table>","POLYFORM AS","","Fenders","Spartan import, department:safety-buoys-survival, category:fenders, Fenders, POLYFORM AS","false","draft","F2-WHITE","","Title","Default Title","","","","","","","","true","19039","g","true","manual","Fenders","Safety, Buoys & Survival","","","","0,81 x 0,395 x 0,32","","","","","","","","","","","","","","","","","","","","","","","","","","","","","","","","","","","","","","","","","","","","",""
"BUOY FENDER F3 CLASSIC 745MM X 220MM WHI","buoy-fender-f3-classic-745mm-x-220mm-whi-f3-white","<table><tbody><tr><th>Box Dimensions (L × W × H, m)</th><td>0,81 x 0,395 x 0,33</td></tr></tbody></table>","POLYFORM AS","","Fenders","Spartan import, department:safety-buoys-survival, category:fenders, Fenders, POLYFORM AS","false","draft","F3-WHITE","","Title","Default Title","","","","","","","","true","22439","g","true","manual","Fenders","Safety, Buoys & Survival","","","","0,81 x 0,395 x 0,33","","","","","","","","","","","","","","","","","","","","","","","","","","","","","","","","","","","","","","","","","","","","",""
"BUOY FENDER F4 CLASSIC 1040MM X 220MM WH","buoy-fender-f4-classic-1040mm-x-220mm-wh-f4-white","<table><tbody><tr><th>Box Dimensions (L × W × H, m)</th><td>0,95 x 0,435 x 0,445</td></tr></tbody></table>","POLYFORM AS","","Fenders","Spartan import, department:safety-buoys-survival, category:fenders, Fenders, POLYFORM AS","false","draft","F4-WHITE","","Title","Default Title","","","","","","","","true","31260","g","true","manual","Fenders","Safety, Buoys & Survival","","","","0,95 x 0,435 x 0,445","","","","","","","","","","","","","","","","","","","","","","","","","","","","","","","","","","","","","","","","","","","","",""
"BUOY FENDER F5 CLASSIC 775MM X 290MM WHI","buoy-fender-f5-classic-775mm-x-290mm-whi-f5-white","<table><tbody><tr><th>Box Dimensions (L × W × H, m)</th><td>0,595 x 0,58 x 0,42</td></tr></tbody></table>","POLYFORM AS","","Fenders","Spartan import, department:safety-buoys-survival, category:fenders, Fenders, POLYFORM AS","false","draft","F5-WHITE","","Title","Default Title","","","","","","","","true","33022","g","true","manual","Fenders","Safety, Buoys & Survival","","","","0,595 x 0,58 x 0,42","","","","","","","","","","","","","","","","","","","","","","","","","","","","","","","","","","","","","","","","","","","","",""
"BUOY FENDER F6 CLASSIC 1090MM X 290MM WH","buoy-fender-f6-classic-1090mm-x-290mm-wh-f6-white","<table><tbody><tr><th>Box Dimensions (L × W × H, m)</th><td>0,95 x 0,435 x 0,445</td></tr></tbody></table>","POLYFORM AS","","Fenders","Spartan import, department:safety-buoys-survival, category:fenders, Fenders, POLYFORM AS","false","draft","F6-WHITE","","Title","Default Title","","","","","","","","true","48756","g","true","manual","Fenders","Safety, Buoys & Survival","","","","0,95 x 0,435 x 0,445","","","","","","","","","","","","","","","","","","","","","","","","","","","","","","","","","","","","","","","","","","","","",""
"BUOY FENDER F7 CLASSIC 1020MM X 375MM WH","buoy-fender-f7-classic-1020mm-x-375mm-wh-f7-white","<table><tbody><tr><th>Box Dimensions (L × W × H, m)</th><td>0,95 x 0,435 x 0,445</td></tr></tbody></table>","POLYFORM AS","","Fenders","Spartan import, department:safety-buoys-survival, category:fenders, Fenders, POLYFORM AS","false","draft","F7-WHITE","","Title","Default Title","","","","","","","","true","33756","g","true","manual","Fenders","Safety, Buoys & Survival","","","","0,95 x 0,435 x 0,445","","","","","","","","","","","","","","","","","","","","","","","","","","","","","","","","","","","","","","","","","","","","",""
"BUOY FENDER F8 CLASSIC 1440MM X 375MM WH","buoy-fender-f8-classic-1440mm-x-375mm-wh-f8-white","<table><tbody><tr><th>Box Dimensions (L × W × H, m)</th><td>1,43 x 0,63 x 0,36</td></tr></tbody></table>","POLYFORM AS","","Fenders","Spartan import, department:safety-buoys-survival, category:fenders, Fenders, POLYFORM AS","false","draft","F8-WHITE","","Title","Default Title","","","","","","","","true","43000","g","true","manual","Fenders","Safety, Buoys & Survival","","","","1,43 x 0,63 x 0,36","","","","","","","","","","","","","","","","","","","","","","","","","","","","","","","","","","","","","","","","","","","","",""
"BUOY FENDER F11 CLASSIC 1455MM X 590MM W","buoy-fender-f11-classic-1455mm-x-590mm-w-f11-white","<table><tbody><tr><th>Box Dimensions (L × W × H, m)</th><td>1,43 x 0,63 x 0,36</td></tr></tbody></table>","POLYFORM AS","","Fenders","Spartan import, department:safety-buoys-survival, category:fenders, Fenders, POLYFORM AS","false","draft","F11-WHITE","","Title","Default Title","","","","","","","","true","36600","g","true","manual","Fenders","Safety, Buoys & Survival","","","","1,43 x 0,63 x 0,36","","","","","","","","","","","","","","","","","","","","","","","","","","","","","","","","","","","","","","","","","","","","",""
"BUOY FENDER G2 407MM X 117MM WHITE","buoy-fender-g2-407mm-x-117mm-white-g2-white","<table><tbody><tr><th>Box Dimensions (L × W × H, m)</th><td>0,35 x 0,4 x 0,34</td></tr></tbody></table>","POLYFORM AS","","Fenders","Spartan import, department:safety-buoys-survival, category:fenders, Fenders, POLYFORM AS","false","draft","G2-WHITE","","Title","Default Title","","","","","","","","true","10795","g","true","manual","Fenders","Safety, Buoys & Survival","","","","0,35 x 0,4 x 0,34","","","","","","","","","","","","","","","","","","","","","","","","","","","","","","","","","","","","","","","","","","","","",""
"BUOY FENDER G3 515MM X 145MM WHITE","buoy-fender-g3-515mm-x-145mm-white-g3-white","<table><tbody><tr><th>Box Dimensions (L × W × H, m)</th><td>0,81 x 0,395 x 0,32</td></tr></tbody></table>","POLYFORM AS","","Fenders","Spartan import, department:safety-buoys-survival, category:fenders, Fenders, POLYFORM AS","false","draft","G3-WHITE","","Title","Default Title","","","","","","","","true","21339","g","true","manual","Fenders","Safety, Buoys & Survival","","","","0,81 x 0,395 x 0,32","","","","","","","","","","","","","","","","","","","","","","","","","","","","","","","","","","","","","","","","","","","","",""
"BUOY FENDER G4 585MM X 170MM WHITE","buoy-fender-g4-585mm-x-170mm-white-g4-white","<table><tbody><tr><th>Box Dimensions (L × W × H, m)</th><td>0,81 x 0,395 x 0,32</td></tr></tbody></table>","POLYFORM AS","","Fenders","Spartan import, department:safety-buoys-survival, category:fenders, Fenders, POLYFORM AS","false","draft","G4-WHITE","","Title","Default Title","","","","","","","","true","23339","g","true","manual","Fenders","Safety, Buoys & Survival","","","","0,81 x 0,395 x 0,32","","","","","","","","","","","","","","","","","","","","","","","","","","","","","","","","","","","","","","","","","","","","",""
"BUOY FENDER G5 705MM X 215MM WHITE","buoy-fender-g5-705mm-x-215mm-white-g5-white","<table><tbody><tr><th>Box Dimensions (L × W × H, m)</th><td>0,81 x 0,395 x 0,32</td></tr></tbody></table>","POLYFORM AS","","Fenders","Spartan import, department:safety-buoys-survival, category:fenders, Fenders, POLYFORM AS","false","draft","G5-WHITE","","Title","Default Title","","","","","","","","true","16339","g","true","manual","Fenders","Safety, Buoys & Survival","","","","0,81 x 0,395 x 0,32","","","","","","","","","","","","","","","","","","","","","","","","","","","","","","","","","","","","","","","","","","","","",""
"BUOY LOW DRAG HL-1 470MM X 230MM NORWAY","buoy-low-drag-hl-1-470mm-x-230mm-norway-hl1-red-norway","<table><tbody><tr><th>Box Dimensions (L × W × H, m)</th><td>0,81 x 0,395 x 0,32</td></tr></tbody></table>","POLYFORM AS","","Buoys","Spartan import, department:safety-buoys-survival, category:buoys, Buoys, POLYFORM AS","false","draft","HL1-RED-NORWAY","","Title","Default Title","","","","","","","","true","15720","g","true","manual","Buoys","Safety, Buoys & Survival","","","","0,81 x 0,395 x 0,32","","","","","","","","","","","","","","","","","","","","","","","","","","","","","","","","","","","","","","","","","","","","",""
"BUOY LOW DRAG HL-1 470MM X 230MM ORANGE","buoy-low-drag-hl-1-470mm-x-230mm-orange-hl1-orange","<table><tbody><tr><th>Box Dimensions (L × W × H, m)</th><td>0,81 x 0,395 x 0,32</td></tr></tbody></table>","POLYFORM AS","","Buoys","Spartan import, department:safety-buoys-survival, category:buoys, Buoys, POLYFORM AS","false","draft","HL1-ORANGE","","Title","Default Title","","","","","","","","true","15720","g","true","manual","Buoys","Safety, Buoys & Survival","","","","0,81 x 0,395 x 0,32","","","","","","","","","","","","","","","","","","","","","","","","","","","","","","","","","","","","","","","","","","","","",""
"BUOY LOW DRAG HL-1 470MM X 230MM RASPBER","buoy-low-drag-hl-1-470mm-x-230mm-raspber-hl1-red-raspberry","<table><tbody><tr><th>Box Dimensions (L × W × H, m)</th><td>0,81 x 0,395 x 0,32</td></tr></tbody></table>","POLYFORM AS","","Buoys","Spartan import, department:safety-buoys-survival, category:buoys, Buoys, POLYFORM AS","false","draft","HL1-RED-RASPBERRY","","Title","Default Title","","","","","","","","true","15720","g","true","manual","Buoys","Safety, Buoys & Survival","","","","0,81 x 0,395 x 0,32","","","","","","","","","","","","","","","","","","","","","","","","","","","","","","","","","","","","","","","","","","","","",""
"BUOY LOW DRAG HL-1 470MM X 230MM SATURN","buoy-low-drag-hl-1-470mm-x-230mm-saturn-hl1-saturn-yellow","<table><tbody><tr><th>Box Dimensions (L × W × H, m)</th><td>0,81 x 0,395 x 0,32</td></tr></tbody></table>","POLYFORM AS","","Buoys","Spartan import, department:safety-buoys-survival, category:buoys, Buoys, POLYFORM AS","false","draft","HL1-SATURN YELLOW","","Title","Default Title","","","","","","","","true","15720","g","true","manual","Buoys","Safety, Buoys & Survival","","","","0,81 x 0,395 x 0,32","","","","","","","","","","","","","","","","","","","","","","","","","","","","","","","","","","","","","","","","","","","","",""
"BUOY LOW DRAG HL-1 470MM X 230MM WHITE","buoy-low-drag-hl-1-470mm-x-230mm-white-hl1-white","<table><tbody><tr><th>Box Dimensions (L × W × H, m)</th><td>0,81 x 0,395 x 0,32</td></tr></tbody></table>","POLYFORM AS","","Buoys","Spartan import, department:safety-buoys-survival, category:buoys, Buoys, POLYFORM AS","false","draft","HL1-WHITE","","Title","Default Title","","","","","","","","true","15720","g","true","manual","Buoys","Safety, Buoys & Survival","","","","0,81 x 0,395 x 0,32","","","","","","","","","","","","","","","","","","","","","","","","","","","","","","","","","","","","","","","","","","","","",""
"BUOY LOW DRAG HL-1 470MM X 230MM YELLOW","buoy-low-drag-hl-1-470mm-x-230mm-yellow-hl1-yellow","<table><tbody><tr><th>Box Dimensions (L × W × H, m)</th><td>0,81 x 0,395 x 0,32</td></tr></tbody></table>","POLYFORM AS","","Buoys","Spartan import, department:safety-buoys-survival, category:buoys, Buoys, POLYFORM AS","false","draft","HL1-YELLOW","","Title","Default Title","","","","","","","","true","15720","g","true","manual","Buoys","Safety, Buoys & Survival","","","","0,81 x 0,395 x 0,32","","","","","","","","","","","","","","","","","","","","","","","","","","","","","","","","","","","","","","","","","","","","",""
"BUOY LOW DRAG HL-2 620MM X 300MM GREEN","buoy-low-drag-hl-2-620mm-x-300mm-green-hl2-green","<table><tbody><tr><th>Box Dimensions (L × W × H, m)</th><td>0,81 x 0,395 x 0,32</td></tr></tbody></table>","POLYFORM AS","","Buoys","Spartan import, department:safety-buoys-survival, category:buoys, Buoys, POLYFORM AS","false","draft","HL2-GREEN","","Title","Default Title","","","","","","","","true","18340","g","true","manual","Buoys","Safety, Buoys & Survival","","","","0,81 x 0,395 x 0,32","","","","","","","","","","","","","","","","","","","","","","","","","","","","","","","","","","","","","","","","","","","","",""
"BUOY LOW DRAG HL-2 620MM X 300MM NORWAY","buoy-low-drag-hl-2-620mm-x-300mm-norway-hl2-red-norway","<table><tbody><tr><th>Box Dimensions (L × W × H, m)</th><td>0,81 x 0,395 x 0,32</td></tr></tbody></table>","POLYFORM AS","","Buoys","Spartan import, department:safety-buoys-survival, category:buoys, Buoys, POLYFORM AS","false","draft","HL2-RED-NORWAY","","Title","Default Title","","","","","","","","true","18340","g","true","manual","Buoys","Safety, Buoys & Survival","","","","0,81 x 0,395 x 0,32","","","","","","","","","","","","","","","","","","","","","","","","","","","","","","","","","","","","","","","","","","","","",""
"BUOY LOW DRAG HL-2 620MM X 300MM ORANGE","buoy-low-drag-hl-2-620mm-x-300mm-orange-hl2-orange","<table><tbody><tr><th>Box Dimensions (L × W × H, m)</th><td>0,81 x 0,395 x 0,32</td></tr></tbody></table>","POLYFORM AS","","Buoys","Spartan import, department:safety-buoys-survival, category:buoys, Buoys, POLYFORM AS","false","draft","HL2-ORANGE","","Title","Default Title","","","","","","","","true","18340","g","true","manual","Buoys","Safety, Buoys & Survival","","","","0,81 x 0,395 x 0,32","","","","","","","","","","","","","","","","","","","","","","","","","","","","","","","","","","","","","","","","","","","","",""
"BUOY LOW DRAG HL-2 620MM X 300MM RASPBER","buoy-low-drag-hl-2-620mm-x-300mm-raspber-hl2-red-raspberry","<table><tbody><tr><th>Box Dimensions (L × W × H, m)</th><td>0,81 x 0,395 x 0,32</td></tr></tbody></table>","POLYFORM AS","","Buoys","Spartan import, department:safety-buoys-survival, category:buoys, Buoys, POLYFORM AS","false","draft","HL2-RED-RASPBERRY","","Title","Default Title","","","","","","","","true","18340","g","true","manual","Buoys","Safety, Buoys & Survival","","","","0,81 x 0,395 x 0,32","","","","","","","","","","","","","","","","","","","","","","","","","","","","","","","","","","","","","","","","","","","","",""
"BUOY LOW DRAG HL-2 620MM X 300MM SATURN","buoy-low-drag-hl-2-620mm-x-300mm-saturn-hl2-saturn-yellow","<table><tbody><tr><th>Box Dimensions (L × W × H, m)</th><td>0,81 x 0,395 x 0,32</td></tr></tbody></table>","POLYFORM AS","","Buoys","Spartan import, department:safety-buoys-survival, category:buoys, Buoys, POLYFORM AS","false","draft","HL2-SATURN YELLOW","","Title","Default Title","","","","","","","","true","18340","g","true","manual","Buoys","Safety, Buoys & Survival","","","","0,81 x 0,395 x 0,32","","","","","","","","","","","","","","","","","","","","","","","","","","","","","","","","","","","","","","","","","","","","",""
"BUOY LOW DRAG HL-2 620MM X 300MM WHITE","buoy-low-drag-hl-2-620mm-x-300mm-white-hl2-white","<table><tbody><tr><th>Box Dimensions (L × W × H, m)</th><td>0,81 x 0,395 x 0,32</td></tr></tbody></table>","POLYFORM AS","","Buoys","Spartan import, department:safety-buoys-survival, category:buoys, Buoys, POLYFORM AS","false","draft","HL2-WHITE","","Title","Default Title","","","","","","","","true","18340","g","true","manual","Buoys","Safety, Buoys & Survival","","","","0,81 x 0,395 x 0,32","","","","","","","","","","","","","","","","","","","","","","","","","","","","","","","","","","","","","","","","","","","","",""
"BUOY LOW DRAG HL-2 620MM X 300MM YELLOW","buoy-low-drag-hl-2-620mm-x-300mm-yellow-hl2-yellow","<table><tbody><tr><th>Box Dimensions (L × W × H, m)</th><td>0,81 x 0,395 x 0,32</td></tr></tbody></table>","POLYFORM AS","","Buoys","Spartan import, department:safety-buoys-survival, category:buoys, Buoys, POLYFORM AS","false","draft","HL2-YELLOW","","Title","Default Title","","","","","","","","true","18340","g","true","manual","Buoys","Safety, Buoys & Survival","","","","0,81 x 0,395 x 0,32","","","","","","","","","","","","","","","","","","","","","","","","","","","","","","","","","","","","","","","","","","","","",""
"BUOY LOW DRAG HL-3 745MM X 350MM NORWAY","buoy-low-drag-hl-3-745mm-x-350mm-norway-hl3-red-norway","<table><tbody><tr><th>Box Dimensions (L × W × H, m)</th><td>0,81 x 0,395 x 0,32</td></tr></tbody></table>","POLYFORM AS","","Buoys","Spartan import, department:safety-buoys-survival, category:buoys, Buoys, POLYFORM AS","false","draft","HL3-RED-NORWAY","","Title","Default Title","","","","","","","","true","17500","g","true","manual","Buoys","Safety, Buoys & Survival","","","","0,81 x 0,395 x 0,32","","","","","","","","","","","","","","","","","","","","","","","","","","","","","","","","","","","","","","","","","","","","",""
"BUOY LOW DRAG HL-3 745MM X 350MM ORANGE","buoy-low-drag-hl-3-745mm-x-350mm-orange-hl3-orange","<table><tbody><tr><th>Box Dimensions (L × W × H, m)</th><td>0,81 x 0,395 x 0,32</td></tr></tbody></table>","POLYFORM AS","","Buoys","Spartan import, department:safety-buoys-survival, category:buoys, Buoys, POLYFORM AS","false","draft","HL3-ORANGE","","Title","Default Title","","","","","","","","true","17500","g","true","manual","Buoys","Safety, Buoys & Survival","","","","0,81 x 0,395 x 0,32","","","","","","","","","","","","","","","","","","","","","","","","","","","","","","","","","","","","","","","","","","","","",""
"BUOY LOW DRAG HL-3 745MM X 350MM RASPBER","buoy-low-drag-hl-3-745mm-x-350mm-raspber-hl3-red-raspberry","<table><tbody><tr><th>Box Dimensions (L × W × H, m)</th><td>0,81 x 0,395 x 0,32</td></tr></tbody></table>","POLYFORM AS","","Buoys","Spartan import, department:safety-buoys-survival, category:buoys, Buoys, POLYFORM AS","false","draft","HL3-RED-RASPBERRY","","Title","Default Title","","","","","","","","true","17500","g","true","manual","Buoys","Safety, Buoys & Survival","","","","0,81 x 0,395 x 0,32","","","","","","","","","","","","","","","","","","","","","","","","","","","","","","","","","","","","","","","","","","","","",""
"BUOY LOW DRAG HL-3 745MM X 350MM SATURN","buoy-low-drag-hl-3-745mm-x-350mm-saturn-hl3-saturn-yellow","<table><tbody><tr><th>Box Dimensions (L × W × H, m)</th><td>0,81 x 0,395 x 0,32</td></tr></tbody></table>","POLYFORM AS","","Buoys","Spartan import, department:safety-buoys-survival, category:buoys, Buoys, POLYFORM AS","false","draft","HL3-SATURN YELLOW","","Title","Default Title","","","","","","","","true","17500","g","true","manual","Buoys","Safety, Buoys & Survival","","","","0,81 x 0,395 x 0,32","","","","","","","","","","","","","","","","","","","","","","","","","","","","","","","","","","","","","","","","","","","","",""
"BUOY LOW DRAG HL-3 745MM X 350MM WHITE","buoy-low-drag-hl-3-745mm-x-350mm-white-hl3-white","<table><tbody><tr><th>Box Dimensions (L × W × H, m)</th><td>0,81 x 0,395 x 0,32</td></tr></tbody></table>","POLYFORM AS","","Buoys","Spartan import, department:safety-buoys-survival, category:buoys, Buoys, POLYFORM AS","false","draft","HL3-WHITE","","Title","Default Title","","","","","","","","true","17500","g","true","manual","Buoys","Safety, Buoys & Survival","","","","0,81 x 0,395 x 0,32","","","","","","","","","","","","","","","","","","","","","","","","","","","","","","","","","","","","","","","","","","","","",""
"BUOY LOW DRAG HL-3 745MM X 350MM YELLOW","buoy-low-drag-hl-3-745mm-x-350mm-yellow-hl3-yellow","<table><tbody><tr><th>Box Dimensions (L × W × H, m)</th><td>0,81 x 0,395 x 0,32</td></tr></tbody></table>","POLYFORM AS","","Buoys","Spartan import, department:safety-buoys-survival, category:buoys, Buoys, POLYFORM AS","false","draft","HL3-YELLOW","","Title","Default Title","","","","","","","","true","17500","g","true","manual","Buoys","Safety, Buoys & Survival","","","","0,81 x 0,395 x 0,32","","","","","","","","","","","","","","","","","","","","","","","","","","","","","","","","","","","","","","","","","","","","",""
"BUOY LOW DRAG HL-4 400MM X 950MM GREEN","buoy-low-drag-hl-4-400mm-x-950mm-green-hl4-green","<table><tbody><tr><th>Box Dimensions (L × W × H, m)</th><td>0,95 x 0,435 x 0,445</td></tr></tbody></table>","POLYFORM AS","","Buoys","Spartan import, department:safety-buoys-survival, category:buoys, Buoys, POLYFORM AS","false","draft","HL4-GREEN","","Title","Default Title","","","","","","","","true","33756","g","true","manual","Buoys","Safety, Buoys & Survival","","","","0,95 x 0,435 x 0,445","","","","","","","","","","","","","","","","","","","","","","","","","","","","","","","","","","","","","","","","","","","","",""
"BUOY LOW DRAG HL-4 400MM X 950MM NORWAY","buoy-low-drag-hl-4-400mm-x-950mm-norway-hl4-red-norway","<table><tbody><tr><th>Box Dimensions (L × W × H, m)</th><td>0,95 x 0,435 x 0,445</td></tr></tbody></table>","POLYFORM AS","","Buoys","Spartan import, department:safety-buoys-survival, category:buoys, Buoys, POLYFORM AS","false","draft","HL4-RED-NORWAY","","Title","Default Title","","","","","","","","true","33756","g","true","manual","Buoys","Safety, Buoys & Survival","","","","0,95 x 0,435 x 0,445","","","","","","","","","","","","","","","","","","","","","","","","","","","","","","","","","","","","","","","","","","","","",""
"BUOY LOW DRAG HL-4 400MM X 950MM RASPBER","buoy-low-drag-hl-4-400mm-x-950mm-raspber-hl4-red-raspberry","<table><tbody><tr><th>Box Dimensions (L × W × H, m)</th><td>0,95 x 0,435 x 0,445</td></tr></tbody></table>","POLYFORM AS","","Buoys","Spartan import, department:safety-buoys-survival, category:buoys, Buoys, POLYFORM AS","false","draft","HL4-RED-RASPBERRY","","Title","Default Title","","","","","","","","true","33756","g","true","manual","Buoys","Safety, Buoys & Survival","","","","0,95 x 0,435 x 0,445","","","","","","","","","","","","","","","","","","","","","","","","","","","","","","","","","","","","","","","","","","","","",""
"BUOY LOW DRAG HL-4 400MM X 950MM SATURN","buoy-low-drag-hl-4-400mm-x-950mm-saturn-hl4-saturn-yellow","<table><tbody><tr><th>Box Dimensions (L × W × H, m)</th><td>0,95 x 0,435 x 0,445</td></tr></tbody></table>","POLYFORM AS","","Buoys","Spartan import, department:safety-buoys-survival, category:buoys, Buoys, POLYFORM AS","false","draft","HL4-SATURN YELLOW","","Title","Default Title","","","","","","","","true","33756","g","true","manual","Buoys","Safety, Buoys & Survival","","","","0,95 x 0,435 x 0,445","","","","","","","","","","","","","","","","","","","","","","","","","","","","","","","","","","","","","","","","","","","","",""
"BUOY LOW DRAG HL-4 400MM X 950MM YELLOW","buoy-low-drag-hl-4-400mm-x-950mm-yellow-hl4-yellow","<table><tbody><tr><th>Box Dimensions (L × W × H, m)</th><td>0,95 x 0,435 x 0,445</td></tr></tbody></table>","POLYFORM AS","","Buoys","Spartan import, department:safety-buoys-survival, category:buoys, Buoys, POLYFORM AS","false","draft","HL4-YELLOW","","Title","Default Title","","","","","","","","true","33756","g","true","manual","Buoys","Safety, Buoys & Survival","","","","0,95 x 0,435 x 0,445","","","","","","","","","","","","","","","","","","","","","","","","","","","","","","","","","","","","","","","","","","","","",""
"BUOY NET A-0 280MM X 210MM NORWAY RED","buoy-net-a-0-280mm-x-210mm-norway-red-a0-red-norway","<table><tbody><tr><th>Box Dimensions (L × W × H, m)</th><td>0,81 x 0,395 x 0,32</td></tr></tbody></table>","POLYFORM AS","","Buoys","Spartan import, department:safety-buoys-survival, category:buoys, Buoys, POLYFORM AS","false","draft","A0-RED-NORWAY","","Title","Default Title","","","","","","","","true","18300","g","true","manual","Buoys","Safety, Buoys & Survival","","","","0,81 x 0,395 x 0,32","","","","","","","","","","","","","","","","","","","","","","","","","","","","","","","","","","","","","","","","","","","","",""
"BUOY NET A-0 280MM X 210MM RASPBERRY RED","buoy-net-a-0-280mm-x-210mm-raspberry-red-a0-red-raspberry","<table><tbody><tr><th>Box Dimensions (L × W × H, m)</th><td>0,81 x 0,395 x 0,32</td></tr></tbody></table>","POLYFORM AS","","Buoys","Spartan import, department:safety-buoys-survival, category:buoys, Buoys, POLYFORM AS","false","draft","A0-RED-RASPBERRY","","Title","Default Title","","","","","","","","true","18300","g","true","manual","Buoys","Safety, Buoys & Survival","","","","0,81 x 0,395 x 0,32","","","","","","","","","","","","","","","","","","","","","","","","","","","","","","","","","","","","","","","","","","","","",""
"BUOY NET A-0 280MM X 210MM YELLOW","buoy-net-a-0-280mm-x-210mm-yellow-a0-yellow","<table><tbody><tr><th>Box Dimensions (L × W × H, m)</th><td>0,81 x 0,395 x 0,32</td></tr></tbody></table>","POLYFORM AS","","Buoys","Spartan import, department:safety-buoys-survival, category:buoys, Buoys, POLYFORM AS","false","draft","A0-YELLOW","","Title","Default Title","","","","","","","","true","18300","g","true","manual","Buoys","Safety, Buoys & Survival","","","","0,81 x 0,395 x 0,32","","","","","","","","","","","","","","","","","","","","","","","","","","","","","","","","","","","","","","","","","","","","",""
"BUOY NET A-1 380MM X 295MM NORWAY RED","buoy-net-a-1-380mm-x-295mm-norway-red-a1-red-norway","<table><tbody><tr><th>Box Dimensions (L × W × H, m)</th><td>0,35 x 0,4 x 0,34</td></tr></tbody></table>","POLYFORM AS","","Buoys","Spartan import, department:safety-buoys-survival, category:buoys, Buoys, POLYFORM AS","false","draft","A1-RED-NORWAY","","Title","Default Title","","","","","","","","true","12795","g","true","manual","Buoys","Safety, Buoys & Survival","","","","0,35 x 0,4 x 0,34","","","","","","","","","","","","","","","","","","","","","","","","","","","","","","","","","","","","","","","","","","","","",""
"BUOY NET A-1 380MM X 295MM RASPBERRY RED","buoy-net-a-1-380mm-x-295mm-raspberry-red-a1-red-raspberry","<table><tbody><tr><th>Box Dimensions (L × W × H, m)</th><td>0,35 x 0,4 x 0,34</td></tr></tbody></table>","POLYFORM AS","","Buoys","Spartan import, department:safety-buoys-survival, category:buoys, Buoys, POLYFORM AS","false","draft","A1-RED-RASPBERRY","","Title","Default Title","","","","","","","","true","12795","g","true","manual","Buoys","Safety, Buoys & Survival","","","","0,35 x 0,4 x 0,34","","","","","","","","","","","","","","","","","","","","","","","","","","","","","","","","","","","","","","","","","","","","",""
"BUOY NET A-1 380MM X 295MM SATURN YELLOW","buoy-net-a-1-380mm-x-295mm-saturn-yellow-a1-sat-yellow","<table><tbody><tr><th>Box Dimensions (L × W × H, m)</th><td>0,35 x 0,4 x 0,34</td></tr></tbody></table>","POLYFORM AS","","Buoys","Spartan import, department:safety-buoys-survival, category:buoys, Buoys, POLYFORM AS","false","draft","A1-SAT YELLOW","","Title","Default Title","","","","","","","","true","12795","g","true","manual","Buoys","Safety, Buoys & Survival","","","","0,35 x 0,4 x 0,34","","","","","","","","","","","","","","","","","","","","","","","","","","","","","","","","","","","","","","","","","","","","",""
"BUOY NET A-1 380MM X 295MM YELLOW","buoy-net-a-1-380mm-x-295mm-yellow-a1-yellow","<table><tbody><tr><th>Box Dimensions (L × W × H, m)</th><td>0,35 x 0,4 x 0,34</td></tr></tbody></table>","POLYFORM AS","","Buoys","Spartan import, department:safety-buoys-survival, category:buoys, Buoys, POLYFORM AS","false","draft","A1-YELLOW","","Title","Default Title","","","","","","","","true","12795","g","true","manual","Buoys","Safety, Buoys & Survival","","","","0,35 x 0,4 x 0,34","","","","","","","","","","","","","","","","","","","","","","","","","","","","","","","","","","","","","","","","","","","","",""
"BUOY NET A-2 500MM X 390MM GREEN","buoy-net-a-2-500mm-x-390mm-green-a2-green","<table><tbody><tr><th>Box Dimensions (L × W × H, m)</th><td>0,42 x 0,43 x 0,4</td></tr></tbody></table>","POLYFORM AS","","Buoys","Spartan import, department:safety-buoys-survival, category:buoys, Buoys, POLYFORM AS","false","draft","A2-GREEN","","Title","Default Title","","","","","","","","true","23000","g","true","manual","Buoys","Safety, Buoys & Survival","","","","0,42 x 0,43 x 0,4","","","","","","","","","","","","","","","","","","","","","","","","","","","","","","","","","","","","","","","","","","","","",""
"BUOY NET A-2 500MM X 390MM NORWAY RED","buoy-net-a-2-500mm-x-390mm-norway-red-a2-red-norway","<table><tbody><tr><th>Box Dimensions (L × W × H, m)</th><td>0,42 x 0,43 x 0,4</td></tr></tbody></table>","POLYFORM AS","","Buoys","Spartan import, department:safety-buoys-survival, category:buoys, Buoys, POLYFORM AS","false","draft","A2-RED-NORWAY","","Title","Default Title","","","","","","","","true","23000","g","true","manual","Buoys","Safety, Buoys & Survival","","","","0,42 x 0,43 x 0,4","","","","","","","","","","","","","","","","","","","","","","","","","","","","","","","","","","","","","","","","","","","","",""
"BUOY NET A-2 500MM X 390MM ORANGE","buoy-net-a-2-500mm-x-390mm-orange-a2-orange","<table><tbody><tr><th>Box Dimensions (L × W × H, m)</th><td>0,42 x 0,43 x 0,4</td></tr></tbody></table>","POLYFORM AS","","Buoys","Spartan import, department:safety-buoys-survival, category:buoys, Buoys, POLYFORM AS","false","draft","A2-ORANGE","","Title","Default Title","","","","","","","","true","23000","g","true","manual","Buoys","Safety, Buoys & Survival","","","","0,42 x 0,43 x 0,4","","","","","","","","","","","","","","","","","","","","","","","","","","","","","","","","","","","","","","","","","","","","",""
"BUOY NET A-2 500MM X 390MM RASPBERRY RED","buoy-net-a-2-500mm-x-390mm-raspberry-red-a2-red-raspberry","<table><tbody><tr><th>Box Dimensions (L × W × H, m)</th><td>0,42 x 0,43 x 0,4</td></tr></tbody></table>","POLYFORM AS","","Buoys","Spartan import, department:safety-buoys-survival, category:buoys, Buoys, POLYFORM AS","false","draft","A2-RED-RASPBERRY","","Title","Default Title","","","","","","","","true","23000","g","true","manual","Buoys","Safety, Buoys & Survival","","","","0,42 x 0,43 x 0,4","","","","","","","","","","","","","","","","","","","","","","","","","","","","","","","","","","","","","","","","","","","","",""
"BUOY NET A-2 500MM X 390MM SATURN YELLOW","buoy-net-a-2-500mm-x-390mm-saturn-yellow-a2-sat-yellow","<table><tbody><tr><th>Box Dimensions (L × W × H, m)</th><td>0,42 x 0,43 x 0,4</td></tr></tbody></table>","POLYFORM AS","","Buoys","Spartan import, department:safety-buoys-survival, category:buoys, Buoys, POLYFORM AS","false","draft","A2-SAT YELLOW","","Title","Default Title","","","","","","","","true","23000","g","true","manual","Buoys","Safety, Buoys & Survival","","","","0,42 x 0,43 x 0,4","","","","","","","","","","","","","","","","","","","","","","","","","","","","","","","","","","","","","","","","","","","","",""
"BUOY NET A-2 500MM X 390MM YELLOW","buoy-net-a-2-500mm-x-390mm-yellow-a2-yellow","<table><tbody><tr><th>Box Dimensions (L × W × H, m)</th><td>0,42 x 0,43 x 0,4</td></tr></tbody></table>","POLYFORM AS","","Buoys","Spartan import, department:safety-buoys-survival, category:buoys, Buoys, POLYFORM AS","false","draft","A2-YELLOW","","Title","Default Title","","","","","","","","true","23000","g","true","manual","Buoys","Safety, Buoys & Survival","","","","0,42 x 0,43 x 0,4","","","","","","","","","","","","","","","","","","","","","","","","","","","","","","","","","","","","","","","","","","","","",""
"BUOY NET A-3 575MM X 460MM GREEN","buoy-net-a-3-575mm-x-460mm-green-a3-green","<table><tbody><tr><th>Box Dimensions (L × W × H, m)</th><td>0,49 x 0,43 x 0,405</td></tr></tbody></table>","POLYFORM AS","","Buoys","Spartan import, department:safety-buoys-survival, category:buoys, Buoys, POLYFORM AS","false","draft","A3-GREEN","","Title","Default Title","","","","","","","","true","22890","g","true","manual","Buoys","Safety, Buoys & Survival","","","","0,49 x 0,43 x 0,405","","","","","","","","","","","","","","","","","","","","","","","","","","","","","","","","","","","","","","","","","","","","",""
"BUOY NET A-3 575MM X 460MM NORWAY RED","buoy-net-a-3-575mm-x-460mm-norway-red-a3-red-norway","<table><tbody><tr><th>Box Dimensions (L × W × H, m)</th><td>0,49 x 0,43 x 0,405</td></tr></tbody></table>","POLYFORM AS","","Buoys","Spartan import, department:safety-buoys-survival, category:buoys, Buoys, POLYFORM AS","false","draft","A3-RED-NORWAY","","Title","Default Title","","","","","","","","true","22890","g","true","manual","Buoys","Safety, Buoys & Survival","","","","0,49 x 0,43 x 0,405","","","","","","","","","","","","","","","","","","","","","","","","","","","","","","","","","","","","","","","","","","","","",""
"BUOY NET A-3 575MM X 460MM YELLOW","buoy-net-a-3-575mm-x-460mm-yellow-a3-yellow","<table><tbody><tr><th>Box Dimensions (L × W × H, m)</th><td>0,49 x 0,43 x 0,405</td></tr></tbody></table>","POLYFORM AS","","Buoys","Spartan import, department:safety-buoys-survival, category:buoys, Buoys, POLYFORM AS","false","draft","A3-YELLOW","","Title","Default Title","","","","","","","","true","22890","g","true","manual","Buoys","Safety, Buoys & Survival","","","","0,49 x 0,43 x 0,405","","","","","","","","","","","","","","","","","","","","","","","","","","","","","","","","","","","","","","","","","","","","",""
"BUOY NET A-3 710MM X 550MM RASPBERRY RED","buoy-net-a-3-710mm-x-550mm-raspberry-red-a3-red-raspberry","<table><tbody><tr><th>Box Dimensions (L × W × H, m)</th><td>0,49 x 0,43 x 0,405</td></tr></tbody></table>","POLYFORM AS","","Buoys","Spartan import, department:safety-buoys-survival, category:buoys, Buoys, POLYFORM AS","false","draft","A3-RED-RASPBERRY","","Title","Default Title","","","","","","","","true","22890","g","true","manual","Buoys","Safety, Buoys & Survival","","","","0,49 x 0,43 x 0,405","","","","","","","","","","","","","","","","","","","","","","","","","","","","","","","","","","","","","","","","","","","","",""
"BUOY NET A-4 710MM X 550MM NORWAY RED","buoy-net-a-4-710mm-x-550mm-norway-red-a4-red-norway","<table><tbody><tr><th>Box Dimensions (L × W × H, m)</th><td>0,595 x 0,58 x 0,42</td></tr></tbody></table>","POLYFORM AS","","Buoys","Spartan import, department:safety-buoys-survival, category:buoys, Buoys, POLYFORM AS","false","draft","A4-RED-NORWAY","","Title","Default Title","","","","","","","","true","22890","g","true","manual","Buoys","Safety, Buoys & Survival","","","","0,595 x 0,58 x 0,42","","","","","","","","","","","","","","","","","","","","","","","","","","","","","","","","","","","","","","","","","","","","",""
"BUOY NET A-4 710MM X 550MM ORANGE","buoy-net-a-4-710mm-x-550mm-orange-a4-orange","<table><tbody><tr><th>Box Dimensions (L × W × H, m)</th><td>0,595 x 0,58 x 0,42</td></tr></tbody></table>","POLYFORM AS","","Buoys","Spartan import, department:safety-buoys-survival, category:buoys, Buoys, POLYFORM AS","false","draft","A4-ORANGE","","Title","Default Title","","","","","","","","true","22890","g","true","manual","Buoys","Safety, Buoys & Survival","","","","0,595 x 0,58 x 0,42","","","","","","","","","","","","","","","","","","","","","","","","","","","","","","","","","","","","","","","","","","","","",""
"BUOY NET A-4 710MM X 550MM RASPBERRY RED","buoy-net-a-4-710mm-x-550mm-raspberry-red-a4-red-raspberry","<table><tbody><tr><th>Box Dimensions (L × W × H, m)</th><td>0,595 x 0,58 x 0,42</td></tr></tbody></table>","POLYFORM AS","","Buoys","Spartan import, department:safety-buoys-survival, category:buoys, Buoys, POLYFORM AS","false","draft","A4-RED-RASPBERRY","","Title","Default Title","","","","","","","","true","22890","g","true","manual","Buoys","Safety, Buoys & Survival","","","","0,595 x 0,58 x 0,42","","","","","","","","","","","","","","","","","","","","","","","","","","","","","","","","","","","","","","","","","","","","",""
"BUOY NET A-5 940MM X 710MM NORWAY RED","buoy-net-a-5-940mm-x-710mm-norway-red-a5-red-norway","<table><tbody><tr><th>Box Dimensions (L × W × H, m)</th><td>0,87 x 0,625 x 0,44</td></tr></tbody></table>","POLYFORM AS","","Buoys","Spartan import, department:safety-buoys-survival, category:buoys, Buoys, POLYFORM AS","false","draft","A5-RED-NORWAY","","Title","Default Title","","","","","","","","true","43000","g","true","manual","Buoys","Safety, Buoys & Survival","","","","0,87 x 0,625 x 0,44","","","","","","","","","","","","","","","","","","","","","","","","","","","","","","","","","","","","","","","","","","","","",""
"BUOY NET A-5 940MM X 710MM RASPBERRY RED","buoy-net-a-5-940mm-x-710mm-raspberry-red-a5-red-raspberry","<table><tbody><tr><th>Box Dimensions (L × W × H, m)</th><td>0,87 x 0,625 x 0,44</td></tr></tbody></table>","POLYFORM AS","","Buoys","Spartan import, department:safety-buoys-survival, category:buoys, Buoys, POLYFORM AS","false","draft","A5-RED-RASPBERRY","","Title","Default Title","","","","","","","","true","43000","g","true","manual","Buoys","Safety, Buoys & Survival","","","","0,87 x 0,625 x 0,44","","","","","","","","","","","","","","","","","","","","","","","","","","","","","","","","","","","","","","","","","","","","",""
"BUOY NET A-6 1120MM X 850MM NORWAY RED","buoy-net-a-6-1120mm-x-850mm-norway-red-a6-red-norway","<table><tbody><tr><th>Box Dimensions (L × W × H, m)</th><td>1,43 x 0,63 x 0,36</td></tr></tbody></table>","POLYFORM AS","","Buoys","Spartan import, department:safety-buoys-survival, category:buoys, Buoys, POLYFORM AS","false","draft","A6-RED-NORWAY","","Title","Default Title","","","","","","","","true","44211","g","true","manual","Buoys","Safety, Buoys & Survival","","","","1,43 x 0,63 x 0,36","","","","","","","","","","","","","","","","","","","","","","","","","","","","","","","","","","","","","","","","","","","","",""
"BUOY NET A-6 1120MM X 850MM RASPBERRY RE","buoy-net-a-6-1120mm-x-850mm-raspberry-re-a6-red-raspberry","<table><tbody><tr><th>Box Dimensions (L × W × H, m)</th><td>1,43 x 0,63 x 0,36</td></tr></tbody></table>","POLYFORM AS","","Buoys","Spartan import, department:safety-buoys-survival, category:buoys, Buoys, POLYFORM AS","false","draft","A6-RED-RASPBERRY","","Title","Default Title","","","","","","","","true","44211","g","true","manual","Buoys","Safety, Buoys & Survival","","","","1,43 x 0,63 x 0,36","","","","","","","","","","","","","","","","","","","","","","","","","","","","","","","","","","","","","","","","","","","","",""
"BUOY NET A-7 1420MM X 1100MM NORWAY RED","buoy-net-a-7-1420mm-x-1100mm-norway-red-a7-red-norway","<table><tbody><tr><th>Box Dimensions (L × W × H, m)</th><td>1,60 x 0,50 x 0,45</td></tr></tbody></table>","POLYFORM AS","","Buoys","Spartan import, department:safety-buoys-survival, category:buoys, Buoys, POLYFORM AS","false","draft","A7-RED-NORWAY","","Title","Default Title","","","","","","","","true","45464","g","true","manual","Buoys","Safety, Buoys & Survival","","","","1,60 x 0,50 x 0,45","","","","","","","","","","","","","","","","","","","","","","","","","","","","","","","","","","","","","","","","","","","","",""
"BUOY NET A-7 1420MM X 1100MM RASPBERRY R","buoy-net-a-7-1420mm-x-1100mm-raspberry-r-a7-red-raspberry","<table><tbody><tr><th>Box Dimensions (L × W × H, m)</th><td>1,60 x 0,50 x 0,45</td></tr></tbody></table>","POLYFORM AS","","Buoys","Spartan import, department:safety-buoys-survival, category:buoys, Buoys, POLYFORM AS","false","draft","A7-RED-RASPBERRY","","Title","Default Title","","","","","","","","true","45464","g","true","manual","Buoys","Safety, Buoys & Survival","","","","1,60 x 0,50 x 0,45","","","","","","","","","","","","","","","","","","","","","","","","","","","","","","","","","","","","","","","","","","","","",""
"BUOY SPAR CC-2 430MM X 385MM NORWAY RED","buoy-spar-cc-2-430mm-x-385mm-norway-red-cc2-red-norway","<table><tbody><tr><th>Box Dimensions (L × W × H, m)</th><td>0,595 x 0,58 x 0,42</td></tr></tbody></table>","POLYFORM AS","","Buoys","Spartan import, department:safety-buoys-survival, category:buoys, Buoys, POLYFORM AS","false","draft","CC2-RED-NORWAY","","Title","Default Title","","","","","","","","true","23456","g","true","manual","Buoys","Safety, Buoys & Survival","","","","0,595 x 0,58 x 0,42","","","","","","","","","","","","","","","","","","","","","","","","","","","","","","","","","","","","","","","","","","","","",""
"BUOY SPAR CC-2 430MM X 385MM RASPBERRY R","buoy-spar-cc-2-430mm-x-385mm-raspberry-r-cc2-red-raspberry","<table><tbody><tr><th>Box Dimensions (L × W × H, m)</th><td>0,595 x 0,58 x 0,42</td></tr></tbody></table>","POLYFORM AS","","Buoys","Spartan import, department:safety-buoys-survival, category:buoys, Buoys, POLYFORM AS","false","draft","CC2-RED-RASPBERRY","","Title","Default Title","","","","","","","","true","23456","g","true","manual","Buoys","Safety, Buoys & Survival","","","","0,595 x 0,58 x 0,42","","","","","","","","","","","","","","","","","","","","","","","","","","","","","","","","","","","","","","","","","","","","",""
"BUOYANT SMOKE ORANGE","buoyant-smoke-orange-45070034","","Hansson PyroTech AB","","Marine Pyrotechnics","Spartan import, department:safety-buoys-survival, category:marine-pyrotechnics, Marine Pyrotechnics, Hansson PyroTech AB","false","draft","45070034","","Title","Default Title","","","","","","","","true","530","g","true","manual","Marine Pyrotechnics","Safety, Buoys & Survival","","","","","","","","","","","","","","","","","","","","","","","","","","","","","","","","","","","","","","","","","","","","","","","","",""
"CHAIN 1/2 GR30 REGULAR LINK GALV","chain-1-2-gr30-regular-link-galv-ch16g30rlgx","<table><tbody><tr><th>Grade</th><td>30</td></tr></tbody></table>","RUDONG CHAIN WORKS","","Chain","Spartan import, department:rigging-hardware, category:chain, Chain, RUDONG CHAIN WORKS","false","draft","CH16G30RLGX","","Title","Default Title","","","","","","","","true","","","true","manual","Chain","Rigging Hardware","","","","","","","","","","","","","","","","","","30","","","","","","","","","","","","","","","","","","","","","","","","","","","","","","",""
"CHAIN 1/4 GR30 REGULAR LINK GALV","chain-1-4-gr30-regular-link-galv-ch08g30rlgx","<table><tbody><tr><th>Grade</th><td>30</td></tr></tbody></table>","RUDONG CHAIN WORKS","","Chain","Spartan import, department:rigging-hardware, category:chain, Chain, RUDONG CHAIN WORKS","false","draft","CH08G30RLGX","","Title","Default Title","","","","","","","","true","","","true","manual","Chain","Rigging Hardware","","","","","","","","","","","","","","","","","","30","","","","","","","","","","","","","","","","","","","","","","","","","","","","","","",""
"CHAIN 3/8 GR30 REGULAR LINK GALV","chain-3-8-gr30-regular-link-galv-ch12g30rlgx","<table><tbody><tr><th>Grade</th><td>30</td></tr></tbody></table>","RUDONG CHAIN WORKS","","Chain","Spartan import, department:rigging-hardware, category:chain, Chain, RUDONG CHAIN WORKS","false","draft","CH12G30RLGX","","Title","Default Title","","","","","","","","true","","","true","manual","Chain","Rigging Hardware","","","","","","","","","","","","","","","","","","30","","","","","","","","","","","","","","","","","","","","","","","","","","","","","","",""
"CLEANER BILGE 4L","cleaner-bilge-4l-0801-04g","<table><tbody><tr><th>Size</th><td>4L</td></tr></tbody></table>","BEBBINGTON INDUSTRIES INC.","","Cleaners","Spartan import, department:maintenance-supplies, category:cleaners, Cleaners, BEBBINGTON INDUSTRIES INC.","false","draft","0801-04G","","Title","Default Title","","","","","","","","true","","","true","manual","Cleaners","Maintenance & Supplies","","","","","","","","","","","","","","","","","","","","","","","","","","","","","","","4L","","","","","","","","","","","","","","","","","",""
"CLEANER BILGE SCENTED COLOUR 4L","cleaner-bilge-scented-colour-4l-08010","<table><tbody><tr><th>Size</th><td>1L</td></tr></tbody></table>","BEBBINGTON INDUSTRIES INC.","","Cleaners","Spartan import, department:maintenance-supplies, category:cleaners, Cleaners, BEBBINGTON INDUSTRIES INC.","false","draft","08010","","Title","Default Title","","","","","","","","true","","","true","manual","Cleaners","Maintenance & Supplies","","","","","","","","","","","","","","","","","","","","","","","","","","","","","","","1L","","","","","","","","","","","","","","","","","",""
"CLIP 1/4 WIRE ROPE HD SS316","clip-1-4-wire-rope-hd-ss316-ss45004hdx","CLIP 1/4 WIRE ROPE HD SS316
<table><tbody><tr><th>Brand</th><td>non-brand</td></tr><tr><th>Size (in)</th><td>1/4&quot;</td></tr><tr><th>Torque Specification (ft-lb)</th><td>/</td></tr><tr><th>Certification Standard</th><td>FF-C-450F</td></tr></tbody></table>","Qindao","","Clips","Spartan import, department:rigging-hardware, category:clips, Clips, Qindao","false","draft","SS45004HDX","","Title","Default Title","","","","","","","","true","34","g","true","manual","Clips","Rigging Hardware","","","","","non-brand","","","","FF-C-450F","","","","","","","","","","","","","","","","","","","","","","","1/4""","","","","","","","","","","","/","","","","","",""
"CLIP 1/8 MALLEABLE HDG","clip-1-8-malleable-hdg-g42602x","CLIP 1/8 MALLEABLE HDG
<table><tbody><tr><th>Brand</th><td>non-brand</td></tr><tr><th>Size (in)</th><td>1/8&quot;</td></tr><tr><th>Torque Specification (ft-lb)</th><td>/</td></tr><tr><th>Certification Standard</th><td>FF-C-450F</td></tr></tbody></table>","Qindao","","Clips","Spartan import, department:rigging-hardware, category:clips, Clips, Qindao","false","draft","G42602X","","Title","Default Title","","","","","","","","true","7","g","true","manual","Clips","Rigging Hardware","","","","","non-brand","","","","FF-C-450F","","","","","","","","","","","","","","","","","","","","","","","1/8""","","","","","","","","","","","/","","","","","",""
"CLIP 1/16 MALLEABLE HDG","clip-1-16-malleable-hdg-g42601x","CLIP 1/16 MALLEABLE HDG
<table><tbody><tr><th>Brand</th><td>non-brand</td></tr><tr><th>Size (in)</th><td>1/16&quot;</td></tr><tr><th>Torque Specification (ft-lb)</th><td>/</td></tr><tr><th>Certification Standard</th><td>FF-C-450F</td></tr></tbody></table>","Qindao","","Clips","Spartan import, department:rigging-hardware, category:clips, Clips, Qindao","false","draft","G42601X","","Title","Default Title","","","","","","","","true","5","g","true","manual","Clips","Rigging Hardware","","","","","non-brand","","","","FF-C-450F","","","","","","","","","","","","","","","","","","","","","","","1/16""","","","","","","","","","","","/","","","","","",""
"CLIP 5/16 WIRE ROPE LD SS316","clip-5-16-wire-rope-ld-ss316-ss45005ldx","/
<table><tbody><tr><th>Brand</th><td>/</td></tr><tr><th>Size (in)</th><td>/</td></tr><tr><th>Torque Specification (ft-lb)</th><td>/</td></tr><tr><th>Certification Standard</th><td>/</td></tr></tbody></table>","Qindao","","Clips","Spartan import, department:rigging-hardware, category:clips, Clips, Qindao","false","draft","SS45005LDX","","Title","Default Title","","","","","","","","true","0","g","true","manual","Clips","Rigging Hardware","","","","","/","","","","/","","","","","","","","","","","","","","","","","","","","","","","/","","","","","","","","","","","/","","","","","",""
"CONTAINER PYROTECHNICS","container-pyrotechnics-45070002","","Hansson PyroTech AB","","Marine Pyrotechnics","Spartan import, department:safety-buoys-survival, category:marine-pyrotechnics, Marine Pyrotechnics, Hansson PyroTech AB","false","draft","45070002","","Title","Default Title","","","","","","","","true","1000","g","true","manual","Marine Pyrotechnics","Safety, Buoys & Survival","","","","","","","","","","","","","","","","","","","","","","","","","","","","","","","","","","","","","","","","","","","","","","","","",""
"CORNER PROTECTOR 48 PVC FOR TRAPS","corner-protector-48-pvc-for-traps-pvc48","<table><tbody><tr><th>Colour</th><td>black</td></tr></tbody></table>","TERRY BOUDREAU","","Lobster Trap Components","Spartan import, department:fishing-trap-gear, category:lobster-trap-components, Lobster Trap Components, TERRY BOUDREAU","false","draft","PVC48","","Title","Default Title","","","","","","","","true","300","g","true","manual","Lobster Trap Components","Fishing & Trap Gear","","","","","","","","","","black","","","","","","","","","","","","","","","","","","","","","","","","","","","","","","","","","","","","","","",""
"CORNER PROTECTOR 55 PVC FOR TRAPS","corner-protector-55-pvc-for-traps-pvc55","<table><tbody><tr><th>Colour</th><td>black</td></tr></tbody></table>","TERRY BOUDREAU","","Lobster Trap Components","Spartan import, department:fishing-trap-gear, category:lobster-trap-components, Lobster Trap Components, TERRY BOUDREAU","false","draft","PVC55","","Title","Default Title","","","","","","","","true","350","g","true","manual","Lobster Trap Components","Fishing & Trap Gear","","","","","","","","","","black","","","","","","","","","","","","","","","","","","","","","","","","","","","","","","","","","","","","","","",""
"CORNER PROTECTOR 58 PVC FOR TRAPs","corner-protector-58-pvc-for-traps-pvc58","<table><tbody><tr><th>Colour</th><td>black</td></tr></tbody></table>","TERRY BOUDREAU","","Lobster Trap Components","Spartan import, department:fishing-trap-gear, category:lobster-trap-components, Lobster Trap Components, TERRY BOUDREAU","false","draft","PVC58","","Title","Default Title","","","","","","","","true","380","g","true","manual","Lobster Trap Components","Fishing & Trap Gear","","","","","","","","","","black","","","","","","","","","","","","","","","","","","","","","","","","","","","","","","","","","","","","","","",""
"CORNER PROTECTOR 63 PVC FOR TRAPS","corner-protector-63-pvc-for-traps-pvc63","<table><tbody><tr><th>Colour</th><td>black</td></tr></tbody></table>","TERRY BOUDREAU","","Lobster Trap Components","Spartan import, department:fishing-trap-gear, category:lobster-trap-components, Lobster Trap Components, TERRY BOUDREAU","false","draft","PVC63","","Title","Default Title","","","","","","","","true","420","g","true","manual","Lobster Trap Components","Fishing & Trap Gear","","","","","","","","","","black","","","","","","","","","","","","","","","","","","","","","","","","","","","","","","","","","","","","","","",""
"CRABPOT CONE 44X9 WHITE","crabpot-cone-44x9-white-12050416","<table><tbody><tr><th>Size</th><td>48&quot;X48&quot;X60&quot;</td></tr><tr><th>Colour</th><td>White</td></tr></tbody></table>","GPR PLASTICS","","Crabpot Cones","Spartan import, department:fishing-trap-gear, category:crabpot-cones, Crabpot Cones, GPR PLASTICS","false","draft","12050416","","Title","Default Title","","","","","","","","true","450000","g","true","manual","Crabpot Cones","Fishing & Trap Gear","","","","","","","","","","White","","","","","","","","","","","","","","","","","","","","","48""X48""X60""","","","","","","","","","","","","","","","","","",""
"CRABPOT CONE 44X12","crabpot-cone-44x12-12050408","<table><tbody><tr><th>Size</th><td>48&quot;X48&quot;X60&quot;</td></tr><tr><th>Colour</th><td>Available in black or White</td></tr></tbody></table>","GPR PLASTICS","","Crabpot Cones","Spartan import, department:fishing-trap-gear, category:crabpot-cones, Crabpot Cones, GPR PLASTICS","false","draft","12050408","","Title","Default Title","","","","","","","","true","450000","g","true","manual","Crabpot Cones","Fishing & Trap Gear","","","","","","","","","","Available in black or White","","","","","","","","","","","","","","","","","","","","","48""X48""X60""","","","","","","","","","","","","","","","","","",""
"CRABPOT CONE NYLON 20DIA X 7-1/4","crabpot-cone-nylon-20dia-x-7-1-4-12050405","<table><tbody><tr><th>Size</th><td>48&quot;X48&quot;X60&quot;</td></tr><tr><th>Colour</th><td>White</td></tr></tbody></table>","GPR PLASTICS","","Crabpot Cones","Spartan import, department:fishing-trap-gear, category:crabpot-cones, Crabpot Cones, GPR PLASTICS","false","draft","12050405","","Title","Default Title","","","","","","","","true","450000","g","true","manual","Crabpot Cones","Fishing & Trap Gear","","","","","","","","","","White","","","","","","","","","","","","","","","","","","","","","48""X48""X60""","","","","","","","","","","","","","","","","","",""
"CRACKER LOBSTER 6IN","cracker-lobster-6in-lobstercracker","","BIG ERICS INC","","Lobster Crackers and Forks","Spartan import, department:fishing-trap-gear, category:lobster-crackers-and-forks, Lobster Crackers and Forks, BIG ERICS INC","false","draft","LOBSTERCRACKER","","Title","Default Title","","","","","","","","true","","","true","manual","Lobster Crackers and Forks","Fishing & Trap Gear","","","","","","","","","","","","","","","","","","","","","","","","","","","","","","","","","","","","","","","","","","","","","","","","",""
"D-TECH Ø24 12x1 331g/m","d-tech-24-12x1-331g-m-r321dy600grc","<table><tbody><tr><th>ERP Product Group</th><td>Yachting</td></tr><tr><th>Average Net Unit Weight (kg)</th><td>64.2</td></tr><tr><th>Average Gross Unit Weight (kg)</th><td>72.2</td></tr></tbody></table>","Cotesi","","Rope","Spartan import, department:rope-line-nets, category:rope, Rope, Cotesi","false","draft","R321DY600GRC","","Title","Default Title","","","","","","","","true","","","true","manual","Rope","Rope, Line & Nets","","72.2","64.2","","","","","","","","","","","","","Yachting","","","","","","","","","","","","","","","","","","","","","","","","","","","","","","","","",""
"D-TECH Ø24 12x1 331g/m","d-tech-24-12x1-331g-m-r3212dy00grc","<table><tbody><tr><th>ERP Material Code</th><td>NAU0569</td></tr><tr><th>ERP Product Group</th><td>Yachting</td></tr><tr><th>Average Net Unit Weight (kg)</th><td>62.5</td></tr><tr><th>Average Gross Unit Weight (kg)</th><td>62.5</td></tr></tbody></table>","Cotesi","","Rope","Spartan import, department:rope-line-nets, category:rope, Rope, Cotesi","false","draft","R3212DY00GRC","","Title","Default Title","","","","","","","","true","","","true","manual","Rope","Rope, Line & Nets","","62.5","62.5","","","","","","","","","","","","NAU0569","Yachting","","","","","","","","","","","","","","","","","","","","","","","","","","","","","","","","",""
"D-TECH Ø24 12x1 331g/m","d-tech-24-12x1-331g-m-r3212dy600gr","<table><tbody><tr><th>ERP Product Group</th><td>Yachting</td></tr><tr><th>Average Net Unit Weight (kg)</th><td>62.59166666666667</td></tr><tr><th>Average Gross Unit Weight (kg)</th><td>68.75833333333334</td></tr></tbody></table>","Cotesi","","Rope","Spartan import, department:rope-line-nets, category:rope, Rope, Cotesi","false","draft","R3212DY600GR","","Title","Default Title","","","","","","","","true","","","true","manual","Rope","Rope, Line & Nets","","68.75833333333334","62.59166666666667","","","","","","","","","","","","","Yachting","","","","","","","","","","","","","","","","","","","","","","","","","","","","","","","","",""
"D-TECH Ø24 12x1 331g/m","d-tech-24-12x1-331g-m-r3212dy600grc","<table><tbody><tr><th>ERP Product Group</th><td>Yachting</td></tr><tr><th>Average Net Unit Weight (kg)</th><td>63.214999999999996</td></tr><tr><th>Average Gross Unit Weight (kg)</th><td>67.615</td></tr></tbody></table>","Cotesi","","Rope","Spartan import, department:rope-line-nets, category:rope, Rope, Cotesi","false","draft","R3212DY600GRC","","Title","Default Title","","","","","","","","true","","","true","manual","Rope","Rope, Line & Nets","","67.615","63.214999999999996","","","","","","","","","","","","","Yachting","","","","","","","","","","","","","","","","","","","","","","","","","","","","","","","","",""
"Dunlop FieldPRO Full Safety Purofort Boot — Charcoal","dunlop-fieldpro-full-safety-purofort-boot-charcoal","<table><tbody><tr><th>Colour</th><td>Charcoal</td></tr><tr><th>Material</th><td>PU</td></tr><tr><th>Temperature Limit (if applicable)</th><td>-20</td></tr></tbody></table>","REGENCE INC.","","Boots","Spartan import, department:workwear-footwear, category:boots, Boots, REGENCE INC.","false","draft","DLJEJK01-8-4","","Size","4","","","","","","","","true","","","true","manual","Boots","Workwear & Footwear","","","","","","","","","","Charcoal","","","","","","","","","","","","","","PU","","","","","","","","","","","","","","","","","-20","","","","","","","",""
"","dunlop-fieldpro-full-safety-purofort-boot-charcoal","","","","","","","","DLJEJK01-8-6","","Size","6","","","","","","","","true","","","true","manual","","","","","","","","","","","","","","","","","","","","","","","","","","","","","","","","","","","","","","","","","","","","","","","","","","",""
"","dunlop-fieldpro-full-safety-purofort-boot-charcoal","","","","","","","","DLJEJK01-8-7","","Size","7","","","","","","","","true","","","true","manual","","","","","","","","","","","","","","","","","","","","","","","","","","","","","","","","","","","","","","","","","","","","","","","","","","",""
"","dunlop-fieldpro-full-safety-purofort-boot-charcoal","","","","","","","","DLJEJK01-8-8","","Size","8","","","","","","","","true","","","true","manual","","","","","","","","","","","","","","","","","","","","","","","","","","","","","","","","","","","","","","","","","","","","","","","","","","",""
"","dunlop-fieldpro-full-safety-purofort-boot-charcoal","","","","","","","","DLJEJK01-8-9","","Size","9","","","","","","","","true","","","true","manual","","","","","","","","","","","","","","","","","","","","","","","","","","","","","","","","","","","","","","","","","","","","","","","","","","",""
"","dunlop-fieldpro-full-safety-purofort-boot-charcoal","","","","","","","","DLJEJK01-8-10","","Size","10","","","","","","","","true","","","true","manual","","","","","","","","","","","","","","","","","","","","","","","","","","","","","","","","","","","","","","","","","","","","","","","","","","",""
"","dunlop-fieldpro-full-safety-purofort-boot-charcoal","","","","","","","","DLJEJK01-8-11","","Size","11","","","","","","","","true","","","true","manual","","","","","","","","","","","","","","","","","","","","","","","","","","","","","","","","","","","","","","","","","","","","","","","","","","",""
"","dunlop-fieldpro-full-safety-purofort-boot-charcoal","","","","","","","","DLJEJK01-8-12","","Size","12","","","","","","","","true","","","true","manual","","","","","","","","","","","","","","","","","","","","","","","","","","","","","","","","","","","","","","","","","","","","","","","","","","",""
"","dunlop-fieldpro-full-safety-purofort-boot-charcoal","","","","","","","","DLJEJK01-8-13","","Size","13","","","","","","","","true","","","true","manual","","","","","","","","","","","","","","","","","","","","","","","","","","","","","","","","","","","","","","","","","","","","","","","","","","",""
"","dunlop-fieldpro-full-safety-purofort-boot-charcoal","","","","","","","","DLJEJK01-8-14","","Size","14","","","","","","","","true","","","true","manual","","","","","","","","","","","","","","","","","","","","","","","","","","","","","","","","","","","","","","","","","","","","","","","","","","",""
"","dunlop-fieldpro-full-safety-purofort-boot-charcoal","","","","","","","","DLJEJK01-8-15","","Size","15","","","","","","","","true","","","true","manual","","","","","","","","","","","","","","","","","","","","","","","","","","","","","","","","","","","","","","","","","","","","","","","","","","",""
"Dunlop FieldPRO Thermo+ Full Safety Boot — Green","dunlop-fieldpro-thermo-full-safety-boot-green","<table><tbody><tr><th>Colour</th><td>Green</td></tr><tr><th>Material</th><td>PU</td></tr></tbody></table>","REGENCE INC.","","Boots","Spartan import, department:workwear-footwear, category:boots, Boots, REGENCE INC.","false","draft","DLPLKL0-15-6","","Size","6","","","","","","","","true","","","true","manual","Boots","Workwear & Footwear","","","","","","","","","","Green","","","","","","","","","","","","","","PU","","","","","","","","","","","","","","","","","","","","","","","","",""
"","dunlop-fieldpro-thermo-full-safety-boot-green","","","","","","","","DLPLKL0-15-7","","Size","7","","","","","","","","true","","","true","manual","","","","","","","","","","","","","","","","","","","","","","","","","","","","","","","","","","","","","","","","","","","","","","","","","","",""
"","dunlop-fieldpro-thermo-full-safety-boot-green","","","","","","","","DLPLKL0-15-8","","Size","8","","","","","","","","true","","","true","manual","","","","","","","","","","","","","","","","","","","","","","","","","","","","","","","","","","","","","","","","","","","","","","","","","","",""
"","dunlop-fieldpro-thermo-full-safety-boot-green","","","","","","","","DLPLKL0-15-9","","Size","9","","","","","","","","true","","","true","manual","","","","","","","","","","","","","","","","","","","","","","","","","","","","","","","","","","","","","","","","","","","","","","","","","","",""
"","dunlop-fieldpro-thermo-full-safety-boot-green","","","","","","","","DLPLKL0-15-10","","Size","10","","","","","","","","true","","","true","manual","","","","","","","","","","","","","","","","","","","","","","","","","","","","","","","","","","","","","","","","","","","","","","","","","","",""
"","dunlop-fieldpro-thermo-full-safety-boot-green","","","","","","","","DLPLKL0-15-11","","Size","11","","","","","","","","true","","","true","manual","","","","","","","","","","","","","","","","","","","","","","","","","","","","","","","","","","","","","","","","","","","","","","","","","","",""
"","dunlop-fieldpro-thermo-full-safety-boot-green","","","","","","","","DLPLKL0-15-13","","Size","13","","","","","","","","true","","","true","manual","","","","","","","","","","","","","","","","","","","","","","","","","","","","","","","","","","","","","","","","","","","","","","","","","","",""
"","dunlop-fieldpro-thermo-full-safety-boot-green","","","","","","","","DLPLKL0-15-14","","Size","14","","","","","","","","true","","","true","manual","","","","","","","","","","","","","","","","","","","","","","","","","","","","","","","","","","","","","","","","","","","","","","","","","","",""
"Dunlop Men's Soft Toe Purofort Boot — Green","dunlop-men-s-soft-toe-purofort-boot-green","<table><tbody><tr><th>Colour</th><td>Green</td></tr><tr><th>Material</th><td>PU</td></tr><tr><th>Temperature Limit (if applicable)</th><td>-20</td></tr></tbody></table>","REGENCE INC.","","Boots","Spartan import, department:workwear-footwear, category:boots, Boots, REGENCE INC.","false","draft","D760933-15-4G","","Size","4","","","","","","","","true","","","true","manual","Boots","Workwear & Footwear","","","","","","","","","","Green","","","","","","","","","","","","","","PU","","","","","","","","","","","","","","","","","-20","","","","","","","",""
"","dunlop-men-s-soft-toe-purofort-boot-green","","","","","","","","D760933-15-5G","","Size","5","","","","","","","","true","","","true","manual","","","","","","","","","","","","","","","","","","","","","","","","","","","","","","","","","","","","","","","","","","","","","","","","","","",""
"","dunlop-men-s-soft-toe-purofort-boot-green","","","","","","","","D760933-15-6G","","Size","6","","","","","","","","true","","","true","manual","","","","","","","","","","","","","","","","","","","","","","","","","","","","","","","","","","","","","","","","","","","","","","","","","","",""
"","dunlop-men-s-soft-toe-purofort-boot-green","","","","","","","","D760933-15-7G","","Size","7","","","","","","","","true","","","true","manual","","","","","","","","","","","","","","","","","","","","","","","","","","","","","","","","","","","","","","","","","","","","","","","","","","",""
"","dunlop-men-s-soft-toe-purofort-boot-green","","","","","","","","D760933-15-8G","","Size","8","","","","","","","","true","","","true","manual","","","","","","","","","","","","","","","","","","","","","","","","","","","","","","","","","","","","","","","","","","","","","","","","","","",""
"","dunlop-men-s-soft-toe-purofort-boot-green","","","","","","","","D760933-15-9G","","Size","9","","","","","","","","true","","","true","manual","","","","","","","","","","","","","","","","","","","","","","","","","","","","","","","","","","","","","","","","","","","","","","","","","","",""
"","dunlop-men-s-soft-toe-purofort-boot-green","","","","","","","","D760933-15-10G","","Size","10","","","","","","","","true","","","true","manual","","","","","","","","","","","","","","","","","","","","","","","","","","","","","","","","","","","","","","","","","","","","","","","","","","",""
"","dunlop-men-s-soft-toe-purofort-boot-green","","","","","","","","D760933-15-11G","","Size","11","","","","","","","","true","","","true","manual","","","","","","","","","","","","","","","","","","","","","","","","","","","","","","","","","","","","","","","","","","","","","","","","","","",""
"","dunlop-men-s-soft-toe-purofort-boot-green","","","","","","","","D760933-15-12G","","Size","12","","","","","","","","true","","","true","manual","","","","","","","","","","","","","","","","","","","","","","","","","","","","","","","","","","","","","","","","","","","","","","","","","","",""
"","dunlop-men-s-soft-toe-purofort-boot-green","","","","","","","","D760933-15-13G","","Size","13","","","","","","","","true","","","true","manual","","","","","","","","","","","","","","","","","","","","","","","","","","","","","","","","","","","","","","","","","","","","","","","","","","",""
"","dunlop-men-s-soft-toe-purofort-boot-green","","","","","","","","D760933-15-14G","","Size","14","","","","","","","","true","","","true","manual","","","","","","","","","","","","","","","","","","","","","","","","","","","","","","","","","","","","","","","","","","","","","","","","","","",""
"Dunlop Men's WorkPro CSA Snugboot — Charcoal","dunlop-men-s-workpro-csa-snugboot-charcoal","<table><tbody><tr><th>Colour</th><td>Charcoal</td></tr><tr><th>Material</th><td>PU/Neoprene</td></tr><tr><th>Temperature Limit (if applicable)</th><td>-40</td></tr></tbody></table>","REGENCE INC.","","Boots","Spartan import, department:workwear-footwear, category:boots, Boots, REGENCE INC.","false","draft","D68A930-18-6CH","","Size","6","","","","","","","","true","","","true","manual","Boots","Workwear & Footwear","","","","","","","","","","Charcoal","","","","","","","","","","","","","","PU/Neoprene","","","","","","","","","","","","","","","","","-40","","","","","","","",""
"","dunlop-men-s-workpro-csa-snugboot-charcoal","","","","","","","","D68A930-18-7CH","","Size","7","","","","","","","","true","","","true","manual","","","","","","","","","","","","","","","","","","","","","","","","","","","","","","","","","","","","","","","","","","","","","","","","","","",""
"","dunlop-men-s-workpro-csa-snugboot-charcoal","","","","","","","","D68A930-18-8CH","","Size","8","","","","","","","","true","","","true","manual","","","","","","","","","","","","","","","","","","","","","","","","","","","","","","","","","","","","","","","","","","","","","","","","","","",""
"","dunlop-men-s-workpro-csa-snugboot-charcoal","","","","","","","","D68A930-18-9CH","","Size","9","","","","","","","","true","","","true","manual","","","","","","","","","","","","","","","","","","","","","","","","","","","","","","","","","","","","","","","","","","","","","","","","","","",""
"","dunlop-men-s-workpro-csa-snugboot-charcoal","","","","","","","","D68A930-18-10CH","","Size","10","","","","","","","","true","","","true","manual","","","","","","","","","","","","","","","","","","","","","","","","","","","","","","","","","","","","","","","","","","","","","","","","","","",""
"","dunlop-men-s-workpro-csa-snugboot-charcoal","","","","","","","","D68A930-18-11CH","","Size","11","","","","","","","","true","","","true","manual","","","","","","","","","","","","","","","","","","","","","","","","","","","","","","","","","","","","","","","","","","","","","","","","","","",""
"","dunlop-men-s-workpro-csa-snugboot-charcoal","","","","","","","","D68A930-18-12CH","","Size","12","","","","","","","","true","","","true","manual","","","","","","","","","","","","","","","","","","","","","","","","","","","","","","","","","","","","","","","","","","","","","","","","","","",""
"","dunlop-men-s-workpro-csa-snugboot-charcoal","","","","","","","","D68A930-18-13CH","","Size","13","","","","","","","","true","","","true","manual","","","","","","","","","","","","","","","","","","","","","","","","","","","","","","","","","","","","","","","","","","","","","","","","","","",""
"","dunlop-men-s-workpro-csa-snugboot-charcoal","","","","","","","","D68A930-18-14CH","","Size","14","","","","","","","","true","","","true","manual","","","","","","","","","","","","","","","","","","","","","","","","","","","","","","","","","","","","","","","","","","","","","","","","","","",""
"ENDURANCE SLEEVES W ELASTIC CUFF YELLOW","endurance-sleeves-w-elastic-cuff-yellow-80sfy-r","<table><tbody><tr><th>Size</th><td>one size</td></tr><tr><th>Material</th><td>PVC CP2033/A 69%PVC 14%PES 14%CO 3%PU</td></tr><tr><th>Colour</th><td>YELLOW FLUOR</td></tr></tbody></table>","TOPTUXEDO IDA","","Sleeves","Spartan import, department:rigging-hardware, category:sleeves, Sleeves, TOPTUXEDO IDA","false","draft","80SFY-R","","Title","Default Title","","","","","","","","true","","","true","manual","Sleeves","Rigging Hardware","","","","","","","","","","YELLOW FLUOR","","","","","","","","","","","","","","PVC CP2033/A 69%PVC 14%PES 14%CO 3%PU","","","","","","","one size","","","","","","","","","","","","","","","","","",""
"EPIRB GLOBALFIX V4 CAT 1","epirb-globalfix-v4-cat-1-2830-63","","ACR ELECTRONICS INC.","","EPRIBs","Spartan import, category:epribs, EPRIBs, ACR ELECTRONICS INC.","false","draft","2830.63","","Title","Default Title","","","","","","","","true","","","true","manual","EPRIBs","","","","","","","","","","","","","","","","","","","","","","","","","","","","","","","","","","","","","","","","","","","","","","","","","",""
"EPIRB HRU-100 RELEASE KIT W/PIN ACR HYDR","epirb-hru-100-release-kit-w-pin-acr-hydr-9490-1","","ACR ELECTRONICS INC.","","Personal Locator Beacons","Spartan import, department:safety-buoys-survival, category:personal-locator-beacons, Personal Locator Beacons, ACR ELECTRONICS INC.","false","draft","9490.1","","Title","Default Title","","","","","","","","true","","","true","manual","Personal Locator Beacons","Safety, Buoys & Survival","","","","","","","","","","","","","","","","","","","","","","","","","","","","","","","","","","","","","","","","","","","","","","","","",""
"ESCAPE HATCH 1-7/8 TRAP PLASTIC ORANGE","escape-hatch-1-7-8-trap-plastic-orange-35010062","<table><tbody><tr><th>Colour</th><td>Orange</td></tr></tbody></table>","BROOKS TRAP MILL","","Lobster Pot Escape Hatches","Spartan import, department:fishing-trap-gear, category:lobster-pot-escape-hatches, Lobster Pot Escape Hatches, BROOKS TRAP MILL","false","draft","35010062","","Title","Default Title","","","","","","","","true","","","true","manual","Lobster Pot Escape Hatches","Fishing & Trap Gear","","","","","","","","","","Orange","","","","","","","","","","","","","","","","","","","","","","","","","","","","","","","","","","","","","","",""
"EXPLORER SLEEVES W ELASTIC CUFF YELLOW","explorer-sleeves-w-elastic-cuff-yellow-3","<table><tbody><tr><th>Size</th><td>one size</td></tr><tr><th>Material</th><td>PVC CP2987/A OR 88%PVC 12%PES</td></tr><tr><th>Colour</th><td>YELLOW FLUOR</td></tr></tbody></table>","TOPTUXEDO IDA","","Sleeves","Spartan import, department:rigging-hardware, category:sleeves, Sleeves, TOPTUXEDO IDA","false","draft","","","Title","Default Title","","","","","","","","true","","","true","manual","Sleeves","Rigging Hardware","","","","","","","","","","YELLOW FLUOR","","","","","","","","","","","","","","PVC CP2987/A OR 88%PVC 12%PES","","","","","","","one size","","","","","","","","","","","","","","","","","",""
"EYE BOLT 1/4X2-1/2 SHOULDER NUT SS316","eye-bolt-1-4x2-1-2-shoulder-nut-ss316-ss2770402-5x","EYE BOLT 1/4X2-1/2 SHOULDER NUT SS316
<table><tbody><tr><th>Brand</th><td>Q</td></tr><tr><th>Size (in)</th><td>1/4X2-1/2</td></tr><tr><th>Working Load Limit (lb)</th><td>500</td></tr><tr><th>Material</th><td>SS316</td></tr><tr><th>Supplier Type Code</th><td>G277</td></tr><tr><th>Certification Standard</th><td>EN 4278</td></tr></tbody></table>","Qindao","","Eye Bolts","Spartan import, department:rigging-hardware, category:eye-bolts, Eye Bolts, Qindao","false","draft","SS2770402-5X","","Title","Default Title","","","","","","","","true","50","g","true","manual","Eye Bolts","Rigging Hardware","","","","","Q","","","","EN 4278","","","","","","","","","","","","","","","SS316","","","","","","","","1/4X2-1/2","","","","","","","G277","","","","","","","","","500",""
"EYE BOLT 3/4X4-1/4 SHOULDER NUT SS316","eye-bolt-3-4x4-1-4-shoulder-nut-ss316-ss2771204-25x","EYE BOLT 3/4X4-1/4 SHOULDER NUT SS316
<table><tbody><tr><th>Brand</th><td>Q</td></tr><tr><th>Size (in)</th><td>3/4X4-1/4</td></tr><tr><th>Working Load Limit (lb)</th><td>5189</td></tr><tr><th>Material</th><td>SS316</td></tr><tr><th>Supplier Type Code</th><td>G277</td></tr><tr><th>Certification Standard</th><td>EN 4278</td></tr></tbody></table>","Qindao","","Eye Bolts","Spartan import, department:rigging-hardware, category:eye-bolts, Eye Bolts, Qindao","false","draft","SS2771204-25X","","Title","Default Title","","","","","","","","true","650","g","true","manual","Eye Bolts","Rigging Hardware","","","","","Q","","","","EN 4278","","","","","","","","","","","","","","","SS316","","","","","","","","3/4X4-1/4","","","","","","","G277","","","","","","","","","5189",""
"EYE BOLT 3/8X 6 SHOULDER NUT GALV","eye-bolt-3-8x-6-shoulder-nut-galv-g2770606x","EYE BOLT 3/8X 6 SHOULDER NUT GALV
<table><tbody><tr><th>Brand</th><td>Q</td></tr><tr><th>Shank × Diameter (in)</th><td>3/8X 6</td></tr><tr><th>Working Load Limit (lb)</th><td>1550</td></tr></tbody></table>","Qindao","","Eye Bolts","Spartan import, department:rigging-hardware, category:eye-bolts, Eye Bolts, Qindao","false","draft","G2770606X","","Title","Default Title","","","","","","","","true","0","g","true","manual","Eye Bolts","Rigging Hardware","","","","","Q","","","","","","","","","","","","","","","","","","","","","","","","","3/8X 6","","","","","","","","","","","","","","","","","","1550",""
"EYE NUT 1-1/4 TAP 1 STOCK GALV","eye-nut-1-1-4-tap-1-stock-galv-g40020x","EYE NUT 1-1/4 TAP 1 STOCK GALV
<table><tbody><tr><th>Brand</th><td>Q</td></tr><tr><th>Size Number</th><td>8</td></tr><tr><th>Stock Size (in)</th><td>1</td></tr><tr><th>Standard Tap Size (in)</th><td>1-1/4&quot;</td></tr><tr><th>Working Load Limit (lb)</th><td>15500LBS</td></tr></tbody></table>","Qindao","","Eye Nuts","Spartan import, department:rigging-hardware, category:eye-nuts, Eye Nuts, Qindao","false","draft","G40020X","","Title","Default Title","","","","","","","","true","898","g","true","manual","Eye Nuts","Rigging Hardware","","","","","Q","","","","","","","","","","","","","","","","","","","","","","","","","","","","","8","1-1/4""","1","","","","","","","","","","","","15500LBS",""
"EYE NUT 3/4 7/8 TAP SIZE GALV","eye-nut-3-4-7-8-tap-size-galv-g40014x","EYE NUT 3/4 7/8 TAP SIZE GALV
<table><tbody><tr><th>Brand</th><td>Q</td></tr><tr><th>Size Number</th><td>6</td></tr><tr><th>Stock Size (in)</th><td>0.75</td></tr><tr><th>Standard Tap Size (in)</th><td>7/8&quot;</td></tr><tr><th>Working Load Limit (lb)</th><td>7200LBS</td></tr></tbody></table>","Qindao","","Eye Nuts","Spartan import, department:rigging-hardware, category:eye-nuts, Eye Nuts, Qindao","false","draft","G40014X","","Title","Default Title","","","","","","","","true","363","g","true","manual","Eye Nuts","Rigging Hardware","","","","","Q","","","","","","","","","","","","","","","","","","","","","","","","","","","","","6","7/8""","0.75","","","","","","","","","","","","7200LBS",""
"EYE NUT 7/8 1 TAP SIZE","eye-nut-7-8-1-tap-size-g40016x","EYE NUT 7/8 1 TAP SIZE
<table><tbody><tr><th>Brand</th><td>Q</td></tr><tr><th>Size Number</th><td>7</td></tr><tr><th>Stock Size (in)</th><td>0.88</td></tr><tr><th>Standard Tap Size (in)</th><td>1&quot;</td></tr><tr><th>Working Load Limit (lb)</th><td>10000LBS</td></tr></tbody></table>","Qindao","","Eye Nuts","Spartan import, department:rigging-hardware, category:eye-nuts, Eye Nuts, Qindao","false","draft","G40016X","","Title","Default Title","","","","","","","","true","553","g","true","manual","Eye Nuts","Rigging Hardware","","","","","Q","","","","","","","","","","","","","","","","","","","","","","","","","","","","","7","1""","0.88","","","","","","","","","","","","10000LBS",""
"Fierce Boot Insole — Blue","fierce-boot-insole-blue","<table><tbody><tr><th>Colour</th><td>Blue</td></tr><tr><th>Compatibility</th><td>Fierce Boot Red</td></tr></tbody></table>","CMF AYAKKABICILIK SAN LTD","","Insoles","Spartan import, department:workwear-footwear, category:insoles, Insoles, CMF AYAKKABICILIK SAN LTD","false","draft","FINS39-6","","EU Size","39","","","","","","","","true","","","true","manual","Insoles","Workwear & Footwear","","","","","","","","","","Blue","Fierce Boot Red","","","","","","","","","","","","","","","","","","","","","","","","","","","","","","","","","","","","","",""
"","fierce-boot-insole-blue","","","","","","","","FINS41-8","","EU Size","41","","","","","","","","true","","","true","manual","","","","","","","","","","","","","","","","","","","","","","","","","","","","","","","","","","","","","","","","","","","","","","","","","","",""
"","fierce-boot-insole-blue","","","","","","","","FINS42-9","","EU Size","42","","","","","","","","true","","","true","manual","","","","","","","","","","","","","","","","","","","","","","","","","","","","","","","","","","","","","","","","","","","","","","","","","","",""
"","fierce-boot-insole-blue","","","","","","","","FINS43-10","","EU Size","43","","","","","","","","true","","","true","manual","","","","","","","","","","","","","","","","","","","","","","","","","","","","","","","","","","","","","","","","","","","","","","","","","","",""
"","fierce-boot-insole-blue","","","","","","","","FINS44-11","","EU Size","44","","","","","","","","true","","","true","manual","","","","","","","","","","","","","","","","","","","","","","","","","","","","","","","","","","","","","","","","","","","","","","","","","","",""
"","fierce-boot-insole-blue","","","","","","","","FINS45-12","","EU Size","45","","","","","","","","true","","","true","manual","","","","","","","","","","","","","","","","","","","","","","","","","","","","","","","","","","","","","","","","","","","","","","","","","","",""
"","fierce-boot-insole-blue","","","","","","","","FINS46-13","","EU Size","46","","","","","","","","true","","","true","manual","","","","","","","","","","","","","","","","","","","","","","","","","","","","","","","","","","","","","","","","","","","","","","","","","","",""
"","fierce-boot-insole-blue","","","","","","","","FINS47-14","","EU Size","47","","","","","","","","true","","","true","manual","","","","","","","","","","","","","","","","","","","","","","","","","","","","","","","","","","","","","","","","","","","","","","","","","","",""
"Fierce Endurance Jacket","fierce-endurance-jacket","<table><tbody><tr><th>Material</th><td>69% PVC / 14% Polyester / 14% Cotton / 3% PU</td></tr></tbody></table>","TOPTUXEDO IDA","","JACKET","Spartan import, department:workwear-footwear, category:jackets, Jackets, TOPTUXEDO IDA","false","draft","50JFY-2XL","","Colour","Yellow Fluor","Size","2XL","","","","","","true","","","true","manual","Jackets","Workwear & Footwear","","","","","","","","","","","","","","","","","","","","","","","","69% PVC / 14% Polyester / 14% Cotton / 3% PU","","","","","","","","","","","","","","","","","","","","","","","","",""
"","fierce-endurance-jacket","","","","","","","","50JFY-3XL","","Colour","Yellow Fluor","Size","3XL","","","","","","true","","","true","manual","","","","","","","","","","","","","","","","","","","","","","","","","","","","","","","","","","","","","","","","","","","","","","","","","","",""
"","fierce-endurance-jacket","","","","","","","","50JFY-4XL","","Colour","Yellow Fluor","Size","4XL","","","","","","true","","","true","manual","","","","","","","","","","","","","","","","","","","","","","","","","","","","","","","","","","","","","","","","","","","","","","","","","","",""
"","fierce-endurance-jacket","","","","","","","","50JFY-L","","Colour","Yellow Fluor","Size","L","","","","","","true","","","true","manual","","","","","","","","","","","","","","","","","","","","","","","","","","","","","","","","","","","","","","","","","","","","","","","","","","",""
"","fierce-endurance-jacket","","","","","","","","50JFY-M","","Colour","Yellow Fluor","Size","M","","","","","","true","","","true","manual","","","","","","","","","","","","","","","","","","","","","","","","","","","","","","","","","","","","","","","","","","","","","","","","","","",""
"","fierce-endurance-jacket","","","","","","","","50JFY-S","","Colour","Yellow Fluor","Size","S","","","","","","true","","","true","manual","","","","","","","","","","","","","","","","","","","","","","","","","","","","","","","","","","","","","","","","","","","","","","","","","","",""
"","fierce-endurance-jacket","","","","","","","","50JFY-XL","","Colour","Yellow Fluor","Size","XL","","","","","","true","","","true","manual","","","","","","","","","","","","","","","","","","","","","","","","","","","","","","","","","","","","","","","","","","","","","","","","","","",""
"","fierce-endurance-jacket","","","","","","","","50JFY-XS","","Colour","Yellow Fluor","Size","XS","","","","","","true","","","true","manual","","","","","","","","","","","","","","","","","","","","","","","","","","","","","","","","","","","","","","","","","","","","","","","","","","",""
"","fierce-endurance-jacket","","","","","","","","50JFY-XXS","","Colour","Yellow Fluor","Size","XXS","","","","","","true","","","true","manual","","","","","","","","","","","","","","","","","","","","","","","","","","","","","","","","","","","","","","","","","","","","","","","","","","",""
"","fierce-endurance-jacket","","","","","","","","50JMG-2XL","","Colour","Moss Green","Size","2XL","","","","","","true","","","true","manual","","","","","","","","","","","","","","","","","","","","","","","","","","","","","","","","","","","","","","","","","","","","","","","","","","",""
"","fierce-endurance-jacket","","","","","","","","50JMG-3XL","","Colour","Moss Green","Size","3XL","","","","","","true","","","true","manual","","","","","","","","","","","","","","","","","","","","","","","","","","","","","","","","","","","","","","","","","","","","","","","","","","",""
"","fierce-endurance-jacket","","","","","","","","50JMG-4XL","","Colour","Moss Green","Size","4XL","","","","","","true","","","true","manual","","","","","","","","","","","","","","","","","","","","","","","","","","","","","","","","","","","","","","","","","","","","","","","","","","",""
"","fierce-endurance-jacket","","","","","","","","50JMG-L","","Colour","Moss Green","Size","L","","","","","","true","","","true","manual","","","","","","","","","","","","","","","","","","","","","","","","","","","","","","","","","","","","","","","","","","","","","","","","","","",""
"","fierce-endurance-jacket","","","","","","","","50JMG-M","","Colour","Moss Green","Size","M","","","","","","true","","","true","manual","","","","","","","","","","","","","","","","","","","","","","","","","","","","","","","","","","","","","","","","","","","","","","","","","","",""
"","fierce-endurance-jacket","","","","","","","","50JMG-S","","Colour","Moss Green","Size","S","","","","","","true","","","true","manual","","","","","","","","","","","","","","","","","","","","","","","","","","","","","","","","","","","","","","","","","","","","","","","","","","",""
"","fierce-endurance-jacket","","","","","","","","50JMG-XL","","Colour","Moss Green","Size","XL","","","","","","true","","","true","manual","","","","","","","","","","","","","","","","","","","","","","","","","","","","","","","","","","","","","","","","","","","","","","","","","","",""
"","fierce-endurance-jacket","","","","","","","","50JMG-XS","","Colour","Moss Green","Size","XS","","","","","","true","","","true","manual","","","","","","","","","","","","","","","","","","","","","","","","","","","","","","","","","","","","","","","","","","","","","","","","","","",""
"","fierce-endurance-jacket","","","","","","","","50JMG-XXS","","Colour","Moss Green","Size","XXS","","","","","","true","","","true","manual","","","","","","","","","","","","","","","","","","","","","","","","","","","","","","","","","","","","","","","","","","","","","","","","","","",""
"Fierce Endurance Pants","fierce-endurance-pants","<table><tbody><tr><th>Material</th><td>69% PVC / 14% Polyester / 14% Cotton / 3% PU</td></tr></tbody></table>","TOPTUXEDO IDA","","BIB PANTS","Spartan import, department:workwear-footwear, category:pants, Pants, TOPTUXEDO IDA","false","draft","50PFY-2XL","","Colour","Yellow Fluor","Size","2XL","","","","","","true","","","true","manual","Pants","Workwear & Footwear","","","","","","","","","","","","","","","","","","","","","","","","69% PVC / 14% Polyester / 14% Cotton / 3% PU","","","","","","","","","","","","","","","","","","","","","","","","",""
"","fierce-endurance-pants","","","","","","","","50PFY-3XL","","Colour","Yellow Fluor","Size","3XL","","","","","","true","","","true","manual","","","","","","","","","","","","","","","","","","","","","","","","","","","","","","","","","","","","","","","","","","","","","","","","","","",""
"","fierce-endurance-pants","","","","","","","","50PFY-4XL","","Colour","Yellow Fluor","Size","4XL","","","","","","true","","","true","manual","","","","","","","","","","","","","","","","","","","","","","","","","","","","","","","","","","","","","","","","","","","","","","","","","","",""
"","fierce-endurance-pants","","","","","","","","50PFY-L","","Colour","Yellow Fluor","Size","L","","","","","","true","","","true","manual","","","","","","","","","","","","","","","","","","","","","","","","","","","","","","","","","","","","","","","","","","","","","","","","","","",""
"","fierce-endurance-pants","","","","","","","","50PFY-M","","Colour","Yellow Fluor","Size","M","","","","","","true","","","true","manual","","","","","","","","","","","","","","","","","","","","","","","","","","","","","","","","","","","","","","","","","","","","","","","","","","",""
"","fierce-endurance-pants","","","","","","","","50PFY-S","","Colour","Yellow Fluor","Size","S","","","","","","true","","","true","manual","","","","","","","","","","","","","","","","","","","","","","","","","","","","","","","","","","","","","","","","","","","","","","","","","","",""
"","fierce-endurance-pants","","","","","","","","50PFY-XL","","Colour","Yellow Fluor","Size","XL","","","","","","true","","","true","manual","","","","","","","","","","","","","","","","","","","","","","","","","","","","","","","","","","","","","","","","","","","","","","","","","","",""
"","fierce-endurance-pants","","","","","","","","50PFY-XS","","Colour","Yellow Fluor","Size","XS","","","","","","true","","","true","manual","","","","","","","","","","","","","","","","","","","","","","","","","","","","","","","","","","","","","","","","","","","","","","","","","","",""
"","fierce-endurance-pants","","","","","","","","50PFY-XXS","","Colour","Yellow Fluor","Size","XXS","","","","","","true","","","true","manual","","","","","","","","","","","","","","","","","","","","","","","","","","","","","","","","","","","","","","","","","","","","","","","","","","",""
"","fierce-endurance-pants","","","","","","","","50PMG-2XL","","Colour","Moss Green","Size","2XL","","","","","","true","","","true","manual","","","","","","","","","","","","","","","","","","","","","","","","","","","","","","","","","","","","","","","","","","","","","","","","","","",""
"","fierce-endurance-pants","","","","","","","","50PMG-3XL","","Colour","Moss Green","Size","3XL","","","","","","true","","","true","manual","","","","","","","","","","","","","","","","","","","","","","","","","","","","","","","","","","","","","","","","","","","","","","","","","","",""
"","fierce-endurance-pants","","","","","","","","50PMG-4XL","","Colour","Moss Green","Size","4XL","","","","","","true","","","true","manual","","","","","","","","","","","","","","","","","","","","","","","","","","","","","","","","","","","","","","","","","","","","","","","","","","",""
"","fierce-endurance-pants","","","","","","","","50PMG-L","","Colour","Moss Green","Size","L","","","","","","true","","","true","manual","","","","","","","","","","","","","","","","","","","","","","","","","","","","","","","","","","","","","","","","","","","","","","","","","","",""
"","fierce-endurance-pants","","","","","","","","50PMG-M","","Colour","Moss Green","Size","M","","","","","","true","","","true","manual","","","","","","","","","","","","","","","","","","","","","","","","","","","","","","","","","","","","","","","","","","","","","","","","","","",""
"","fierce-endurance-pants","","","","","","","","50PMG-S","","Colour","Moss Green","Size","S","","","","","","true","","","true","manual","","","","","","","","","","","","","","","","","","","","","","","","","","","","","","","","","","","","","","","","","","","","","","","","","","",""
"","fierce-endurance-pants","","","","","","","","50PMG-XL","","Colour","Moss Green","Size","XL","","","","","","true","","","true","manual","","","","","","","","","","","","","","","","","","","","","","","","","","","","","","","","","","","","","","","","","","","","","","","","","","",""
"","fierce-endurance-pants","","","","","","","","50PMG-XS","","Colour","Moss Green","Size","XS","","","","","","true","","","true","manual","","","","","","","","","","","","","","","","","","","","","","","","","","","","","","","","","","","","","","","","","","","","","","","","","","",""
"","fierce-endurance-pants","","","","","","","","50PMG-XXS","","Colour","Moss Green","Size","XXS","","","","","","true","","","true","manual","","","","","","","","","","","","","","","","","","","","","","","","","","","","","","","","","","","","","","","","","","","","","","","","","","",""
"Fierce Evolution Jacket","fierce-evolution-jacket","<table><tbody><tr><th>Material</th><td>88% PVC / 12% Polyester + 71% PVC / 29% Polyester</td></tr><tr><th>Colour</th><td>Orange/Blue</td></tr></tbody></table>","TOPTUXEDO IDA","","JACKET","Spartan import, department:workwear-footwear, category:jackets, Jackets, TOPTUXEDO IDA","false","draft","70JOB-2XL","","Size","2XL","","","","","","","","true","","","true","manual","Jackets","Workwear & Footwear","","","","","","","","","","Orange/Blue","","","","","","","","","","","","","","88% PVC / 12% Polyester + 71% PVC / 29% Polyester","","","","","","","","","","","","","","","","","","","","","","","","",""
"","fierce-evolution-jacket","","","","","","","","70JOB-3XL","","Size","3XL","","","","","","","","true","","","true","manual","","","","","","","","","","","","","","","","","","","","","","","","","","","","","","","","","","","","","","","","","","","","","","","","","","",""
"","fierce-evolution-jacket","","","","","","","","70JOB-4XL","","Size","4XL","","","","","","","","true","","","true","manual","","","","","","","","","","","","","","","","","","","","","","","","","","","","","","","","","","","","","","","","","","","","","","","","","","",""
"","fierce-evolution-jacket","","","","","","","","70JOB-L","","Size","L","","","","","","","","true","","","true","manual","","","","","","","","","","","","","","","","","","","","","","","","","","","","","","","","","","","","","","","","","","","","","","","","","","",""
"","fierce-evolution-jacket","","","","","","","","70JOB-M","","Size","M","","","","","","","","true","","","true","manual","","","","","","","","","","","","","","","","","","","","","","","","","","","","","","","","","","","","","","","","","","","","","","","","","","",""
"","fierce-evolution-jacket","","","","","","","","70JOB-S","","Size","S","","","","","","","","true","","","true","manual","","","","","","","","","","","","","","","","","","","","","","","","","","","","","","","","","","","","","","","","","","","","","","","","","","",""
"","fierce-evolution-jacket","","","","","","","","70JOB-XL","","Size","XL","","","","","","","","true","","","true","manual","","","","","","","","","","","","","","","","","","","","","","","","","","","","","","","","","","","","","","","","","","","","","","","","","","",""
"","fierce-evolution-jacket","","","","","","","","70JOB-XS","","Size","XS","","","","","","","","true","","","true","manual","","","","","","","","","","","","","","","","","","","","","","","","","","","","","","","","","","","","","","","","","","","","","","","","","","",""
"","fierce-evolution-jacket","","","","","","","","70JOB-XXS","","Size","XXS","","","","","","","","true","","","true","manual","","","","","","","","","","","","","","","","","","","","","","","","","","","","","","","","","","","","","","","","","","","","","","","","","","",""
"Fierce Evolution Pants","fierce-evolution-pants","<table><tbody><tr><th>Material</th><td>88% PVC / 12% Polyester + 71% PVC / 29% Polyester</td></tr><tr><th>Colour</th><td>Orange/Blue</td></tr></tbody></table>","TOPTUXEDO IDA","","BIB PANTS","Spartan import, department:workwear-footwear, category:pants, Pants, TOPTUXEDO IDA","false","draft","70POB-2XL","","Size","2XL","","","","","","","","true","","","true","manual","Pants","Workwear & Footwear","","","","","","","","","","Orange/Blue","","","","","","","","","","","","","","88% PVC / 12% Polyester + 71% PVC / 29% Polyester","","","","","","","","","","","","","","","","","","","","","","","","",""
"","fierce-evolution-pants","","","","","","","","70POB-3XL","","Size","3XL","","","","","","","","true","","","true","manual","","","","","","","","","","","","","","","","","","","","","","","","","","","","","","","","","","","","","","","","","","","","","","","","","","",""
"","fierce-evolution-pants","","","","","","","","70POB-4XL","","Size","4XL","","","","","","","","true","","","true","manual","","","","","","","","","","","","","","","","","","","","","","","","","","","","","","","","","","","","","","","","","","","","","","","","","","",""
"","fierce-evolution-pants","","","","","","","","70POB-L","","Size","L","","","","","","","","true","","","true","manual","","","","","","","","","","","","","","","","","","","","","","","","","","","","","","","","","","","","","","","","","","","","","","","","","","",""
"","fierce-evolution-pants","","","","","","","","70POB-M","","Size","M","","","","","","","","true","","","true","manual","","","","","","","","","","","","","","","","","","","","","","","","","","","","","","","","","","","","","","","","","","","","","","","","","","",""
"","fierce-evolution-pants","","","","","","","","70POB-S","","Size","S","","","","","","","","true","","","true","manual","","","","","","","","","","","","","","","","","","","","","","","","","","","","","","","","","","","","","","","","","","","","","","","","","","",""
"","fierce-evolution-pants","","","","","","","","70POB-XL","","Size","XL","","","","","","","","true","","","true","manual","","","","","","","","","","","","","","","","","","","","","","","","","","","","","","","","","","","","","","","","","","","","","","","","","","",""
"","fierce-evolution-pants","","","","","","","","70POB-XS","","Size","XS","","","","","","","","true","","","true","manual","","","","","","","","","","","","","","","","","","","","","","","","","","","","","","","","","","","","","","","","","","","","","","","","","","",""
"","fierce-evolution-pants","","","","","","","","70POB-XXS","","Size","XXS","","","","","","","","true","","","true","manual","","","","","","","","","","","","","","","","","","","","","","","","","","","","","","","","","","","","","","","","","","","","","","","","","","",""
"Fierce Explorer Jacket","fierce-explorer-jacket","<table><tbody><tr><th>Material</th><td>88% PVC / 12% Polyester</td></tr><tr><th>Colour</th><td>Yellow/Grey</td></tr></tbody></table>","TOPTUXEDO IDA","","JACKET","Spartan import, department:workwear-footwear, category:jackets, Jackets, TOPTUXEDO IDA","false","draft","60JYG-2XL","","Size","2XL","","","","","","","","true","","","true","manual","Jackets","Workwear & Footwear","","","","","","","","","","Yellow/Grey","","","","","","","","","","","","","","88% PVC / 12% Polyester","","","","","","","","","","","","","","","","","","","","","","","","",""
"","fierce-explorer-jacket","","","","","","","","60JYG-3XL","","Size","3XL","","","","","","","","true","","","true","manual","","","","","","","","","","","","","","","","","","","","","","","","","","","","","","","","","","","","","","","","","","","","","","","","","","",""
"","fierce-explorer-jacket","","","","","","","","60JYG-4XL","","Size","4XL","","","","","","","","true","","","true","manual","","","","","","","","","","","","","","","","","","","","","","","","","","","","","","","","","","","","","","","","","","","","","","","","","","",""
"","fierce-explorer-jacket","","","","","","","","60JYG-L","","Size","L","","","","","","","","true","","","true","manual","","","","","","","","","","","","","","","","","","","","","","","","","","","","","","","","","","","","","","","","","","","","","","","","","","",""
"","fierce-explorer-jacket","","","","","","","","60JYG-M","","Size","M","","","","","","","","true","","","true","manual","","","","","","","","","","","","","","","","","","","","","","","","","","","","","","","","","","","","","","","","","","","","","","","","","","",""
"","fierce-explorer-jacket","","","","","","","","60JYG-S","","Size","S","","","","","","","","true","","","true","manual","","","","","","","","","","","","","","","","","","","","","","","","","","","","","","","","","","","","","","","","","","","","","","","","","","",""
"","fierce-explorer-jacket","","","","","","","","60JYG-XL","","Size","XL","","","","","","","","true","","","true","manual","","","","","","","","","","","","","","","","","","","","","","","","","","","","","","","","","","","","","","","","","","","","","","","","","","",""
"","fierce-explorer-jacket","","","","","","","","60JYG-XS","","Size","XS","","","","","","","","true","","","true","manual","","","","","","","","","","","","","","","","","","","","","","","","","","","","","","","","","","","","","","","","","","","","","","","","","","",""
"","fierce-explorer-jacket","","","","","","","","60JYG-XXS","","Size","XXS","","","","","","","","true","","","true","manual","","","","","","","","","","","","","","","","","","","","","","","","","","","","","","","","","","","","","","","","","","","","","","","","","","",""
"Fierce Explorer Pants","fierce-explorer-pants","<table><tbody><tr><th>Material</th><td>88% PVC / 12% Polyester</td></tr><tr><th>Colour</th><td>Yellow/Grey</td></tr></tbody></table>","TOPTUXEDO IDA","","BIB PANTS","Spartan import, department:workwear-footwear, category:pants, Pants, TOPTUXEDO IDA","false","draft","60PYG-2XL","","Size","2XL","","","","","","","","true","","","true","manual","Pants","Workwear & Footwear","","","","","","","","","","Yellow/Grey","","","","","","","","","","","","","","88% PVC / 12% Polyester","","","","","","","","","","","","","","","","","","","","","","","","",""
"","fierce-explorer-pants","","","","","","","","60PYG-3XL","","Size","3XL","","","","","","","","true","","","true","manual","","","","","","","","","","","","","","","","","","","","","","","","","","","","","","","","","","","","","","","","","","","","","","","","","","",""
"","fierce-explorer-pants","","","","","","","","60PYG-4XL","","Size","4XL","","","","","","","","true","","","true","manual","","","","","","","","","","","","","","","","","","","","","","","","","","","","","","","","","","","","","","","","","","","","","","","","","","",""
"","fierce-explorer-pants","","","","","","","","60PYG-L","","Size","L","","","","","","","","true","","","true","manual","","","","","","","","","","","","","","","","","","","","","","","","","","","","","","","","","","","","","","","","","","","","","","","","","","",""
"","fierce-explorer-pants","","","","","","","","60PYG-M","","Size","M","","","","","","","","true","","","true","manual","","","","","","","","","","","","","","","","","","","","","","","","","","","","","","","","","","","","","","","","","","","","","","","","","","",""
"","fierce-explorer-pants","","","","","","","","60PYG-S","","Size","S","","","","","","","","true","","","true","manual","","","","","","","","","","","","","","","","","","","","","","","","","","","","","","","","","","","","","","","","","","","","","","","","","","",""
"","fierce-explorer-pants","","","","","","","","60PYG-XL","","Size","XL","","","","","","","","true","","","true","manual","","","","","","","","","","","","","","","","","","","","","","","","","","","","","","","","","","","","","","","","","","","","","","","","","","",""
"","fierce-explorer-pants","","","","","","","","60PYG-XS","","Size","XS","","","","","","","","true","","","true","manual","","","","","","","","","","","","","","","","","","","","","","","","","","","","","","","","","","","","","","","","","","","","","","","","","","",""
"","fierce-explorer-pants","","","","","","","","60PYG-XXS","","Size","XXS","","","","","","","","true","","","true","manual","","","","","","","","","","","","","","","","","","","","","","","","","","","","","","","","","","","","","","","","","","","","","","","","","","",""
"Fierce Frontier Boots","fierce-frontier-boots","<table><tbody><tr><th>Material</th><td>Polyurethane</td></tr></tbody></table>","CMF AYAKKABICILIK SAN LTD","","Boots","Spartan import, department:workwear-footwear, category:boots, Boots, CMF AYAKKABICILIK SAN LTD","false","draft","FPUBSG36-3","","Colour","Green/Black","Size","36","","","","","","true","","","true","manual","Boots","Workwear & Footwear","","","","","","","","","","","","","","","","","","","","","","","","Polyurethane","","","","","","","","","","","","","","","","","","","","","","","","",""
"","fierce-frontier-boots","","","","","","","","FPUBSG37-4","","Colour","Green/Black","Size","37","","","","","","true","","","true","manual","","","","","","","","","","","","","","","","","","","","","","","","","","","","","","","","","","","","","","","","","","","","","","","","","","",""
"","fierce-frontier-boots","","","","","","","","FPUBSG38-5","","Colour","Green/Black","Size","38","","","","","","true","","","true","manual","","","","","","","","","","","","","","","","","","","","","","","","","","","","","","","","","","","","","","","","","","","","","","","","","","",""
"","fierce-frontier-boots","","","","","","","","FPUBSG39-6","","Colour","Green/Black","Size","39","","","","","","true","","","true","manual","","","","","","","","","","","","","","","","","","","","","","","","","","","","","","","","","","","","","","","","","","","","","","","","","","",""
"","fierce-frontier-boots","","","","","","","","FPUBSG40-7","","Colour","Green/Black","Size","40","","","","","","true","","","true","manual","","","","","","","","","","","","","","","","","","","","","","","","","","","","","","","","","","","","","","","","","","","","","","","","","","",""
"","fierce-frontier-boots","","","","","","","","FPUBSG41-8","","Colour","Green/Black","Size","41","","","","","","true","","","true","manual","","","","","","","","","","","","","","","","","","","","","","","","","","","","","","","","","","","","","","","","","","","","","","","","","","",""
"","fierce-frontier-boots","","","","","","","","FPUBSG42-9","","Colour","Green/Black","Size","42","","","","","","true","","","true","manual","","","","","","","","","","","","","","","","","","","","","","","","","","","","","","","","","","","","","","","","","","","","","","","","","","",""
"","fierce-frontier-boots","","","","","","","","FPUBSG43-10","","Colour","Green/Black","Size","43","","","","","","true","","","true","manual","","","","","","","","","","","","","","","","","","","","","","","","","","","","","","","","","","","","","","","","","","","","","","","","","","",""
"","fierce-frontier-boots","","","","","","","","FPUBSG44-11","","Colour","Green/Black","Size","44","","","","","","true","","","true","manual","","","","","","","","","","","","","","","","","","","","","","","","","","","","","","","","","","","","","","","","","","","","","","","","","","",""
"","fierce-frontier-boots","","","","","","","","FPUBSG45-12","","Colour","Green/Black","Size","45","","","","","","true","","","true","manual","","","","","","","","","","","","","","","","","","","","","","","","","","","","","","","","","","","","","","","","","","","","","","","","","","",""
"","fierce-frontier-boots","","","","","","","","FPUBSG46-13","","Colour","Green/Black","Size","46","","","","","","true","","","true","manual","","","","","","","","","","","","","","","","","","","","","","","","","","","","","","","","","","","","","","","","","","","","","","","","","","",""
"","fierce-frontier-boots","","","","","","","","FPUBSG47-14","","Colour","Green/Black","Size","47","","","","","","true","","","true","manual","","","","","","","","","","","","","","","","","","","","","","","","","","","","","","","","","","","","","","","","","","","","","","","","","","",""
"","fierce-frontier-boots","","","","","","","","FPUBSG48-15","","Colour","Green/Black","Size","48","","","","","","true","","","true","manual","","","","","","","","","","","","","","","","","","","","","","","","","","","","","","","","","","","","","","","","","","","","","","","","","","",""
"","fierce-frontier-boots","","","","","","","","FPUBSO37-4","","Colour","Orange/Black","Size","37","","","","","","true","","","true","manual","","","","","","","","","","","","","","","","","","","","","","","","","","","","","","","","","","","","","","","","","","","","","","","","","","",""
"","fierce-frontier-boots","","","","","","","","FPUBSO38-5","","Colour","Orange/Black","Size","38","","","","","","true","","","true","manual","","","","","","","","","","","","","","","","","","","","","","","","","","","","","","","","","","","","","","","","","","","","","","","","","","",""
"","fierce-frontier-boots","","","","","","","","FPUBSO39-6","","Colour","Orange/Black","Size","39","","","","","","true","","","true","manual","","","","","","","","","","","","","","","","","","","","","","","","","","","","","","","","","","","","","","","","","","","","","","","","","","",""
"","fierce-frontier-boots","","","","","","","","FPUBSO40-7","","Colour","Orange/Black","Size","40","","","","","","true","","","true","manual","","","","","","","","","","","","","","","","","","","","","","","","","","","","","","","","","","","","","","","","","","","","","","","","","","",""
"","fierce-frontier-boots","","","","","","","","FPUBSO41-8","","Colour","Orange/Black","Size","41","","","","","","true","","","true","manual","","","","","","","","","","","","","","","","","","","","","","","","","","","","","","","","","","","","","","","","","","","","","","","","","","",""
"","fierce-frontier-boots","","","","","","","","FPUBSO42-9","","Colour","Orange/Black","Size","42","","","","","","true","","","true","manual","","","","","","","","","","","","","","","","","","","","","","","","","","","","","","","","","","","","","","","","","","","","","","","","","","",""
"","fierce-frontier-boots","","","","","","","","FPUBSO43-10","","Colour","Orange/Black","Size","43","","","","","","true","","","true","manual","","","","","","","","","","","","","","","","","","","","","","","","","","","","","","","","","","","","","","","","","","","","","","","","","","",""
"","fierce-frontier-boots","","","","","","","","FPUBSO44-11","","Colour","Orange/Black","Size","44","","","","","","true","","","true","manual","","","","","","","","","","","","","","","","","","","","","","","","","","","","","","","","","","","","","","","","","","","","","","","","","","",""
"","fierce-frontier-boots","","","","","","","","FPUBSO45-12","","Colour","Orange/Black","Size","45","","","","","","true","","","true","manual","","","","","","","","","","","","","","","","","","","","","","","","","","","","","","","","","","","","","","","","","","","","","","","","","","",""
"","fierce-frontier-boots","","","","","","","","FPUBSO46-13","","Colour","Orange/Black","Size","46","","","","","","true","","","true","manual","","","","","","","","","","","","","","","","","","","","","","","","","","","","","","","","","","","","","","","","","","","","","","","","","","",""
"","fierce-frontier-boots","","","","","","","","FPUBSO47-14","","Colour","Orange/Black","Size","47","","","","","","true","","","true","manual","","","","","","","","","","","","","","","","","","","","","","","","","","","","","","","","","","","","","","","","","","","","","","","","","","",""
"","fierce-frontier-boots","","","","","","","","FPUBSO48-15","","Colour","Orange/Black","Size","48","","","","","","true","","","true","manual","","","","","","","","","","","","","","","","","","","","","","","","","","","","","","","","","","","","","","","","","","","","","","","","","","",""
"Fierce Thermo Boots","fierce-thermo-boots","<table><tbody><tr><th>Material</th><td>Polyurethane</td></tr></tbody></table>","CMF AYAKKABICILIK SAN LTD","","Boots","Spartan import, department:workwear-footwear, category:boots, Boots, CMF AYAKKABICILIK SAN LTD","false","draft","FTPUBG39-6","","Colour","Green/Black","Size","39","","","","","","true","","","true","manual","Boots","Workwear & Footwear","","","","","","","","","","","","","","","","","","","","","","","","Polyurethane","","","","","","","","","","","","","","","","","","","","","","","","",""
"","fierce-thermo-boots","","","","","","","","FTPUBG40-7","","Colour","Green/Black","Size","40","","","","","","true","","","true","manual","","","","","","","","","","","","","","","","","","","","","","","","","","","","","","","","","","","","","","","","","","","","","","","","","","",""
"","fierce-thermo-boots","","","","","","","","FTPUBG41-8","","Colour","Green/Black","Size","41","","","","","","true","","","true","manual","","","","","","","","","","","","","","","","","","","","","","","","","","","","","","","","","","","","","","","","","","","","","","","","","","",""
"","fierce-thermo-boots","","","","","","","","FTPUBG42-9","","Colour","Green/Black","Size","42","","","","","","true","","","true","manual","","","","","","","","","","","","","","","","","","","","","","","","","","","","","","","","","","","","","","","","","","","","","","","","","","",""
"","fierce-thermo-boots","","","","","","","","FTPUBG43-10","","Colour","Green/Black","Size","43","","","","","","true","","","true","manual","","","","","","","","","","","","","","","","","","","","","","","","","","","","","","","","","","","","","","","","","","","","","","","","","","",""
"","fierce-thermo-boots","","","","","","","","FTPUBG44-11","","Colour","Green/Black","Size","44","","","","","","true","","","true","manual","","","","","","","","","","","","","","","","","","","","","","","","","","","","","","","","","","","","","","","","","","","","","","","","","","",""
"","fierce-thermo-boots","","","","","","","","FTPUBG45-12","","Colour","Green/Black","Size","45","","","","","","true","","","true","manual","","","","","","","","","","","","","","","","","","","","","","","","","","","","","","","","","","","","","","","","","","","","","","","","","","",""
"","fierce-thermo-boots","","","","","","","","FTPUBG46-13","","Colour","Green/Black","Size","46","","","","","","true","","","true","manual","","","","","","","","","","","","","","","","","","","","","","","","","","","","","","","","","","","","","","","","","","","","","","","","","","",""
"","fierce-thermo-boots","","","","","","","","FTPUBO39-6","","Colour","Orange/Black","Size","39","","","","","","true","","","true","manual","","","","","","","","","","","","","","","","","","","","","","","","","","","","","","","","","","","","","","","","","","","","","","","","","","",""
"","fierce-thermo-boots","","","","","","","","FTPUBO40-7","","Colour","Orange/Black","Size","40","","","","","","true","","","true","manual","","","","","","","","","","","","","","","","","","","","","","","","","","","","","","","","","","","","","","","","","","","","","","","","","","",""
"","fierce-thermo-boots","","","","","","","","FTPUBO41-8","","Colour","Orange/Black","Size","41","","","","","","true","","","true","manual","","","","","","","","","","","","","","","","","","","","","","","","","","","","","","","","","","","","","","","","","","","","","","","","","","",""
"","fierce-thermo-boots","","","","","","","","FTPUBO42-9","","Colour","Orange/Black","Size","42","","","","","","true","","","true","manual","","","","","","","","","","","","","","","","","","","","","","","","","","","","","","","","","","","","","","","","","","","","","","","","","","",""
"","fierce-thermo-boots","","","","","","","","FTPUBO43-10","","Colour","Orange/Black","Size","43","","","","","","true","","","true","manual","","","","","","","","","","","","","","","","","","","","","","","","","","","","","","","","","","","","","","","","","","","","","","","","","","",""
"","fierce-thermo-boots","","","","","","","","FTPUBO44-11","","Colour","Orange/Black","Size","44","","","","","","true","","","true","manual","","","","","","","","","","","","","","","","","","","","","","","","","","","","","","","","","","","","","","","","","","","","","","","","","","",""
"","fierce-thermo-boots","","","","","","","","FTPUBO45-12","","Colour","Orange/Black","Size","45","","","","","","true","","","true","manual","","","","","","","","","","","","","","","","","","","","","","","","","","","","","","","","","","","","","","","","","","","","","","","","","","",""
"","fierce-thermo-boots","","","","","","","","FTPUBO46-13","","Colour","Orange/Black","Size","46","","","","","","true","","","true","manual","","","","","","","","","","","","","","","","","","","","","","","","","","","","","","","","","","","","","","","","","","","","","","","","","","",""
"FISH BOX PLASTIC LID","fish-box-plastic-lid-16030017l","","BWAY CORPORATION CANADA","","Fish Boxes","Spartan import, department:fishing-trap-gear, category:fish-boxes, Fish Boxes, BWAY CORPORATION CANADA","false","draft","16030017L","","Title","Default Title","","","","","","","","true","","","true","manual","Fish Boxes","Fishing & Trap Gear","","","","","","","","","","","","","","","","","","","","","","","","","","","","","","","","","","","","","","","","","","","","","","","","",""
"FISH BOX PLASTIC NO HOLES","fish-box-plastic-no-holes-16030017","<table><tbody><tr><th>Size</th><td>70 L</td></tr></tbody></table>","BWAY CORPORATION CANADA","","Fish Boxes","Spartan import, department:fishing-trap-gear, category:fish-boxes, Fish Boxes, BWAY CORPORATION CANADA","false","draft","16030017","","Title","Default Title","","","","","","","","true","","","true","manual","Fish Boxes","Fishing & Trap Gear","","","","","","","","","","","","","","","","","","","","","","","","","","","","","","","70 L","","","","","","","","","","","","","","","","","",""
"FLOAT 6""X11"" T5 LOBSTER FISHING ORANGE","float-6-x11-t5-lobster-fishing-orange-gd-6x11-t5-on","<table><tbody><tr><th>Colour</th><td>Orange</td></tr><tr><th>Height</th><td>11&quot;</td></tr><tr><th>Width</th><td>6&quot;</td></tr><tr><th>Hole Diameter</th><td>0.75&quot;</td></tr><tr><th>Net Buoyancy</th><td>11 Ibs</td></tr></tbody></table>","GO DEEP INTERNATIONAL INC","","Buoys","Spartan import, department:safety-buoys-survival, category:buoys, Buoys, GO DEEP INTERNATIONAL INC","false","draft","GD-6X11-T5-ON","","Title","Default Title","","","","","","","","true","","","true","manual","Buoys","Safety, Buoys & Survival","","","","","","","","","","Orange","","","","","","","","","","11""","0.75""","","","","11 Ibs","","","","","","","","","","","","","","","","","","","","","6""","","",""
"FLOAT 6X11 T5 LOBSTER FISHING GREEN","float-6x11-t5-lobster-fishing-green-gd-6x11-t5-gn","<table><tbody><tr><th>Colour</th><td>Green</td></tr><tr><th>Height</th><td>11&quot;</td></tr><tr><th>Width</th><td>6&quot;</td></tr><tr><th>Hole Diameter</th><td>0.75&quot;</td></tr><tr><th>Net Buoyancy</th><td>11 Ibs</td></tr></tbody></table>","GO DEEP INTERNATIONAL INC","","Buoys","Spartan import, department:safety-buoys-survival, category:buoys, Buoys, GO DEEP INTERNATIONAL INC","false","draft","GD-6X11-T5-GN","","Title","Default Title","","","","","","","","true","","","true","manual","Buoys","Safety, Buoys & Survival","","","","","","","","","","Green","","","","","","","","","","11""","0.75""","","","","11 Ibs","","","","","","","","","","","","","","","","","","","","","6""","","",""
"FLOAT 6X11 T5 LOBSTER FISHING PINK","float-6x11-t5-lobster-fishing-pink-gd-6x11-t5-pk","<table><tbody><tr><th>Colour</th><td>Pink</td></tr><tr><th>Height</th><td>11&quot;</td></tr><tr><th>Width</th><td>6&quot;</td></tr><tr><th>Hole Diameter</th><td>0.75&quot;</td></tr><tr><th>Net Buoyancy</th><td>11 Ibs</td></tr></tbody></table>","GO DEEP INTERNATIONAL INC","","Buoys","Spartan import, department:safety-buoys-survival, category:buoys, Buoys, GO DEEP INTERNATIONAL INC","false","draft","GD-6X11-T5-PK","","Title","Default Title","","","","","","","","true","","","true","manual","Buoys","Safety, Buoys & Survival","","","","","","","","","","Pink","","","","","","","","","","11""","0.75""","","","","11 Ibs","","","","","","","","","","","","","","","","","","","","","6""","","",""
"FLOAT 6X11 T5 LOBSTER FISHING RED","float-6x11-t5-lobster-fishing-red-gd-6x11-t5-rd","<table><tbody><tr><th>Colour</th><td>Red</td></tr><tr><th>Height</th><td>11&quot;</td></tr><tr><th>Width</th><td>6&quot;</td></tr><tr><th>Hole Diameter</th><td>0.75&quot;</td></tr><tr><th>Net Buoyancy</th><td>11 Ibs</td></tr></tbody></table>","GO DEEP INTERNATIONAL INC","","Buoys","Spartan import, department:safety-buoys-survival, category:buoys, Buoys, GO DEEP INTERNATIONAL INC","false","draft","GD-6X11-T5-RD","","Title","Default Title","","","","","","","","true","","","true","manual","Buoys","Safety, Buoys & Survival","","","","","","","","","","Red","","","","","","","","","","11""","0.75""","","","","11 Ibs","","","","","","","","","","","","","","","","","","","","","6""","","",""
"FLOAT 6X11 T5 LOBSTER FISHING WHITE","float-6x11-t5-lobster-fishing-white-gd-6x11-t5-wh","<table><tbody><tr><th>Colour</th><td>White</td></tr><tr><th>Height</th><td>11&quot;</td></tr><tr><th>Width</th><td>6&quot;</td></tr><tr><th>Hole Diameter</th><td>0.75&quot;</td></tr><tr><th>Net Buoyancy</th><td>11 Ibs</td></tr></tbody></table>","GO DEEP INTERNATIONAL INC","","Buoys","Spartan import, department:safety-buoys-survival, category:buoys, Buoys, GO DEEP INTERNATIONAL INC","false","draft","GD-6X11-T5-WH","","Title","Default Title","","","","","","","","true","","","true","manual","Buoys","Safety, Buoys & Survival","","","","","","","","","","White","","","","","","","","","","11""","0.75""","","","","11 Ibs","","","","","","","","","","","","","","","","","","","","","6""","","",""
"FLOAT 6X11 T5 LOBSTER FISHING YELLOW","float-6x11-t5-lobster-fishing-yellow-gd-6x11-t5-yw","<table><tbody><tr><th>Colour</th><td>Yellow</td></tr><tr><th>Height</th><td>11&quot;</td></tr><tr><th>Width</th><td>6&quot;</td></tr><tr><th>Hole Diameter</th><td>0.75&quot;</td></tr><tr><th>Net Buoyancy</th><td>11 Ibs</td></tr></tbody></table>","GO DEEP INTERNATIONAL INC","","Buoys","Spartan import, department:safety-buoys-survival, category:buoys, Buoys, GO DEEP INTERNATIONAL INC","false","draft","GD-6X11-T5-YW","","Title","Default Title","","","","","","","","true","","","true","manual","Buoys","Safety, Buoys & Survival","","","","","","","","","","Yellow","","","","","","","","","","11""","0.75""","","","","11 Ibs","","","","","","","","","","","","","","","","","","","","","6""","","",""
"FLOAT 7-1/2X20 T10 LOBSTER FISHING GREEN","float-7-1-2x20-t10-lobster-fishing-green-gd-7x20-t10-gn","<table><tbody><tr><th>Colour</th><td>Green</td></tr><tr><th>Height</th><td>20&quot;</td></tr><tr><th>Width</th><td>7 1/2&quot;</td></tr><tr><th>Hole Diameter</th><td>1.5&quot;</td></tr><tr><th>Net Buoyancy</th><td>22 Ibs</td></tr></tbody></table>","GO DEEP INTERNATIONAL INC","","Buoys","Spartan import, department:safety-buoys-survival, category:buoys, Buoys, GO DEEP INTERNATIONAL INC","false","draft","GD-7x20-T10-GN","","Title","Default Title","","","","","","","","true","","","true","manual","Buoys","Safety, Buoys & Survival","","","","","","","","","","Green","","","","","","","","","","20""","1.5""","","","","22 Ibs","","","","","","","","","","","","","","","","","","","","","7 1/2""","","",""
"FLOAT 7-1/2X20 T10 LOBSTER FISHING ORANG","float-7-1-2x20-t10-lobster-fishing-orang-gd-7x20-t10-or","<table><tbody><tr><th>Colour</th><td>Orange</td></tr><tr><th>Height</th><td>20&quot;</td></tr><tr><th>Width</th><td>7 1/2&quot;</td></tr><tr><th>Hole Diameter</th><td>1.5&quot;</td></tr><tr><th>Net Buoyancy</th><td>22 Ibs</td></tr></tbody></table>","GO DEEP INTERNATIONAL INC","","Buoys","Spartan import, department:safety-buoys-survival, category:buoys, Buoys, GO DEEP INTERNATIONAL INC","false","draft","GD-7x20-T10-OR","","Title","Default Title","","","","","","","","true","","","true","manual","Buoys","Safety, Buoys & Survival","","","","","","","","","","Orange","","","","","","","","","","20""","1.5""","","","","22 Ibs","","","","","","","","","","","","","","","","","","","","","7 1/2""","","",""
"FLOAT 7-1/2X20 T10 LOBSTER FISHING PINK","float-7-1-2x20-t10-lobster-fishing-pink-gd-7x20-t10-pk","<table><tbody><tr><th>Colour</th><td>Pink</td></tr><tr><th>Height</th><td>20&quot;</td></tr><tr><th>Width</th><td>7 1/2&quot;</td></tr><tr><th>Hole Diameter</th><td>1.5&quot;</td></tr><tr><th>Net Buoyancy</th><td>22 Ibs</td></tr></tbody></table>","GO DEEP INTERNATIONAL INC","","Buoys","Spartan import, department:safety-buoys-survival, category:buoys, Buoys, GO DEEP INTERNATIONAL INC","false","draft","GD-7X20-T10-PK","","Title","Default Title","","","","","","","","true","","","true","manual","Buoys","Safety, Buoys & Survival","","","","","","","","","","Pink","","","","","","","","","","20""","1.5""","","","","22 Ibs","","","","","","","","","","","","","","","","","","","","","7 1/2""","","",""
"FLOAT 7-1/2X20 T10 LOBSTER FISHING RED","float-7-1-2x20-t10-lobster-fishing-red-gd-7x20-t10-rd","<table><tbody><tr><th>Colour</th><td>Red</td></tr><tr><th>Height</th><td>20&quot;</td></tr><tr><th>Width</th><td>7 1/2&quot;</td></tr><tr><th>Hole Diameter</th><td>1.5&quot;</td></tr><tr><th>Net Buoyancy</th><td>22 Ibs</td></tr></tbody></table>","GO DEEP INTERNATIONAL INC","","Buoys","Spartan import, department:safety-buoys-survival, category:buoys, Buoys, GO DEEP INTERNATIONAL INC","false","draft","GD-7x20-T10-RD","","Title","Default Title","","","","","","","","true","","","true","manual","Buoys","Safety, Buoys & Survival","","","","","","","","","","Red","","","","","","","","","","20""","1.5""","","","","22 Ibs","","","","","","","","","","","","","","","","","","","","","7 1/2""","","",""
"FLOAT 7-1/2X20 T10 LOBSTER FISHING WHITE","float-7-1-2x20-t10-lobster-fishing-white-gd-7x20-t10-wh","<table><tbody><tr><th>Colour</th><td>White</td></tr><tr><th>Height</th><td>20&quot;</td></tr><tr><th>Width</th><td>7 1/2&quot;</td></tr><tr><th>Hole Diameter</th><td>1.5&quot;</td></tr><tr><th>Net Buoyancy</th><td>22 Ibs</td></tr></tbody></table>","GO DEEP INTERNATIONAL INC","","Buoys","Spartan import, department:safety-buoys-survival, category:buoys, Buoys, GO DEEP INTERNATIONAL INC","false","draft","GD-7X20-T10-WH","","Title","Default Title","","","","","","","","true","","","true","manual","Buoys","Safety, Buoys & Survival","","","","","","","","","","White","","","","","","","","","","20""","1.5""","","","","22 Ibs","","","","","","","","","","","","","","","","","","","","","7 1/2""","","",""
"FLOAT 7-1/2X20 T10 LOBSTER FISHING YELLOW","float-7-1-2x20-t10-lobster-fishing-yellow-gd-7x20-t10-yw","<table><tbody><tr><th>Colour</th><td>Yellow</td></tr><tr><th>Height</th><td>20&quot;</td></tr><tr><th>Width</th><td>7 1/2&quot;</td></tr><tr><th>Hole Diameter</th><td>1.5&quot;</td></tr><tr><th>Net Buoyancy</th><td>22 Ibs</td></tr></tbody></table>","GO DEEP INTERNATIONAL INC","","Buoys","Spartan import, department:safety-buoys-survival, category:buoys, Buoys, GO DEEP INTERNATIONAL INC","false","draft","GD-7x20-T10-YW","","Title","Default Title","","","","","","","","true","","","true","manual","Buoys","Safety, Buoys & Survival","","","","","","","","","","Yellow","","","","","","","","","","20""","1.5""","","","","22 Ibs","","","","","","","","","","","","","","","","","","","","","7 1/2""","","",""
"FLOAT 91MM X 135MM X 18MM WHITE","float-91mm-x-135mm-x-18mm-white-tf-17","<table><tbody><tr><th>Colour</th><td>White</td></tr><tr><th>Height</th><td>135MM</td></tr></tbody></table>","SHYH YUNG FISHERY EQUIP. (NORTH PACIFIC)","","Buoys","Spartan import, department:safety-buoys-survival, category:buoys, Buoys, SHYH YUNG FISHERY EQUIP. (NORTH PACIFIC)","false","draft","TF-17","","Title","Default Title","","","","","","","","true","","","true","manual","Buoys","Safety, Buoys & Survival","","","","","","","","","","White","","","","","","","","","","135MM","","","","","","","","","","","","","","","","","","","","","","","","","","","","",""
"FORK PICK LOBSTER 6-1/2IN SS","fork-pick-lobster-6-1-2in-ss-lobsterfork","","BIG ERICS INC","","Lobster Crackers and Forks","Spartan import, department:fishing-trap-gear, category:lobster-crackers-and-forks, Lobster Crackers and Forks, BIG ERICS INC","false","draft","LOBSTERFORK","","Title","Default Title","","","","","","","","true","","","true","manual","Lobster Crackers and Forks","Fishing & Trap Gear","","","","","","","","","","","","","","","","","","","","","","","","","","","","","","","","","","","","","","","","","","","","","","","","",""
"FUEL-CONDITIONER DIESEL XTRA 1L x 12L","fuel-conditioner-diesel-xtra-1l-x-12l-5411110","<table><tbody><tr><th>Size</th><td>12x11x10</td></tr></tbody></table>","LUBRI-LAB INC.","","Fuel Additives","Spartan import, department:maintenance-supplies, category:fuel-additives, Fuel Additives, LUBRI-LAB INC.","false","draft","5411110","","Title","Default Title","","","","","","","","true","10433","g","true","manual","Fuel Additives","Maintenance & Supplies","","","","","","","","","","","","","","","","","","","","","","","","","","","","","","","12x11x10","","","","","","","","","","","","","","","","","",""
"FUEL-CONDITIONER DIESEL XTRA 20L","fuel-conditioner-diesel-xtra-20l-5411180","<table><tbody><tr><th>Size</th><td>13x13x16</td></tr></tbody></table>","LUBRI-LAB INC.","","Fuel Additives","Spartan import, department:maintenance-supplies, category:fuel-additives, Fuel Additives, LUBRI-LAB INC.","false","draft","5411180","","Title","Default Title","","","","","","","","true","20412","g","true","manual","Fuel Additives","Maintenance & Supplies","","","","","","","","","","","","","","","","","","","","","","","","","","","","","","","13x13x16","","","","","","","","","","","","","","","","","",""
"GLOVES INDUSTRIAL LARGE MARINE CUT-SEWN","gloves-industrial-large-marine-cut-sewn-17030016","","JOMAC CANADA INC.","","Gloves","Spartan import, department:workwear-footwear, category:gloves, Gloves, JOMAC CANADA INC.","false","draft","17030016","","Title","Default Title","","","","","","","","true","","","true","manual","Gloves","Workwear & Footwear","","","","","","","","","","","","","","","","","","","","","","","","","","","","","","","","","","","","","","","","","","","","","","","","",""
"GREASE ALL-PURPOSE EP-2 50TUBE/CS S-350","grease-all-purpose-ep-2-50tube-cs-s-350-5620780-ep2","<table><tbody><tr><th>Size</th><td>24x11x10</td></tr></tbody></table>","LUBRI-LAB INC.","","Grease","Spartan import, department:maintenance-supplies, category:grease, Grease, LUBRI-LAB INC.","false","draft","5620780-EP2","","Title","Default Title","","","","","","","","true","23587","g","true","manual","Grease","Maintenance & Supplies","","","","","","","","","","","","","","","","","","","","","","","","","","","","","","","24x11x10","","","","","","","","","","","","","","","","","",""
"GREASE IMPACT-TACKY EP-2 400G/CS-50TUBE/","grease-impact-tacky-ep-2-400g-cs-50tube-5624766-ep2","<table><tbody><tr><th>Size</th><td>24x11x10</td></tr></tbody></table>","LUBRI-LAB INC.","","Grease","Spartan import, department:maintenance-supplies, category:grease, Grease, LUBRI-LAB INC.","false","draft","5624766-EP2","","Title","Default Title","","","","","","","","true","24494","g","true","manual","Grease","Maintenance & Supplies","","","","","","","","","","","","","","","","","","","","","","","","","","","","","","","24x11x10","","","","","","","","","","","","","","","","","",""
"Grundéns Balder 504 Bib — Orange","grundens-balder-504-bib-orange","<table><tbody><tr><th>Colour</th><td>Orange</td></tr></tbody></table>","GRUNDEN'S USA LTD","","Foul Weather Pants","Spartan import, department:workwear-footwear, category:foul-weather-pants, Foul Weather Pants, GRUNDEN'S USA LTD","false","draft","10003-800-0012","","Size","XS","","","","","","","","true","1302","g","true","manual","Foul Weather Pants","Workwear & Footwear","","","","","","","","","","Orange","","","","","","","","","","","","","","","","","","","","","","","","","","","","","","","","","","","","","","",""
"","grundens-balder-504-bib-orange","","","","","","","","10003-800-0013","","Size","S","","","","","","","","true","1302","g","true","manual","","","","","","","","","","","","","","","","","","","","","","","","","","","","","","","","","","","","","","","","","","","","","","","","","","",""
"","grundens-balder-504-bib-orange","","","","","","","","10003-800-0014","","Size","M","","","","","","","","true","1352","g","true","manual","","","","","","","","","","","","","","","","","","","","","","","","","","","","","","","","","","","","","","","","","","","","","","","","","","",""
"","grundens-balder-504-bib-orange","","","","","","","","10003-800-0015","","Size","L","","","","","","","","true","1451","g","true","manual","","","","","","","","","","","","","","","","","","","","","","","","","","","","","","","","","","","","","","","","","","","","","","","","","","",""
"","grundens-balder-504-bib-orange","","","","","","","","10003-800-0016","","Size","XL","","","","","","","","true","1470","g","true","manual","","","","","","","","","","","","","","","","","","","","","","","","","","","","","","","","","","","","","","","","","","","","","","","","","","",""
"","grundens-balder-504-bib-orange","","","","","","","","10003-800-0017","","Size","2XL","","","","","","","","true","1601","g","true","manual","","","","","","","","","","","","","","","","","","","","","","","","","","","","","","","","","","","","","","","","","","","","","","","","","","",""
"","grundens-balder-504-bib-orange","","","","","","","","10003-800-0018","","Size","3XL","","","","","","","","true","1701","g","true","manual","","","","","","","","","","","","","","","","","","","","","","","","","","","","","","","","","","","","","","","","","","","","","","","","","","",""
"Grundéns Balder Zip 320 Jacket — Orange","grundens-balder-zip-320-jacket-orange","<table><tbody><tr><th>Colour</th><td>Orange</td></tr></tbody></table>","GRUNDEN'S USA LTD","","Foul Weather Jackets","Spartan import, department:workwear-footwear, category:foul-weather-jackets, Foul Weather Jackets, GRUNDEN'S USA LTD","false","draft","10151-800-0013","","Size","S","","","","","","","","true","1302","g","true","manual","Foul Weather Jackets","Workwear & Footwear","","","","","","","","","","Orange","","","","","","","","","","","","","","","","","","","","","","","","","","","","","","","","","","","","","","",""
"","grundens-balder-zip-320-jacket-orange","","","","","","","","10151-800-0014","","Size","M","","","","","","","","true","1302","g","true","manual","","","","","","","","","","","","","","","","","","","","","","","","","","","","","","","","","","","","","","","","","","","","","","","","","","",""
"","grundens-balder-zip-320-jacket-orange","","","","","","","","10151-800-0015","","Size","L","","","","","","","","true","1352","g","true","manual","","","","","","","","","","","","","","","","","","","","","","","","","","","","","","","","","","","","","","","","","","","","","","","","","","",""
"","grundens-balder-zip-320-jacket-orange","","","","","","","","10151-800-0016","","Size","XL","","","","","","","","true","1402","g","true","manual","","","","","","","","","","","","","","","","","","","","","","","","","","","","","","","","","","","","","","","","","","","","","","","","","","",""
"","grundens-balder-zip-320-jacket-orange","","","","","","","","10151-800-0017","","Size","2XL","","","","","","","","true","1402","g","true","manual","","","","","","","","","","","","","","","","","","","","","","","","","","","","","","","","","","","","","","","","","","","","","","","","","","",""
"","grundens-balder-zip-320-jacket-orange","","","","","","","","10151-800-0018","","Size","3XL","","","","","","","","true","1402","g","true","manual","","","","","","","","","","","","","","","","","","","","","","","","","","","","","","","","","","","","","","","","","","","","","","","","","","",""
"Grundéns Deck Boss 15"" M4 Boot","grundens-deck-boss-15-m4-boot","","GRUNDEN'S USA LTD","","Boots","Spartan import, department:workwear-footwear, category:boots, Boots, GRUNDEN'S USA LTD","false","draft","60003-020-1008","","Size","8","","","","","","","","true","5801","g","true","manual","Boots","Workwear & Footwear","","","","","","","","","","","","","","","","","","","","","","","","","","","","","","","","","","","","","","","","","","","","","","","","",""
"","grundens-deck-boss-15-m4-boot","","","","","","","","60003-020-1009","","Size","9","","","","","","","","true","5901","g","true","manual","","","","","","","","","","","","","","","","","","","","","","","","","","","","","","","","","","","","","","","","","","","","","","","","","","",""
"","grundens-deck-boss-15-m4-boot","","","","","","","","60003-020-1010","","Size","10","","","","","","","","true","6101","g","true","manual","","","","","","","","","","","","","","","","","","","","","","","","","","","","","","","","","","","","","","","","","","","","","","","","","","",""
"","grundens-deck-boss-15-m4-boot","","","","","","","","60003-020-1011","","Size","11","","","","","","","","true","6300","g","true","manual","","","","","","","","","","","","","","","","","","","","","","","","","","","","","","","","","","","","","","","","","","","","","","","","","","",""
"","grundens-deck-boss-15-m4-boot","","","","","","","","60003-020-1012","","Size","12","","","","","","","","true","6500","g","true","manual","","","","","","","","","","","","","","","","","","","","","","","","","","","","","","","","","","","","","","","","","","","","","","","","","","",""
"","grundens-deck-boss-15-m4-boot","","","","","","","","60003-020-1013","","Size","13","","","","","","","","true","6700","g","true","manual","","","","","","","","","","","","","","","","","","","","","","","","","","","","","","","","","","","","","","","","","","","","","","","","","","",""
"Grundéns Full Share Bib","grundens-full-share-bib","","GRUNDEN'S USA LTD","","Bibs","Spartan import, department:workwear-footwear, category:bibs, Bibs, GRUNDEN'S USA LTD","false","draft","10330-001-0013","","Colour","Black","Size","S","","","","","","true","649","g","true","manual","Bibs","Workwear & Footwear","","","","","","","","","","","","","","","","","","","","","","","","","","","","","","","","","","","","","","","","","","","","","","","","",""
"","grundens-full-share-bib","","","","","","","","10330-001-0014","","Colour","Black","Size","M","","","","","","true","676","g","true","manual","","","","","","","","","","","","","","","","","","","","","","","","","","","","","","","","","","","","","","","","","","","","","","","","","","",""
"","grundens-full-share-bib","","","","","","","","10330-001-0015","","Colour","Black","Size","L","","","","","","true","699","g","true","manual","","","","","","","","","","","","","","","","","","","","","","","","","","","","","","","","","","","","","","","","","","","","","","","","","","",""
"","grundens-full-share-bib","","","","","","","","10330-001-0016","","Colour","Black","Size","XL","","","","","","true","730","g","true","manual","","","","","","","","","","","","","","","","","","","","","","","","","","","","","","","","","","","","","","","","","","","","","","","","","","",""
"","grundens-full-share-bib","","","","","","","","10330-001-0017","","Colour","Black","Size","2XL","","","","","","true","762","g","true","manual","","","","","","","","","","","","","","","","","","","","","","","","","","","","","","","","","","","","","","","","","","","","","","","","","","",""
"","grundens-full-share-bib","","","","","","","","10330-001-0018","","Colour","Black","Size","3XL","","","","","","true","789","g","true","manual","","","","","","","","","","","","","","","","","","","","","","","","","","","","","","","","","","","","","","","","","","","","","","","","","","",""
"","grundens-full-share-bib","","","","","","","","10330-730-0014","","Colour","Hi-Vis Yellow","Size","M","","","","","","true","676","g","true","manual","","","","","","","","","","","","","","","","","","","","","","","","","","","","","","","","","","","","","","","","","","","","","","","","","","",""
"","grundens-full-share-bib","","","","","","","","10330-730-0015","","Colour","Hi-Vis Yellow","Size","L","","","","","","true","699","g","true","manual","","","","","","","","","","","","","","","","","","","","","","","","","","","","","","","","","","","","","","","","","","","","","","","","","","",""
"","grundens-full-share-bib","","","","","","","","10330-730-0016","","Colour","Hi-Vis Yellow","Size","XL","","","","","","true","730","g","true","manual","","","","","","","","","","","","","","","","","","","","","","","","","","","","","","","","","","","","","","","","","","","","","","","","","","",""
"","grundens-full-share-bib","","","","","","","","10330-730-0017","","Colour","Hi-Vis Yellow","Size","2XL","","","","","","true","762","g","true","manual","","","","","","","","","","","","","","","","","","","","","","","","","","","","","","","","","","","","","","","","","","","","","","","","","","",""
"","grundens-full-share-bib","","","","","","","","10330-802-0013","","Colour","Orange/Gray","Size","S","","","","","","true","649","g","true","manual","","","","","","","","","","","","","","","","","","","","","","","","","","","","","","","","","","","","","","","","","","","","","","","","","","",""
"","grundens-full-share-bib","","","","","","","","10330-802-0014","","Colour","Orange/Gray","Size","M","","","","","","true","676","g","true","manual","","","","","","","","","","","","","","","","","","","","","","","","","","","","","","","","","","","","","","","","","","","","","","","","","","",""
"","grundens-full-share-bib","","","","","","","","10330-802-0015","","Colour","Orange/Gray","Size","L","","","","","","true","699","g","true","manual","","","","","","","","","","","","","","","","","","","","","","","","","","","","","","","","","","","","","","","","","","","","","","","","","","",""
"","grundens-full-share-bib","","","","","","","","10330-802-0016","","Colour","Orange/Gray","Size","XL","","","","","","true","730","g","true","manual","","","","","","","","","","","","","","","","","","","","","","","","","","","","","","","","","","","","","","","","","","","","","","","","","","",""
"","grundens-full-share-bib","","","","","","","","10330-802-0017","","Colour","Orange/Gray","Size","2XL","","","","","","true","762","g","true","manual","","","","","","","","","","","","","","","","","","","","","","","","","","","","","","","","","","","","","","","","","","","","","","","","","","",""
"Grundéns Full Share Jacket","grundens-full-share-jacket","","GRUNDEN'S USA LTD","","Foul Weather Jackets","Spartan import, department:workwear-footwear, category:foul-weather-jackets, Foul Weather Jackets, GRUNDEN'S USA LTD","false","draft","10329-001-0013","","Colour","Black","Size","S","","","","","","true","608","g","true","manual","Foul Weather Jackets","Workwear & Footwear","","","","","","","","","","","","","","","","","","","","","","","","","","","","","","","","","","","","","","","","","","","","","","","","",""
"","grundens-full-share-jacket","","","","","","","","10329-001-0014","","Colour","Black","Size","M","","","","","","true","630","g","true","manual","","","","","","","","","","","","","","","","","","","","","","","","","","","","","","","","","","","","","","","","","","","","","","","","","","",""
"","grundens-full-share-jacket","","","","","","","","10329-001-0015","","Colour","Black","Size","L","","","","","","true","649","g","true","manual","","","","","","","","","","","","","","","","","","","","","","","","","","","","","","","","","","","","","","","","","","","","","","","","","","",""
"","grundens-full-share-jacket","","","","","","","","10329-001-0016","","Colour","Black","Size","XL","","","","","","true","671","g","true","manual","","","","","","","","","","","","","","","","","","","","","","","","","","","","","","","","","","","","","","","","","","","","","","","","","","",""
"","grundens-full-share-jacket","","","","","","","","10329-001-0017","","Colour","Black","Size","2XL","","","","","","true","689","g","true","manual","","","","","","","","","","","","","","","","","","","","","","","","","","","","","","","","","","","","","","","","","","","","","","","","","","",""
"","grundens-full-share-jacket","","","","","","","","10329-001-0018","","Colour","Black","Size","3XL","","","","","","true","712","g","true","manual","","","","","","","","","","","","","","","","","","","","","","","","","","","","","","","","","","","","","","","","","","","","","","","","","","",""
"","grundens-full-share-jacket","","","","","","","","10329-602-0012","","Colour","Opilio","Size","XS","","","","","","true","590","g","true","manual","","","","","","","","","","","","","","","","","","","","","","","","","","","","","","","","","","","","","","","","","","","","","","","","","","",""
"","grundens-full-share-jacket","","","","","","","","10329-602-0014","","Colour","Opilio","Size","M","","","","","","true","630","g","true","manual","","","","","","","","","","","","","","","","","","","","","","","","","","","","","","","","","","","","","","","","","","","","","","","","","","",""
"","grundens-full-share-jacket","","","","","","","","10329-602-0015","","Colour","Opilio","Size","L","","","","","","true","649","g","true","manual","","","","","","","","","","","","","","","","","","","","","","","","","","","","","","","","","","","","","","","","","","","","","","","","","","",""
"","grundens-full-share-jacket","","","","","","","","10329-602-0016","","Colour","Opilio","Size","XL","","","","","","true","671","g","true","manual","","","","","","","","","","","","","","","","","","","","","","","","","","","","","","","","","","","","","","","","","","","","","","","","","","",""
"","grundens-full-share-jacket","","","","","","","","10329-602-0017","","Colour","Opilio","Size","2XL","","","","","","true","689","g","true","manual","","","","","","","","","","","","","","","","","","","","","","","","","","","","","","","","","","","","","","","","","","","","","","","","","","",""
"","grundens-full-share-jacket","","","","","","","","10329-602-0018","","Colour","Opilio","Size","3XL","","","","","","true","712","g","true","manual","","","","","","","","","","","","","","","","","","","","","","","","","","","","","","","","","","","","","","","","","","","","","","","","","","",""
"","grundens-full-share-jacket","","","","","","","","10329-730-0014","","Colour","Hi-Vis Yellow","Size","M","","","","","","true","630","g","true","manual","","","","","","","","","","","","","","","","","","","","","","","","","","","","","","","","","","","","","","","","","","","","","","","","","","",""
"","grundens-full-share-jacket","","","","","","","","10329-730-0015","","Colour","Hi-Vis Yellow","Size","L","","","","","","true","649","g","true","manual","","","","","","","","","","","","","","","","","","","","","","","","","","","","","","","","","","","","","","","","","","","","","","","","","","",""
"","grundens-full-share-jacket","","","","","","","","10329-730-0016","","Colour","Hi-Vis Yellow","Size","XL","","","","","","true","671","g","true","manual","","","","","","","","","","","","","","","","","","","","","","","","","","","","","","","","","","","","","","","","","","","","","","","","","","",""
"","grundens-full-share-jacket","","","","","","","","10329-730-0017","","Colour","Hi-Vis Yellow","Size","2XL","","","","","","true","689","g","true","manual","","","","","","","","","","","","","","","","","","","","","","","","","","","","","","","","","","","","","","","","","","","","","","","","","","",""
"","grundens-full-share-jacket","","","","","","","","10329-730-0018","","Colour","Hi-Vis Yellow","Size","3XL","","","","","","true","712","g","true","manual","","","","","","","","","","","","","","","","","","","","","","","","","","","","","","","","","","","","","","","","","","","","","","","","","","",""
"","grundens-full-share-jacket","","","","","","","","10329-731-0014","","Colour","Hi-Vis Yellow/Gray","Size","M","","","","","","true","630","g","true","manual","","","","","","","","","","","","","","","","","","","","","","","","","","","","","","","","","","","","","","","","","","","","","","","","","","",""
"","grundens-full-share-jacket","","","","","","","","10329-731-0015","","Colour","Hi-Vis Yellow/Gray","Size","L","","","","","","true","649","g","true","manual","","","","","","","","","","","","","","","","","","","","","","","","","","","","","","","","","","","","","","","","","","","","","","","","","","",""
"","grundens-full-share-jacket","","","","","","","","10329-731-0016","","Colour","Hi-Vis Yellow/Gray","Size","XL","","","","","","true","671","g","true","manual","","","","","","","","","","","","","","","","","","","","","","","","","","","","","","","","","","","","","","","","","","","","","","","","","","",""
"","grundens-full-share-jacket","","","","","","","","10329-731-0017","","Colour","Hi-Vis Yellow/Gray","Size","2XL","","","","","","true","689","g","true","manual","","","","","","","","","","","","","","","","","","","","","","","","","","","","","","","","","","","","","","","","","","","","","","","","","","",""
"","grundens-full-share-jacket","","","","","","","","10329-802-0014","","Colour","Orange/Gray","Size","M","","","","","","true","630","g","true","manual","","","","","","","","","","","","","","","","","","","","","","","","","","","","","","","","","","","","","","","","","","","","","","","","","","",""
"","grundens-full-share-jacket","","","","","","","","10329-802-0015","","Colour","Orange/Gray","Size","L","","","","","","true","649","g","true","manual","","","","","","","","","","","","","","","","","","","","","","","","","","","","","","","","","","","","","","","","","","","","","","","","","","",""
"","grundens-full-share-jacket","","","","","","","","10329-802-0016","","Colour","Orange/Gray","Size","XL","","","","","","true","671","g","true","manual","","","","","","","","","","","","","","","","","","","","","","","","","","","","","","","","","","","","","","","","","","","","","","","","","","",""
"","grundens-full-share-jacket","","","","","","","","10329-802-0017","","Colour","Orange/Gray","Size","2XL","","","","","","true","689","g","true","manual","","","","","","","","","","","","","","","","","","","","","","","","","","","","","","","","","","","","","","","","","","","","","","","","","","",""
"Grundéns Hauler Bib — Hi-Vis Yellow/Gray","grundens-hauler-bib-hi-vis-yellow-gray","<table><tbody><tr><th>Colour</th><td>Hi-Vis Yellow/Gray</td></tr></tbody></table>","GRUNDEN'S USA LTD","","Foul Weather Pants","Spartan import, department:workwear-footwear, category:foul-weather-pants, Foul Weather Pants, GRUNDEN'S USA LTD","false","draft","10153-731-0013","","Size","S","","","","","","","","true","1601","g","true","manual","Foul Weather Pants","Workwear & Footwear","","","","","","","","","","Hi-Vis Yellow/Gray","","","","","","","","","","","","","","","","","","","","","","","","","","","","","","","","","","","","","","",""
"","grundens-hauler-bib-hi-vis-yellow-gray","","","","","","","","10153-731-0014","","Size","M","","","","","","","","true","1651","g","true","manual","","","","","","","","","","","","","","","","","","","","","","","","","","","","","","","","","","","","","","","","","","","","","","","","","","",""
"","grundens-hauler-bib-hi-vis-yellow-gray","","","","","","","","10153-731-0015","","Size","L","","","","","","","","true","1701","g","true","manual","","","","","","","","","","","","","","","","","","","","","","","","","","","","","","","","","","","","","","","","","","","","","","","","","","",""
"","grundens-hauler-bib-hi-vis-yellow-gray","","","","","","","","10153-731-0016","","Size","XL","","","","","","","","true","1751","g","true","manual","","","","","","","","","","","","","","","","","","","","","","","","","","","","","","","","","","","","","","","","","","","","","","","","","","",""
"","grundens-hauler-bib-hi-vis-yellow-gray","","","","","","","","10153-731-0017","","Size","2XL","","","","","","","","true","1950","g","true","manual","","","","","","","","","","","","","","","","","","","","","","","","","","","","","","","","","","","","","","","","","","","","","","","","","","",""
"","grundens-hauler-bib-hi-vis-yellow-gray","","","","","","","","10153-731-0018","","Size","3XL","","","","","","","","true","2050","g","true","manual","","","","","","","","","","","","","","","","","","","","","","","","","","","","","","","","","","","","","","","","","","","","","","","","","","",""
"Grundéns Hauler Jacket — Hi-Vis Yellow/Gray","grundens-hauler-jacket-hi-vis-yellow-gray","<table><tbody><tr><th>Colour</th><td>Hi-Vis Yellow/Gray</td></tr></tbody></table>","GRUNDEN'S USA LTD","","Foul Weather Jackets","Spartan import, department:workwear-footwear, category:foul-weather-jackets, Foul Weather Jackets, GRUNDEN'S USA LTD","false","draft","10152-731-0013","","Size","S","","","","","","","","true","1202","g","true","manual","Foul Weather Jackets","Workwear & Footwear","","","","","","","","","","Hi-Vis Yellow/Gray","","","","","","","","","","","","","","","","","","","","","","","","","","","","","","","","","","","","","","",""
"","grundens-hauler-jacket-hi-vis-yellow-gray","","","","","","","","10152-731-0014","","Size","M","","","","","","","","true","1252","g","true","manual","","","","","","","","","","","","","","","","","","","","","","","","","","","","","","","","","","","","","","","","","","","","","","","","","","",""
"","grundens-hauler-jacket-hi-vis-yellow-gray","","","","","","","","10152-731-0015","","Size","L","","","","","","","","true","1302","g","true","manual","","","","","","","","","","","","","","","","","","","","","","","","","","","","","","","","","","","","","","","","","","","","","","","","","","",""
"","grundens-hauler-jacket-hi-vis-yellow-gray","","","","","","","","10152-731-0016","","Size","XL","","","","","","","","true","1352","g","true","manual","","","","","","","","","","","","","","","","","","","","","","","","","","","","","","","","","","","","","","","","","","","","","","","","","","",""
"","grundens-hauler-jacket-hi-vis-yellow-gray","","","","","","","","10152-731-0017","","Size","2XL","","","","","","","","true","1402","g","true","manual","","","","","","","","","","","","","","","","","","","","","","","","","","","","","","","","","","","","","","","","","","","","","","","","","","",""
"Grundéns Neptune Bib — Hi-Vis Yellow","grundens-neptune-bib-hi-vis-yellow","<table><tbody><tr><th>Colour</th><td>Hi-Vis Yellow</td></tr></tbody></table>","GRUNDEN'S USA LTD","","Foul Weather Pants","Spartan import, department:workwear-footwear, category:foul-weather-pants, Foul Weather Pants, GRUNDEN'S USA LTD","false","draft","10075-730-0014","","Size","M","","","","","","","","true","821","g","true","manual","Foul Weather Pants","Workwear & Footwear","","","","","","","","","","Hi-Vis Yellow","","","","","","","","","","","","","","","","","","","","","","","","","","","","","","","","","","","","","","",""
"","grundens-neptune-bib-hi-vis-yellow","","","","","","","","10075-730-0015","","Size","L","","","","","","","","true","821","g","true","manual","","","","","","","","","","","","","","","","","","","","","","","","","","","","","","","","","","","","","","","","","","","","","","","","","","",""
"","grundens-neptune-bib-hi-vis-yellow","","","","","","","","10075-730-0016","","Size","XL","","","","","","","","true","821","g","true","manual","","","","","","","","","","","","","","","","","","","","","","","","","","","","","","","","","","","","","","","","","","","","","","","","","","",""
"Grundéns Neptune Hooded Jacket","grundens-neptune-hooded-jacket","","GRUNDEN'S USA LTD","","Foul Weather Jackets","Spartan import, department:workwear-footwear, category:foul-weather-jackets, Foul Weather Jackets, GRUNDEN'S USA LTD","false","draft","10079-730-0013","","Colour","Hi-Vis Yellow","Size","S","","","","","","true","1302","g","true","manual","Foul Weather Jackets","Workwear & Footwear","","","","","","","","","","","","","","","","","","","","","","","","","","","","","","","","","","","","","","","","","","","","","","","","",""
"","grundens-neptune-hooded-jacket","","","","","","","","10079-730-0014","","Colour","Hi-Vis Yellow","Size","M","","","","","","true","1302","g","true","manual","","","","","","","","","","","","","","","","","","","","","","","","","","","","","","","","","","","","","","","","","","","","","","","","","","",""
"","grundens-neptune-hooded-jacket","","","","","","","","10079-730-0015","","Colour","Hi-Vis Yellow","Size","L","","","","","","true","1352","g","true","manual","","","","","","","","","","","","","","","","","","","","","","","","","","","","","","","","","","","","","","","","","","","","","","","","","","",""
"","grundens-neptune-hooded-jacket","","","","","","","","10079-730-0016","","Colour","Hi-Vis Yellow","Size","XL","","","","","","true","1402","g","true","manual","","","","","","","","","","","","","","","","","","","","","","","","","","","","","","","","","","","","","","","","","","","","","","","","","","",""
"","grundens-neptune-hooded-jacket","","","","","","","","10079-730-0017","","Colour","Hi-Vis Yellow","Size","2XL","","","","","","true","1402","g","true","manual","","","","","","","","","","","","","","","","","","","","","","","","","","","","","","","","","","","","","","","","","","","","","","","","","","",""
"","grundens-neptune-hooded-jacket","","","","","","","","10079-730-0018","","Colour","Hi-Vis Yellow","Size","3XL","","","","","","true","1402","g","true","manual","","","","","","","","","","","","","","","","","","","","","","","","","","","","","","","","","","","","","","","","","","","","","","","","","","",""
"","grundens-neptune-hooded-jacket","","","","","","","","10079-800-0014","","Colour","Orange","Size","M","","","","","","true","1302","g","true","manual","","","","","","","","","","","","","","","","","","","","","","","","","","","","","","","","","","","","","","","","","","","","","","","","","","",""
"","grundens-neptune-hooded-jacket","","","","","","","","10079-800-0015","","Colour","Orange","Size","L","","","","","","true","1352","g","true","manual","","","","","","","","","","","","","","","","","","","","","","","","","","","","","","","","","","","","","","","","","","","","","","","","","","",""
"","grundens-neptune-hooded-jacket","","","","","","","","10079-800-0016","","Colour","Orange","Size","XL","","","","","","true","1402","g","true","manual","","","","","","","","","","","","","","","","","","","","","","","","","","","","","","","","","","","","","","","","","","","","","","","","","","",""
"","grundens-neptune-hooded-jacket","","","","","","","","10079-800-0017","","Colour","Orange","Size","2XL","","","","","","true","1402","g","true","manual","","","","","","","","","","","","","","","","","","","","","","","","","","","","","","","","","","","","","","","","","","","","","","","","","","",""
"Grundéns Neptune No-Pocket Bib","grundens-neptune-no-pocket-bib","","GRUNDEN'S USA LTD","","Bibs","Spartan import, department:workwear-footwear, category:bibs, Bibs, GRUNDEN'S USA LTD","false","draft","19996-730-0013","","Colour","Hi-Vis Yellow","Size","S","","","","","","true","821","g","true","manual","Bibs","Workwear & Footwear","","","","","","","","","","","","","","","","","","","","","","","","","","","","","","","","","","","","","","","","","","","","","","","","",""
"","grundens-neptune-no-pocket-bib","","","","","","","","19996-730-0014","","Colour","Hi-Vis Yellow","Size","M","","","","","","true","821","g","true","manual","","","","","","","","","","","","","","","","","","","","","","","","","","","","","","","","","","","","","","","","","","","","","","","","","","",""
"","grundens-neptune-no-pocket-bib","","","","","","","","19996-730-0015","","Colour","Hi-Vis Yellow","Size","L","","","","","","true","821","g","true","manual","","","","","","","","","","","","","","","","","","","","","","","","","","","","","","","","","","","","","","","","","","","","","","","","","","",""
"","grundens-neptune-no-pocket-bib","","","","","","","","19996-730-0016","","Colour","Hi-Vis Yellow","Size","XL","","","","","","true","821","g","true","manual","","","","","","","","","","","","","","","","","","","","","","","","","","","","","","","","","","","","","","","","","","","","","","","","","","",""
"","grundens-neptune-no-pocket-bib","","","","","","","","19996-730-0017","","Colour","Hi-Vis Yellow","Size","2XL","","","","","","true","821","g","true","manual","","","","","","","","","","","","","","","","","","","","","","","","","","","","","","","","","","","","","","","","","","","","","","","","","","",""
"","grundens-neptune-no-pocket-bib","","","","","","","","19996-730-0018","","Colour","Hi-Vis Yellow","Size","3XL","","","","","","true","821","g","true","manual","","","","","","","","","","","","","","","","","","","","","","","","","","","","","","","","","","","","","","","","","","","","","","","","","","",""
"","grundens-neptune-no-pocket-bib","","","","","","","","19996-800-0013","","Colour","Orange","Size","S","","","","","","true","821","g","true","manual","","","","","","","","","","","","","","","","","","","","","","","","","","","","","","","","","","","","","","","","","","","","","","","","","","",""
"","grundens-neptune-no-pocket-bib","","","","","","","","19996-800-0014","","Colour","Orange","Size","M","","","","","","true","821","g","true","manual","","","","","","","","","","","","","","","","","","","","","","","","","","","","","","","","","","","","","","","","","","","","","","","","","","",""
"","grundens-neptune-no-pocket-bib","","","","","","","","19996-800-0015","","Colour","Orange","Size","L","","","","","","true","821","g","true","manual","","","","","","","","","","","","","","","","","","","","","","","","","","","","","","","","","","","","","","","","","","","","","","","","","","",""
"","grundens-neptune-no-pocket-bib","","","","","","","","19996-800-0016","","Colour","Orange","Size","XL","","","","","","true","821","g","true","manual","","","","","","","","","","","","","","","","","","","","","","","","","","","","","","","","","","","","","","","","","","","","","","","","","","",""
"","grundens-neptune-no-pocket-bib","","","","","","","","19996-800-0017","","Colour","Orange","Size","2XL","","","","","","true","821","g","true","manual","","","","","","","","","","","","","","","","","","","","","","","","","","","","","","","","","","","","","","","","","","","","","","","","","","",""
"","grundens-neptune-no-pocket-bib","","","","","","","","19996-800-0018","","Colour","Orange","Size","3XL","","","","","","true","821","g","true","manual","","","","","","","","","","","","","","","","","","","","","","","","","","","","","","","","","","","","","","","","","","","","","","","","","","",""
"Grundéns Women's Maris Hoodie","grundens-women-s-maris-hoodie","","GRUNDEN'S USA LTD","","Hoodies","Spartan import, department:workwear-footwear, category:hoodies, Hoodies, GRUNDEN'S USA LTD","false","draft","20035-455-0013","","Size","S","","","","","","","","true","358","g","true","manual","Hoodies","Workwear & Footwear","","","","","","","","","","","","","","","","","","","","","","","","","","","","","","","","","","","","","","","","","","","","","","","","",""
"","grundens-women-s-maris-hoodie","","","","","","","","20035-455-0014","","Size","M","","","","","","","","true","376","g","true","manual","","","","","","","","","","","","","","","","","","","","","","","","","","","","","","","","","","","","","","","","","","","","","","","","","","",""
"","grundens-women-s-maris-hoodie","","","","","","","","20035-455-0015","","Size","L","","","","","","","","true","399","g","true","manual","","","","","","","","","","","","","","","","","","","","","","","","","","","","","","","","","","","","","","","","","","","","","","","","","","",""
"HAIRNET DISPOSABLE 21IN 100/BG BLUE POLY","hairnet-disposable-21in-100-bg-blue-poly-hnppbub","<table><tbody><tr><th>Colour</th><td>Blue</td></tr><tr><th>Size</th><td>18&quot;</td></tr></tbody></table>","ULINE CANADA CORP","","Hairnets","Spartan import, department:workwear-footwear, category:hairnets, Hairnets, ULINE CANADA CORP","false","draft","HNPPBUB","","Title","Default Title","","","","","","","","true","","","true","manual","Hairnets","Workwear & Footwear","","","","","","","","","","Blue","","","","","","","","","","","","","","","","","","","","","18""","","","","","","","","","","","","","","","","","",""
"HAMMAR HYDRO RELEASE H20 LIFERAFT","hammar-hydro-release-h20-liferaft-00-saf00055","<table><tbody><tr><th>Size</th><td>** see chart below</td></tr><tr><th>Colour</th><td>**see chart below</td></tr></tbody></table>","CM HAMMAR AB","","Life Rafts","Spartan import, department:safety-buoys-survival, category:life-rafts, Life Rafts, CM HAMMAR AB","false","draft","00-SAF00055","","Title","Default Title","","","","","","","","true","30000","g","true","manual","Life Rafts","Safety, Buoys & Survival","","","","","","","","","","**see chart below","","","","","","","","","","","","","","","","","","","","","** see chart below","","","","","","","","","","","","","","","","","",""
"HAMMERLOCK 1/2 GR70","hammerlock-1-2-gr70-a33608a7x","HAMMERLOCK 1/2 GR70
<table><tbody><tr><th>Brand</th><td>/</td></tr><tr><th>Size (in)</th><td>1/2&quot;</td></tr><tr><th>Working Load Limit</th><td>5.3T</td></tr><tr><th>Material</th><td>20CrMnTi</td></tr><tr><th>Supplier Type Code</th><td>A337</td></tr><tr><th>Certification Standard</th><td>EN1677-1</td></tr></tbody></table>","Qindao","","Hammerlocks","Spartan import, department:rigging-hardware, category:hammerlocks, Hammerlocks, Qindao","false","draft","A33608A7X","","Title","Default Title","","","","","","","","true","299","g","true","manual","Hammerlocks","Rigging Hardware","","","","","/","","","","EN1677-1","","","","","","","","","","","","","","","20CrMnTi","","","","","","","","1/2""","","","","","","","A337","","","","","","","","5.3T","",""
"HAMMERLOCK 3/8 GR70","hammerlock-3-8-gr70-a33606a7x","HAMMERLOCK 3/8 GR70
<table><tbody><tr><th>Brand</th><td>/</td></tr><tr><th>Size (in)</th><td>3/8&quot;</td></tr><tr><th>Working Load Limit</th><td>3.15T</td></tr><tr><th>Material</th><td>20CrMnTi</td></tr><tr><th>Supplier Type Code</th><td>A337</td></tr><tr><th>Certification Standard</th><td>EN1677-1</td></tr></tbody></table>","Qindao","","Hammerlocks","Spartan import, department:rigging-hardware, category:hammerlocks, Hammerlocks, Qindao","false","draft","A33606A7X","","Title","Default Title","","","","","","","","true","299","g","true","manual","Hammerlocks","Rigging Hardware","","","","","/","","","","EN1677-1","","","","","","","","","","","","","","","20CrMnTi","","","","","","","","3/8""","","","","","","","A337","","","","","","","","3.15T","",""
"HAMMERLOCK 5/8 GR70","hammerlock-5-8-gr70-a33610a7x","HAMMERLOCK 5/8 GR70
<table><tbody><tr><th>Brand</th><td>/</td></tr><tr><th>Size (in)</th><td>5/8&quot;</td></tr><tr><th>Working Load Limit</th><td>8T</td></tr><tr><th>Material</th><td>20CrMnTi</td></tr><tr><th>Supplier Type Code</th><td>A337</td></tr><tr><th>Certification Standard</th><td>EN1677-1</td></tr></tbody></table>","Qindao","","Hammerlocks","Spartan import, department:rigging-hardware, category:hammerlocks, Hammerlocks, Qindao","false","draft","A33610A7X","","Title","Default Title","","","","","","","","true","1111","g","true","manual","Hammerlocks","Rigging Hardware","","","","","/","","","","EN1677-1","","","","","","","","","","","","","","","20CrMnTi","","","","","","","","5/8""","","","","","","","A337","","","","","","","","8T","",""
"HAND FLARE RED","hand-flare-red-45070038","","Hansson PyroTech AB","","Marine Pyrotechnics","Spartan import, department:safety-buoys-survival, category:marine-pyrotechnics, Marine Pyrotechnics, Hansson PyroTech AB","false","draft","45070038","","Title","Default Title","","","","","","","","true","220","g","true","manual","Marine Pyrotechnics","Safety, Buoys & Survival","","","","","","","","","","","","","","","","","","","","","","","","","","","","","","","","","","","","","","","","","","","","","","","","",""
"HAND FLARE WHITE","hand-flare-white-45070031","","Hansson PyroTech AB","","Marine Pyrotechnics","Spartan import, department:safety-buoys-survival, category:marine-pyrotechnics, Marine Pyrotechnics, Hansson PyroTech AB","false","draft","45070031","","Title","Default Title","","","","","","","","true","220","g","true","manual","Marine Pyrotechnics","Safety, Buoys & Survival","","","","","","","","","","","","","","","","","","","","","","","","","","","","","","","","","","","","","","","","","","","","","","","","",""
"HANDLE THREADED LACQUERED 48X15/16IN","handle-threaded-lacquered-48x15-16in-9048","<table><tbody><tr><th>Size (in)</th><td>6 x 4 x 48</td></tr></tbody></table>","MULTI BROSSES INC","","Brushes","Spartan import, department:maintenance-supplies, category:brushes, Brushes, MULTI BROSSES INC","false","draft","9048","","Title","Default Title","","","","","","","","true","7711","g","true","manual","Brushes","Maintenance & Supplies","","","","","","","","","","","","","","","","","","","","","","","","","","","","","","","","6 x 4 x 48","","","","","","","","","","","","","","","","",""
"Helly Hansen Men's Armour Bib — Cobalt","helly-hansen-men-s-armour-bib-cobalt","<table><tbody><tr><th>Material</th><td>420g Denier Nylon, Inner Layer of 170g PUCosted Nylon Knit Waterproof Fabric</td></tr><tr><th>Colour</th><td>Cobalt</td></tr></tbody></table>","HELLY HANSEN WORKWEAR","","Tear resistant Waterproof Bib","Spartan import, department:workwear-footwear, category:pants, Pants, HELLY HANSEN WORKWEAR","false","draft","70501L-550","","Size","L","","","","","","","","true","953","g","true","manual","Pants","Workwear & Footwear","","","","","","","","","","Cobalt","","","","","","","","","","","","","","420g Denier Nylon, Inner Layer of 170g PUCosted Nylon Knit Waterproof Fabric","","","","","","","","","","","","","","","","","","","","","","","","",""
"","helly-hansen-men-s-armour-bib-cobalt","","","","","","","","70501M-550","","Size","M","","","","","","","","true","930","g","true","manual","","","","","","","","","","","","","","","","","","","","","","","","","","","","","","","","","","","","","","","","","","","","","","","","","","",""
"","helly-hansen-men-s-armour-bib-cobalt","","","","","","","","70501XL-550","","Size","XL","","","","","","","","true","975","g","true","manual","","","","","","","","","","","","","","","","","","","","","","","","","","","","","","","","","","","","","","","","","","","","","","","","","","",""
"","helly-hansen-men-s-armour-bib-cobalt","","","","","","","","705012XL-550","","Size","2XL","","","","","","","","true","998","g","true","manual","","","","","","","","","","","","","","","","","","","","","","","","","","","","","","","","","","","","","","","","","","","","","","","","","","",""
"Helly Hansen Men's Armour Jacket — Cobalt","helly-hansen-men-s-armour-jacket-cobalt","<table><tbody><tr><th>Material</th><td>420g Denier Nylon, Inner Layer of 170g PUCosted Nylon Knit Waterproof Fabric</td></tr><tr><th>Colour</th><td>Cobalt</td></tr></tbody></table>","HELLY HANSEN WORKWEAR","","Tear Resistant , Waterproof Rain Jacket","Spartan import, department:workwear-footwear, category:jackets, Jackets, HELLY HANSEN WORKWEAR","false","draft","70201L-550","","Size","L","","","","","","","","true","953","g","true","manual","Jackets","Workwear & Footwear","","","","","","","","","","Cobalt","","","","","","","","","","","","","","420g Denier Nylon, Inner Layer of 170g PUCosted Nylon Knit Waterproof Fabric","","","","","","","","","","","","","","","","","","","","","","","","",""
"","helly-hansen-men-s-armour-jacket-cobalt","","","","","","","","70201M-550","","Size","M","","","","","","","","true","907","g","true","manual","","","","","","","","","","","","","","","","","","","","","","","","","","","","","","","","","","","","","","","","","","","","","","","","","","",""
"","helly-hansen-men-s-armour-jacket-cobalt","","","","","","","","70201XL-550","","Size","XL","","","","","","","","true","998","g","true","manual","","","","","","","","","","","","","","","","","","","","","","","","","","","","","","","","","","","","","","","","","","","","","","","","","","",""
"","helly-hansen-men-s-armour-jacket-cobalt","","","","","","","","702012XL-550","","Size","2XL","","","","","","","","true","1043","g","true","manual","","","","","","","","","","","","","","","","","","","","","","","","","","","","","","","","","","","","","","","","","","","","","","","","","","",""
"Helly Hansen Men's Double Bib Waterproof — Light Green","helly-hansen-men-s-double-bib-waterproof-light-green","<table><tbody><tr><th>Material</th><td>480g 74% PVC, 26% Cotton</td></tr><tr><th>Colour</th><td>Light Green</td></tr></tbody></table>","HELLY HANSEN WORKWEAR","","Bibs","Spartan import, department:workwear-footwear, category:bibs, Bibs, HELLY HANSEN WORKWEAR","false","draft","70124L-410","","Size","L","","","","","","","","true","1202","g","true","manual","Bibs","Workwear & Footwear","","","","","","","","","","Light Green","","","","","","","","","","","","","","480g 74% PVC, 26% Cotton","","","","","","","","","","","","","","","","","","","","","","","","",""
"","helly-hansen-men-s-double-bib-waterproof-light-green","","","","","","","","70124M-410","","Size","M","","","","","","","","true","1179","g","true","manual","","","","","","","","","","","","","","","","","","","","","","","","","","","","","","","","","","","","","","","","","","","","","","","","","","",""
"","helly-hansen-men-s-double-bib-waterproof-light-green","","","","","","","","70124S-410","","Size","S","","","","","","","","true","1157","g","true","manual","","","","","","","","","","","","","","","","","","","","","","","","","","","","","","","","","","","","","","","","","","","","","","","","","","",""
"","helly-hansen-men-s-double-bib-waterproof-light-green","","","","","","","","70124XL-410","","Size","XL","","","","","","","","true","1225","g","true","manual","","","","","","","","","","","","","","","","","","","","","","","","","","","","","","","","","","","","","","","","","","","","","","","","","","",""
"","helly-hansen-men-s-double-bib-waterproof-light-green","","","","","","","","701242XL-410","","Size","2XL","","","","","","","","true","1247","g","true","manual","","","","","","","","","","","","","","","","","","","","","","","","","","","","","","","","","","","","","","","","","","","","","","","","","","",""
"","helly-hansen-men-s-double-bib-waterproof-light-green","","","","","","","","701243XL-410","","Size","3XL","","","","","","","","true","1270","g","true","manual","","","","","","","","","","","","","","","","","","","","","","","","","","","","","","","","","","","","","","","","","","","","","","","","","","",""
"Helly Hansen Men's Rain Storm Bib — Dark Orange/Black","helly-hansen-men-s-rain-storm-bib-dark-orange-black","<table><tbody><tr><th>Material</th><td>310g 100% PVC on 100% Polyester Knit</td></tr><tr><th>Colour</th><td>Dark Orange/Black</td></tr></tbody></table>","HELLY HANSEN WORKWEAR","","Bibs","Spartan import, department:workwear-footwear, category:bibs, Bibs, HELLY HANSEN WORKWEAR","false","draft","70583L-299","","Size","L","","","","","","","","true","798","g","true","manual","Bibs","Workwear & Footwear","","","","","","","","","","Dark Orange/Black","","","","","","","","","","","","","","310g 100% PVC on 100% Polyester Knit","","","","","","","","","","","","","","","","","","","","","","","","",""
"","helly-hansen-men-s-rain-storm-bib-dark-orange-black","","","","","","","","70583M-299","","Size","M","","","","","","","","true","781","g","true","manual","","","","","","","","","","","","","","","","","","","","","","","","","","","","","","","","","","","","","","","","","","","","","","","","","","",""
"","helly-hansen-men-s-rain-storm-bib-dark-orange-black","","","","","","","","70583S-299","","Size","S","","","","","","","","true","764","g","true","manual","","","","","","","","","","","","","","","","","","","","","","","","","","","","","","","","","","","","","","","","","","","","","","","","","","",""
"","helly-hansen-men-s-rain-storm-bib-dark-orange-black","","","","","","","","70583XL-299","","Size","XL","","","","","","","","true","771","g","true","manual","","","","","","","","","","","","","","","","","","","","","","","","","","","","","","","","","","","","","","","","","","","","","","","","","","",""
"","helly-hansen-men-s-rain-storm-bib-dark-orange-black","","","","","","","","705832XL-299","","Size","2XL","","","","","","","","true","950","g","true","manual","","","","","","","","","","","","","","","","","","","","","","","","","","","","","","","","","","","","","","","","","","","","","","","","","","",""
"","helly-hansen-men-s-rain-storm-bib-dark-orange-black","","","","","","","","705833XL-299","","Size","3XL","","","","","","","","true","970","g","true","manual","","","","","","","","","","","","","","","","","","","","","","","","","","","","","","","","","","","","","","","","","","","","","","","","","","",""
"","helly-hansen-men-s-rain-storm-bib-dark-orange-black","","","","","","","","705834XL-299","","Size","4XL","","","","","","","","true","980","g","true","manual","","","","","","","","","","","","","","","","","","","","","","","","","","","","","","","","","","","","","","","","","","","","","","","","","","",""
"Helly Hansen Men's Rain Storm Jacket — Dark Orange/Black","helly-hansen-men-s-rain-storm-jacket-dark-orange-black","<table><tbody><tr><th>Material</th><td>310g 100% PVC on 100% Polyester Knit</td></tr><tr><th>Colour</th><td>Dark Orange/Black</td></tr></tbody></table>","HELLY HANSEN WORKWEAR","","Waterproof, Stretch Rain Jacket","Spartan import, department:workwear-footwear, category:jackets, Jackets, HELLY HANSEN WORKWEAR","false","draft","70283L-299","","Size","L","","","","","","","","true","1035","g","true","manual","Jackets","Workwear & Footwear","","","","","","","","","","Dark Orange/Black","","","","","","","","","","","","","","310g 100% PVC on 100% Polyester Knit","","","","","","","","","","","","","","","","","","","","","","","","",""
"","helly-hansen-men-s-rain-storm-jacket-dark-orange-black","","","","","","","","70283M-299","","Size","M","","","","","","","","true","1009","g","true","manual","","","","","","","","","","","","","","","","","","","","","","","","","","","","","","","","","","","","","","","","","","","","","","","","","","",""
"","helly-hansen-men-s-rain-storm-jacket-dark-orange-black","","","","","","","","70283S-299","","Size","S","","","","","","","","true","930","g","true","manual","","","","","","","","","","","","","","","","","","","","","","","","","","","","","","","","","","","","","","","","","","","","","","","","","","",""
"","helly-hansen-men-s-rain-storm-jacket-dark-orange-black","","","","","","","","70283XL-299","","Size","XL","","","","","","","","true","1087","g","true","manual","","","","","","","","","","","","","","","","","","","","","","","","","","","","","","","","","","","","","","","","","","","","","","","","","","",""
"","helly-hansen-men-s-rain-storm-jacket-dark-orange-black","","","","","","","","702832XL-299","","Size","2XL","","","","","","","","true","1132","g","true","manual","","","","","","","","","","","","","","","","","","","","","","","","","","","","","","","","","","","","","","","","","","","","","","","","","","",""
"","helly-hansen-men-s-rain-storm-jacket-dark-orange-black","","","","","","","","702833XL-299","","Size","3XL","","","","","","","","true","1184","g","true","manual","","","","","","","","","","","","","","","","","","","","","","","","","","","","","","","","","","","","","","","","","","","","","","","","","","",""
"Helly Hansen Men's Waterproof Engram Jacket — Light Green","helly-hansen-men-s-waterproof-engram-jacket-light-green","<table><tbody><tr><th>Material</th><td>480g 74% PVC, 26% Cotton</td></tr><tr><th>Colour</th><td>Light Green</td></tr></tbody></table>","HELLY HANSEN WORKWEAR","","Durable, Waterproof Rain Jacket","Spartan import, department:workwear-footwear, category:jackets, Jackets, HELLY HANSEN WORKWEAR","false","draft","70123L-410","","Size","L","","","","","","","","true","1247","g","true","manual","Jackets","Workwear & Footwear","","","","","","","","","","Light Green","","","","","","","","","","","","","","480g 74% PVC, 26% Cotton","","","","","","","","","","","","","","","","","","","","","","","","",""
"","helly-hansen-men-s-waterproof-engram-jacket-light-green","","","","","","","","70123M-410","","Size","M","","","","","","","","true","1225","g","true","manual","","","","","","","","","","","","","","","","","","","","","","","","","","","","","","","","","","","","","","","","","","","","","","","","","","",""
"","helly-hansen-men-s-waterproof-engram-jacket-light-green","","","","","","","","70123S-410","","Size","S","","","","","","","","true","1202","g","true","manual","","","","","","","","","","","","","","","","","","","","","","","","","","","","","","","","","","","","","","","","","","","","","","","","","","",""
"","helly-hansen-men-s-waterproof-engram-jacket-light-green","","","","","","","","70123XL-410","","Size","XL","","","","","","","","true","1270","g","true","manual","","","","","","","","","","","","","","","","","","","","","","","","","","","","","","","","","","","","","","","","","","","","","","","","","","",""
"","helly-hansen-men-s-waterproof-engram-jacket-light-green","","","","","","","","701232XL-410","","Size","2XL","","","","","","","","true","1293","g","true","manual","","","","","","","","","","","","","","","","","","","","","","","","","","","","","","","","","","","","","","","","","","","","","","","","","","",""
"","helly-hansen-men-s-waterproof-engram-jacket-light-green","","","","","","","","701233XL-410","","Size","3XL","","","","","","","","true","1315","g","true","manual","","","","","","","","","","","","","","","","","","","","","","","","","","","","","","","","","","","","","","","","","","","","","","","","","","",""
"","helly-hansen-men-s-waterproof-engram-jacket-light-green","","","","","","","","701234XL-410","","Size","4XL","","","","","","","","true","1338","g","true","manual","","","","","","","","","","","","","","","","","","","","","","","","","","","","","","","","","","","","","","","","","","","","","","","","","","",""
"","helly-hansen-men-s-waterproof-engram-jacket-light-green","","","","","","","","701235XL-410","","Size","5XL","","","","","","","","true","1361","g","true","manual","","","","","","","","","","","","","","","","","","","","","","","","","","","","","","","","","","","","","","","","","","","","","","","","","","",""
"HH DUFFEL BAG 50L STD","hh-duffel-bag-50l-std-79572-299","","HELLY HANSEN WORKWEAR","","Duffle Bags","Spartan import, department:workwear-footwear, category:duffle-bags, Duffle Bags, HELLY HANSEN WORKWEAR","false","draft","79572-299","","Title","Default Title","","","","","","","","true","","","true","manual","Duffle Bags","Workwear & Footwear","","","","","","","","","","","","","","","","","","","","","","","","","","","","","","","","","","","","","","","","","","","","","","","","",""
"HH DUFFEL BAG 50L STD","hh-duffel-bag-50l-std-79572-481","","HELLY HANSEN WORKWEAR","","Duffle Bags","Spartan import, department:workwear-footwear, category:duffle-bags, Duffle Bags, HELLY HANSEN WORKWEAR","false","draft","79572-481","","Title","Default Title","","","","","","","","true","","","true","manual","Duffle Bags","Workwear & Footwear","","","","","","","","","","","","","","","","","","","","","","","","","","","","","","","","","","","","","","","","","","","","","","","","",""
"HH DUFFEL BAG 120L STD","hh-duffel-bag-120l-std-79575-990","","HELLY HANSEN WORKWEAR","","Duffle Bags","Spartan import, department:workwear-footwear, category:duffle-bags, Duffle Bags, HELLY HANSEN WORKWEAR","false","draft","79575-990","","Title","Default Title","","","","","","","","true","","","true","manual","Duffle Bags","Workwear & Footwear","","","","","","","","","","","","","","","","","","","","","","","","","","","","","","","","","","","","","","","","","","","","","","","","",""
"HH LOGO WEBBING BELT STD","hh-logo-webbing-belt-std-79528-360","<table><tbody><tr><th>Size</th><td>STD</td></tr><tr><th>Material</th><td>96% Cotton, 4% Spandex Stretch</td></tr><tr><th>Colour</th><td>Yellow</td></tr></tbody></table>","HELLY HANSEN WORKWEAR","","Belts","Spartan import, department:workwear-footwear, category:belts, Belts, HELLY HANSEN WORKWEAR","false","draft","79528-360","","Title","Default Title","","","","","","","","true","179","g","true","manual","Belts","Workwear & Footwear","","","","","","","","","","Yellow","","","","","","","","","","","","","","96% Cotton, 4% Spandex Stretch","","","","","","","STD","","","","","","","","","","","","","","","","","",""
"HOOK 1/2 CLEVIS SLIP YELLOW ZINC GR70","hook-1-2-clevis-slip-yellow-zinc-gr70-a33108x","HOOK 1/2 CLEVIS SLIP YELLOW ZINC GR70
<table><tbody><tr><th>Brand</th><td>SQQ</td></tr><tr><th>Size</th><td>1/2&quot;</td></tr><tr><th>Working Load Limit</th><td>9000</td></tr><tr><th>Material</th><td>40CR</td></tr><tr><th>Supplier Type Code</th><td>CLEVIS SLIP</td></tr><tr><th>Certification Standard</th><td>ASME B30.26</td></tr></tbody></table>","Qindao","","Hooks","Spartan import, department:rigging-hardware, category:hooks, Hooks, Qindao","false","draft","A33108X","","Title","Default Title","","","","","","","","true","1247","g","true","manual","Hooks","Rigging Hardware","","","","","SQQ","","","","ASME B30.26","","","","","","","","","","","","","","","40CR","","","","","","","1/2""","","","","","","","","CLEVIS SLIP","","","","","","","","9000","",""
"HOOK 1/2 EYE SNAP SS304","hook-1-2-eye-snap-ss304-82346","HOOK 1/2 EYE SNAP SS304
<table><tbody><tr><th>Brand</th><td>/</td></tr><tr><th>Size</th><td>1/2&quot;</td></tr><tr><th>Working Load Limit</th><td>1200</td></tr><tr><th>Material</th><td>SS304</td></tr><tr><th>Supplier Type Code</th><td>SNAP HOOK</td></tr><tr><th>Certification Standard</th><td>DIN5299</td></tr></tbody></table>","Qindao","","Hooks","Spartan import, department:rigging-hardware, category:hooks, Hooks, Qindao","false","draft","82346","","Title","Default Title","","","","","","","","true","249","g","true","manual","Hooks","Rigging Hardware","","","","","/","","","","DIN5299","","","","","","","","","","","","","","","SS304","","","","","","","1/2""","","","","","","","","SNAP HOOK","","","","","","","","1200","",""
"HOOK 1/2 EYE SNAP ZP-245","hook-1-2-eye-snap-zp-245-88679","HOOK 1/2 EYE SNAP ZP-245
<table><tbody><tr><th>Brand</th><td>/</td></tr><tr><th>Size</th><td>1/2&quot;</td></tr><tr><th>Working Load Limit</th><td>1200</td></tr><tr><th>Material</th><td>Q235</td></tr><tr><th>Supplier Type Code</th><td>SNAP HOOK</td></tr><tr><th>Certification Standard</th><td>DIN5299</td></tr></tbody></table>","Qindao","","Hooks","Spartan import, department:rigging-hardware, category:hooks, Hooks, Qindao","false","draft","88679","","Title","Default Title","","","","","","","","true","249","g","true","manual","Hooks","Rigging Hardware","","","","","/","","","","DIN5299","","","","","","","","","","","","","","","Q235","","","","","","","1/2""","","","","","","","","SNAP HOOK","","","","","","","","1200","",""
"HOOK 1/2 SNAP SS304","hook-1-2-snap-ss304-82347","HOOK 1/2 SNAP SS304
<table><tbody><tr><th>Brand</th><td>/</td></tr><tr><th>Size</th><td>1/2&quot;</td></tr><tr><th>Working Load Limit</th><td>1200</td></tr><tr><th>Material</th><td>SS304</td></tr><tr><th>Supplier Type Code</th><td>SNAP HOOK</td></tr><tr><th>Certification Standard</th><td>DIN5299</td></tr></tbody></table>","Qindao","","Hooks","Spartan import, department:rigging-hardware, category:hooks, Hooks, Qindao","false","draft","82347","","Title","Default Title","","","","","","","","true","249","g","true","manual","Hooks","Rigging Hardware","","","","","/","","","","DIN5299","","","","","","","","","","","","","","","SS304","","","","","","","1/2""","","","","","","","","SNAP HOOK","","","","","","","","1200","",""
"HOOK 1/2 SNAP ZP-245","hook-1-2-snap-zp-245-88666","HOOK 1/2 SNAP ZP-245
<table><tbody><tr><th>Brand</th><td>/</td></tr><tr><th>Size</th><td>1/2&quot;</td></tr><tr><th>Working Load Limit</th><td>1200</td></tr><tr><th>Material</th><td>Q235</td></tr><tr><th>Supplier Type Code</th><td>SNAP HOOK</td></tr><tr><th>Certification Standard</th><td>DIN5299</td></tr></tbody></table>","Qindao","","Hooks","Spartan import, department:rigging-hardware, category:hooks, Hooks, Qindao","false","draft","88666","","Title","Default Title","","","","","","","","true","249","g","true","manual","Hooks","Rigging Hardware","","","","","/","","","","DIN5299","","","","","","","","","","","","","","","Q235","","","","","","","1/2""","","","","","","","","SNAP HOOK","","","","","","","","1200","",""
"HOOK 1/4 CLEVIS SLIP YELLOW ZINC GR70","hook-1-4-clevis-slip-yellow-zinc-gr70-a33104x","HOOK 1/4 CLEVIS SLIP YELLOW ZINC GR70
<table><tbody><tr><th>Brand</th><td>SQQ</td></tr><tr><th>Size</th><td>1/4&quot;</td></tr><tr><th>Working Load Limit</th><td>2750</td></tr><tr><th>Material</th><td>40CR</td></tr><tr><th>Supplier Type Code</th><td>CLEVIS SLIP</td></tr><tr><th>Certification Standard</th><td>ASME B30.26</td></tr></tbody></table>","Qindao","","Hooks","Spartan import, department:rigging-hardware, category:hooks, Hooks, Qindao","false","draft","A33104X","","Title","Default Title","","","","","","","","true","249","g","true","manual","Hooks","Rigging Hardware","","","","","SQQ","","","","ASME B30.26","","","","","","","","","","","","","","","40CR","","","","","","","1/4""","","","","","","","","CLEVIS SLIP","","","","","","","","2750","",""
"HOOK 1/4 EYE SNAP","hook-1-4-eye-snap-88673","HOOK 1/4 EYE SNAP
<table><tbody><tr><th>Brand</th><td>/</td></tr><tr><th>Size</th><td>1/4&quot;</td></tr><tr><th>Working Load Limit</th><td>260</td></tr><tr><th>Material</th><td>Q235</td></tr><tr><th>Supplier Type Code</th><td>SNAP HOOK</td></tr><tr><th>Certification Standard</th><td>DIN5299</td></tr></tbody></table>","Qindao","","Hooks","Spartan import, department:rigging-hardware, category:hooks, Hooks, Qindao","false","draft","88673","","Title","Default Title","","","","","","","","true","27","g","true","manual","Hooks","Rigging Hardware","","","","","/","","","","DIN5299","","","","","","","","","","","","","","","Q235","","","","","","","1/4""","","","","","","","","SNAP HOOK","","","","","","","","260","",""
"HOOK 1/4 SNAP","hook-1-4-snap-88662","HOOK 1/4 SNAP
<table><tbody><tr><th>Brand</th><td>/</td></tr><tr><th>Size</th><td>1/4&quot;</td></tr><tr><th>Working Load Limit</th><td>260</td></tr><tr><th>Material</th><td>Q235</td></tr><tr><th>Supplier Type Code</th><td>SNAP HOOK</td></tr><tr><th>Certification Standard</th><td>DIN5299</td></tr></tbody></table>","Qindao","","Hooks","Spartan import, department:rigging-hardware, category:hooks, Hooks, Qindao","false","draft","88662","","Title","Default Title","","","","","","","","true","27","g","true","manual","Hooks","Rigging Hardware","","","","","/","","","","DIN5299","","","","","","","","","","","","","","","Q235","","","","","","","1/4""","","","","","","","","SNAP HOOK","","","","","","","","260","",""
"HOOK 1/4 SNAP SS304","hook-1-4-snap-ss304-82323","HOOK 1/4 SNAP SS304
<table><tbody><tr><th>Brand</th><td>/</td></tr><tr><th>Size</th><td>1/4&quot;</td></tr><tr><th>Working Load Limit</th><td>260</td></tr><tr><th>Material</th><td>SS304</td></tr><tr><th>Supplier Type Code</th><td>SNAP HOOK</td></tr><tr><th>Certification Standard</th><td>DIN5299</td></tr></tbody></table>","Qindao","","Hooks","Spartan import, department:rigging-hardware, category:hooks, Hooks, Qindao","false","draft","82323","","Title","Default Title","","","","","","","","true","27","g","true","manual","Hooks","Rigging Hardware","","","","","/","","","","DIN5299","","","","","","","","","","","","","","","SS304","","","","","","","1/4""","","","","","","","","SNAP HOOK","","","","","","","","260","",""
"HOOK 3/8 EYE SNAP SS304","hook-3-8-eye-snap-ss304-82331","HOOK 3/8 EYE SNAP SS304
<table><tbody><tr><th>Brand</th><td>/</td></tr><tr><th>Size</th><td>3/8&quot;</td></tr><tr><th>Working Load Limit</th><td>770</td></tr><tr><th>Material</th><td>SS304</td></tr><tr><th>Supplier Type Code</th><td>SNAP HOOK</td></tr><tr><th>Certification Standard</th><td>DIN5299</td></tr></tbody></table>","Qindao","","Hooks","Spartan import, department:rigging-hardware, category:hooks, Hooks, Qindao","false","draft","82331","","Title","Default Title","","","","","","","","true","159","g","true","manual","Hooks","Rigging Hardware","","","","","/","","","","DIN5299","","","","","","","","","","","","","","","SS304","","","","","","","3/8""","","","","","","","","SNAP HOOK","","","","","","","","770","",""
"HOOK 3/8 EYE SNAP ZP-245","hook-3-8-eye-snap-zp-245-88657","HOOK 3/8 EYE SNAP ZP-245
<table><tbody><tr><th>Brand</th><td>/</td></tr><tr><th>Size</th><td>3/8&quot;</td></tr><tr><th>Working Load Limit</th><td>770</td></tr><tr><th>Material</th><td>Q235</td></tr><tr><th>Supplier Type Code</th><td>SNAP HOOK</td></tr><tr><th>Certification Standard</th><td>DIN5299</td></tr></tbody></table>","Qindao","","Hooks","Spartan import, department:rigging-hardware, category:hooks, Hooks, Qindao","false","draft","88657","","Title","Default Title","","","","","","","","true","159","g","true","manual","Hooks","Rigging Hardware","","","","","/","","","","DIN5299","","","","","","","","","","","","","","","Q235","","","","","","","3/8""","","","","","","","","SNAP HOOK","","","","","","","","770","",""
"HOOK 3/8 SNAP ZP-245","hook-3-8-snap-zp-245-88664","HOOK 3/8 SNAP ZP-245
<table><tbody><tr><th>Brand</th><td>/</td></tr><tr><th>Size</th><td>3/8&quot;</td></tr><tr><th>Working Load Limit</th><td>770</td></tr><tr><th>Material</th><td>Q235</td></tr><tr><th>Supplier Type Code</th><td>SNAP HOOK</td></tr><tr><th>Certification Standard</th><td>DIN5299</td></tr></tbody></table>","Qindao","","Hooks","Spartan import, department:rigging-hardware, category:hooks, Hooks, Qindao","false","draft","88664","","Title","Default Title","","","","","","","","true","127","g","true","manual","Hooks","Rigging Hardware","","","","","/","","","","DIN5299","","","","","","","","","","","","","","","Q235","","","","","","","3/8""","","","","","","","","SNAP HOOK","","","","","","","","770","",""
"HOOK 3/16 EYE SNAP","hook-3-16-eye-snap-88671","HOOK 3/16 EYE SNAP
<table><tbody><tr><th>Brand</th><td>/</td></tr><tr><th>Size</th><td>3/16&quot;</td></tr><tr><th>Working Load Limit</th><td>220</td></tr><tr><th>Material</th><td>Q235</td></tr><tr><th>Supplier Type Code</th><td>SNAP HOOK</td></tr><tr><th>Certification Standard</th><td>DIN5299</td></tr></tbody></table>","Qindao","","Hooks","Spartan import, department:rigging-hardware, category:hooks, Hooks, Qindao","false","draft","88671","","Title","Default Title","","","","","","","","true","18","g","true","manual","Hooks","Rigging Hardware","","","","","/","","","","DIN5299","","","","","","","","","","","","","","","Q235","","","","","","","3/16""","","","","","","","","SNAP HOOK","","","","","","","","220","",""
"HOOK 3/16 EYE SNAP SS304","hook-3-16-eye-snap-ss304-82341","HOOK 3/16 EYE SNAP SS304
<table><tbody><tr><th>Brand</th><td>/</td></tr><tr><th>Size</th><td>3/16&quot;</td></tr><tr><th>Working Load Limit</th><td>220</td></tr><tr><th>Material</th><td>SS304</td></tr><tr><th>Supplier Type Code</th><td>SNAP HOOK</td></tr><tr><th>Certification Standard</th><td>DIN5299</td></tr></tbody></table>","Qindao","","Hooks","Spartan import, department:rigging-hardware, category:hooks, Hooks, Qindao","false","draft","82341","","Title","Default Title","","","","","","","","true","18","g","true","manual","Hooks","Rigging Hardware","","","","","/","","","","DIN5299","","","","","","","","","","","","","","","SS304","","","","","","","3/16""","","","","","","","","SNAP HOOK","","","","","","","","220","",""
"HOOK 3/16 SNAP","hook-3-16-snap-88672","HOOK 3/16 SNAP
<table><tbody><tr><th>Brand</th><td>/</td></tr><tr><th>Size</th><td>3/16&quot;</td></tr><tr><th>Working Load Limit</th><td>220</td></tr><tr><th>Material</th><td>Q235</td></tr><tr><th>Supplier Type Code</th><td>SNAP HOOK</td></tr><tr><th>Certification Standard</th><td>DIN5299</td></tr></tbody></table>","Qindao","","Hooks","Spartan import, department:rigging-hardware, category:hooks, Hooks, Qindao","false","draft","88672","","Title","Default Title","","","","","","","","true","18","g","true","manual","Hooks","Rigging Hardware","","","","","/","","","","DIN5299","","","","","","","","","","","","","","","Q235","","","","","","","3/16""","","","","","","","","SNAP HOOK","","","","","","","","220","",""
"HOOK 3/16 SNAP SS304","hook-3-16-snap-ss304-82340","HOOK 3/16 SNAP SS304
<table><tbody><tr><th>Brand</th><td>/</td></tr><tr><th>Size</th><td>3/16&quot;</td></tr><tr><th>Working Load Limit</th><td>220</td></tr><tr><th>Material</th><td>SS304</td></tr><tr><th>Supplier Type Code</th><td>SNAP HOOK</td></tr><tr><th>Certification Standard</th><td>DIN5299</td></tr></tbody></table>","Qindao","","Hooks","Spartan import, department:rigging-hardware, category:hooks, Hooks, Qindao","false","draft","82340","","Title","Default Title","","","","","","","","true","18","g","true","manual","Hooks","Rigging Hardware","","","","","/","","","","DIN5299","","","","","","","","","","","","","","","SS304","","","","","","","3/16""","","","","","","","","SNAP HOOK","","","","","","","","220","",""
"HOOK 5/16 EYE SNAP SS304","hook-5-16-eye-snap-ss304-82344","HOOK 5/16 EYE SNAP SS304
<table><tbody><tr><th>Brand</th><td>/</td></tr><tr><th>Size</th><td>5/16&quot;</td></tr><tr><th>Working Load Limit</th><td>500</td></tr><tr><th>Material</th><td>SS304</td></tr><tr><th>Supplier Type Code</th><td>SNAP HOOK</td></tr><tr><th>Certification Standard</th><td>DIN5299</td></tr></tbody></table>","Qindao","","Hooks","Spartan import, department:rigging-hardware, category:hooks, Hooks, Qindao","false","draft","82344","","Title","Default Title","","","","","","","","true","77","g","true","manual","Hooks","Rigging Hardware","","","","","/","","","","DIN5299","","","","","","","","","","","","","","","SS304","","","","","","","5/16""","","","","","","","","SNAP HOOK","","","","","","","","500","",""
"HOOK 5/16 SNAP SS304","hook-5-16-snap-ss304-82327","HOOK 5/16 SNAP SS304
<table><tbody><tr><th>Brand</th><td>/</td></tr><tr><th>Size</th><td>5/16&quot;</td></tr><tr><th>Working Load Limit</th><td>500</td></tr><tr><th>Material</th><td>SS304</td></tr><tr><th>Supplier Type Code</th><td>SNAP HOOK</td></tr><tr><th>Certification Standard</th><td>DIN5299</td></tr></tbody></table>","Qindao","","Hooks","Spartan import, department:rigging-hardware, category:hooks, Hooks, Qindao","false","draft","82327","","Title","Default Title","","","","","","","","true","64","g","true","manual","Hooks","Rigging Hardware","","","","","/","","","","DIN5299","","","","","","","","","","","","","","","SS304","","","","","","","5/16""","","","","","","","","SNAP HOOK","","","","","","","","500","",""
"HOOK 7/16 CLEVIS GRAB GR70","hook-7-16-clevis-grab-gr70-a33007x","HOOK 7/16 CLEVIS GRAB GR70
<table><tbody><tr><th>Brand</th><td>SQQ</td></tr><tr><th>Size</th><td>7/16&quot;</td></tr><tr><th>Working Load Limit</th><td>8750</td></tr><tr><th>Material</th><td>40CR</td></tr><tr><th>Supplier Type Code</th><td>CLEVIS GRAB</td></tr><tr><th>Certification Standard</th><td>ASME B30.26</td></tr></tbody></table>","Qindao","","Hooks","Spartan import, department:rigging-hardware, category:hooks, Hooks, Qindao","false","draft","A33007X","","Title","Default Title","","","","","","","","true","594","g","true","manual","Hooks","Rigging Hardware","","","","","SQQ","","","","ASME B30.26","","","","","","","","","","","","","","","40CR","","","","","","","7/16""","","","","","","","","CLEVIS GRAB","","","","","","","","8750","",""
"HOOK 7/16 GR70","hook-7-16-gr70-a33107x","HOOK 7/16 CLEVIS SLIP YELLOW ZINC GR70
<table><tbody><tr><th>Brand</th><td>SQQ</td></tr><tr><th>Size</th><td>7/16&quot;</td></tr><tr><th>Working Load Limit</th><td>7000</td></tr><tr><th>Material</th><td>40CR</td></tr><tr><th>Supplier Type Code</th><td>CLEVIS SLIP</td></tr><tr><th>Certification Standard</th><td>ASME B30.26</td></tr></tbody></table>","Qindao","","Hooks","Spartan import, department:rigging-hardware, category:hooks, Hooks, Qindao","false","draft","A33107X","","Title","Default Title","","","","","","","","true","934","g","true","manual","Hooks","Rigging Hardware","","","","","SQQ","","","","ASME B30.26","","","","","","","","","","","","","","","40CR","","","","","","","7/16""","","","","","","","","CLEVIS SLIP","","","","","","","","7000","",""
"HOOK 7/16 SNAP ZP-245","hook-7-16-snap-zp-245-88658","HOOK 7/16 SNAP ZP-245
<table><tbody><tr><th>Brand</th><td>/</td></tr><tr><th>Size</th><td>7/16&quot;</td></tr><tr><th>Working Load Limit</th><td>900</td></tr><tr><th>Material</th><td>Q235</td></tr><tr><th>Supplier Type Code</th><td>SNAP HOOK</td></tr><tr><th>Certification Standard</th><td>DIN5299</td></tr></tbody></table>","Qindao","","Hooks","Spartan import, department:rigging-hardware, category:hooks, Hooks, Qindao","false","draft","88658","","Title","Default Title","","","","","","","","true","186","g","true","manual","Hooks","Rigging Hardware","","","","","/","","","","DIN5299","","","","","","","","","","","","","","","Q235","","","","","","","7/16""","","","","","","","","SNAP HOOK","","","","","","","","900","",""
"HOOK 9/16 SNAP ZP-245","hook-9-16-snap-zp-245-88660","HOOK 9/16 SNAP ZP-245
<table><tbody><tr><th>Brand</th><td>/</td></tr><tr><th>Size</th><td>9/16&quot;</td></tr><tr><th>Working Load Limit</th><td>1600</td></tr><tr><th>Material</th><td>Q235</td></tr><tr><th>Supplier Type Code</th><td>SNAP HOOK</td></tr><tr><th>Certification Standard</th><td>DIN5299</td></tr></tbody></table>","Qindao","","Hooks","Spartan import, department:rigging-hardware, category:hooks, Hooks, Qindao","false","draft","88660","","Title","Default Title","","","","","","","","true","454","g","true","manual","Hooks","Rigging Hardware","","","","","/","","","","DIN5299","","","","","","","","","","","","","","","Q235","","","","","","","9/16""","","","","","","","","SNAP HOOK","","","","","","","","1600","",""
"Hull Cleaner Orange/Red","hull-cleaner-orange-red","","BEBBINGTON INDUSTRIES INC.","","Cleaners","Spartan import, department:maintenance-supplies, category:cleaners, Cleaners, BEBBINGTON INDUSTRIES INC.","false","draft","0622-01","","Volume","1L","","","","","","","","true","","","true","manual","Cleaners","Maintenance & Supplies","","","","","","","","","","","","","","","","","","","","","","","","","","","","","","","","","","","","","","","","","","","","","","","","",""
"","hull-cleaner-orange-red","","","","","","","","0622-04","","Volume","4L","","","","","","","","true","","","true","manual","","","","","","","","","","","","","","","","","","","","","","","","","","","","","","","","","","","","","","","","","","","","","","","","","","",""
"IMMERSION SUIT CREWSAVER ADULT XLARGE W/","immersion-suit-crewsaver-adult-xlarge-w-d8809xltc","","DBC MARINE SAFETY SYSTEMS LTD","","Immersion Suits","Spartan import, department:safety-buoys-survival, category:immersion-suits, Immersion Suits, DBC MARINE SAFETY SYSTEMS LTD","false","draft","D8809XLTC","","Title","Default Title","","","","","","","","true","","","true","manual","Immersion Suits","Safety, Buoys & Survival","","","","","","","","","","","","","","","","","","","","","","","","","","","","","","","","","","","","","","","","","","","","","","","","",""
"IMMERSION SUIT CREWSAVER LARGE W/ LIGHT","immersion-suit-crewsaver-large-w-light-d8809lyc","","DBC MARINE SAFETY SYSTEMS LTD","","Immersion Suits","Spartan import, department:safety-buoys-survival, category:immersion-suits, Immersion Suits, DBC MARINE SAFETY SYSTEMS LTD","false","draft","D8809LYC","","Title","Default Title","","","","","","","","true","","","true","manual","Immersion Suits","Safety, Buoys & Survival","","","","","","","","","","","","","","","","","","","","","","","","","","","","","","","","","","","","","","","","","","","","","","","","",""
"IMMERSION SUIT JUMBO RED","immersion-suit-jumbo-red-mis240tcj","<table><tbody><tr><th>Size</th><td>Item Length (in) - 26.0&quot; / Item Width (in) - 17.0&quot; / Item Height (in) - 7.5&quot;</td></tr><tr><th>Colour</th><td>04-Red</td></tr></tbody></table>","MUSTANG SURVIVAL ULC","","Immersion Suits","Spartan import, department:safety-buoys-survival, category:immersion-suits, Immersion Suits, MUSTANG SURVIVAL ULC","false","draft","MIS240TCJ","","Title","Default Title","","","","","","","","true","-6350","g","true","manual","Immersion Suits","Safety, Buoys & Survival","","","","","","","","","","04-Red","","","","","","","","","","","","","","","","","","","","","Item Length (in) - 26.0"" / Item Width (in) - 17.0"" / Item Height (in) - 7.5""","","","","","","","","","","","","","","","","","",""
"IMMERSION SUIT SMALL RED","immersion-suit-small-red-mis220tcs","<table><tbody><tr><th>Size</th><td>Item Length (in) - 25&quot; / Item Width (in) - 13.0&quot; / Item Height (in) - 7.5&quot;</td></tr><tr><th>Colour</th><td>04-Red</td></tr></tbody></table>","MUSTANG SURVIVAL ULC","","Immersion Suits","Spartan import, department:safety-buoys-survival, category:immersion-suits, Immersion Suits, MUSTANG SURVIVAL ULC","false","draft","MIS220TCS","","Title","Default Title","","","","","","","","true","-5126","g","true","manual","Immersion Suits","Safety, Buoys & Survival","","","","","","","","","","04-Red","","","","","","","","","","","","","","","","","","","","","Item Length (in) - 25"" / Item Width (in) - 13.0"" / Item Height (in) - 7.5""","","","","","","","","","","","","","","","","","",""
"IMMERSION SUIT UNIVERSAL ICE COMMANDER G","immersion-suit-universal-ice-commander-g-45150035","<table><tbody><tr><th>Size</th><td>Item Length (in) - 7.5&quot; / Item Width (in) - 17.0&quot; / Item Height (in) - 26.0&quot;</td></tr><tr><th>Colour</th><td>04-Red</td></tr></tbody></table>","MUSTANG SURVIVAL ULC","","Immersion Suits","Spartan import, department:safety-buoys-survival, category:immersion-suits, Immersion Suits, MUSTANG SURVIVAL ULC","false","draft","45150035","","Title","Default Title","","","","","","","","true","-5693","g","true","manual","Immersion Suits","Safety, Buoys & Survival","","","","","","","","","","04-Red","","","","","","","","","","","","","","","","","","","","","Item Length (in) - 7.5"" / Item Width (in) - 17.0"" / Item Height (in) - 26.0""","","","","","","","","","","","","","","","","","",""
"IMMERSION SUIT UNIVERSAL RED","immersion-suit-universal-red-mis230tcu","<table><tbody><tr><th>Size</th><td>Item Length (in) - 26.0&quot; / Item Width (in) - 17.0&quot; / Item Height (in) - 7.5&quot;</td></tr><tr><th>Colour</th><td>04-Red</td></tr></tbody></table>","MUSTANG SURVIVAL ULC","","Immersion Suits","Spartan import, department:safety-buoys-survival, category:immersion-suits, Immersion Suits, MUSTANG SURVIVAL ULC","false","draft","MIS230TCU","","Title","Default Title","","","","","","","","true","-5693","g","true","manual","Immersion Suits","Safety, Buoys & Survival","","","","","","","","","","04-Red","","","","","","","","","","","","","","","","","","","","","Item Length (in) - 26.0"" / Item Width (in) - 17.0"" / Item Height (in) - 7.5""","","","","","","","","","","","","","","","","","",""
"INTERLAC 665 BLACK 1 GAL","interlac-665-black-1-gal-cly999-1gl","<table><tbody><tr><th>Size</th><td>1 Gallon</td></tr><tr><th>Colour</th><td>Black</td></tr></tbody></table>","INTERNATIONAL PAINTS INC","","Marine Paint","Spartan import, department:maintenance-supplies, category:marine-paint, Marine Paint, INTERNATIONAL PAINTS INC","false","draft","CLY999/1GL","","Title","Default Title","","","","","","","","true","4123","g","true","manual","Marine Paint","Maintenance & Supplies","","","","","","","","","","Black","","","","","","","","","","","","","","","","","","","","","1 Gallon","","","","","","","","","","","","","","","","","",""
"JIG 6OZ NOR FISH #2175 175G SS","jig-6oz-nor-fish-2175-175g-ss-2175","<table><tbody><tr><th>Size</th><td>7 x 28,5 x 18 cm</td></tr></tbody></table>","NORDIC OUTDOOR AS (Solvkroken)","","Fishing Lures","Spartan import, department:fishing-trap-gear, category:fishing-lures, Fishing Lures, NORDIC OUTDOOR AS (Solvkroken)","false","draft","2175","","Title","Default Title","","","","","","","","true","132000","g","true","manual","Fishing Lures","Fishing & Trap Gear","","","","","","","","","","","","","","","","","","","","","","","","","","","","","","","7 x 28,5 x 18 cm","","","","","","","","","","","","","","","","","",""
"JIG 17.5OZ NOR FISH #2500 500G SS","jig-17-5oz-nor-fish-2500-500g-ss-2500","<table><tbody><tr><th>Size</th><td>7 x 28,5 x 18 cm</td></tr></tbody></table>","NORDIC OUTDOOR AS (Solvkroken)","","Fishing Lures","Spartan import, department:fishing-trap-gear, category:fishing-lures, Fishing Lures, NORDIC OUTDOOR AS (Solvkroken)","false","draft","2500","","Title","Default Title","","","","","","","","true","344000","g","true","manual","Fishing Lures","Fishing & Trap Gear","","","","","","","","","","","","","","","","","","","","","","","","","","","","","","","7 x 28,5 x 18 cm","","","","","","","","","","","","","","","","","",""
"JIG 18G JENSEN SILD TWIN","jig-18g-jensen-sild-twin-11856","<table><tbody><tr><th>Size</th><td>10,5 x 23 x 9 cm</td></tr></tbody></table>","NORDIC OUTDOOR AS (Solvkroken)","","Fishing Lures","Spartan import, department:fishing-trap-gear, category:fishing-lures, Fishing Lures, NORDIC OUTDOOR AS (Solvkroken)","false","draft","11856","","Title","Default Title","","","","","","","","true","42000","g","true","manual","Fishing Lures","Fishing & Trap Gear","","","","","","","","","","","","","","","","","","","","","","","","","","","","","","","10,5 x 23 x 9 cm","","","","","","","","","","","","","","","","","",""
"JIG 21OZ NOR FISH #2600 600G SS","jig-21oz-nor-fish-2600-600g-ss-26020035","","NORDIC OUTDOOR AS (Solvkroken)","","Fishing Lures","Spartan import, department:fishing-trap-gear, category:fishing-lures, Fishing Lures, NORDIC OUTDOOR AS (Solvkroken)","false","draft","26020035","","Title","Default Title","","","","","","","","true","","","true","manual","Fishing Lures","Fishing & Trap Gear","","","","","","","","","","","","","","","","","","","","","","","","","","","","","","","","","","","","","","","","","","","","","","","","",""
"Joka Topgrip 550 Gloves — Black/Blue","joka-topgrip-550-gloves-black-blue","<table><tbody><tr><th>Colour</th><td>Black/Blue</td></tr><tr><th>Material</th><td>Sofshell,Vinyl,fleece insert with Hipora membrane</td></tr></tbody></table>","JOKA SAFE","","Gloves","Spartan import, department:workwear-footwear, category:gloves, Gloves, JOKA SAFE","false","draft","JOKATOPGRIP-9","","Size","9","","","","","","","","true","","","true","manual","Gloves","Workwear & Footwear","","","","","","","","","","Black/Blue","","","","","","","","","","","","","","Sofshell,Vinyl,fleece insert with Hipora membrane","","","","","","","","","","","","","","","","","","","","","","","","",""
"","joka-topgrip-550-gloves-black-blue","","","","","","","","JOKATOPGRIP-10","","Size","10","","","","","","","","true","","","true","manual","","","","","","","","","","","","","","","","","","","","","","","","","","","","","","","","","","","","","","","","","","","","","","","","","","",""
"","joka-topgrip-550-gloves-black-blue","","","","","","","","JOKATOPGRIP-11","","Size","11","","","","","","","","true","","","true","manual","","","","","","","","","","","","","","","","","","","","","","","","","","","","","","","","","","","","","","","","","","","","","","","","","","",""
"Jokapolar Cold Wet Grip Gloves — Black","jokapolar-cold-wet-grip-gloves-black","<table><tbody><tr><th>Colour</th><td>Black</td></tr><tr><th>Material</th><td>Vinyl coated cotton, PES insert</td></tr></tbody></table>","JOKA SAFE","","Gloves","Spartan import, department:workwear-footwear, category:gloves, Gloves, JOKA SAFE","false","draft","JOKAPOLAR-10","","Size","10","","","","","","","","true","","","true","manual","Gloves","Workwear & Footwear","","","","","","","","","","Black","","","","","","","","","","","","","","Vinyl coated cotton, PES insert","","","","","","","","","","","","","","","","","","","","","","","","",""
"","jokapolar-cold-wet-grip-gloves-black","","","","","","","","JOKAPOLAR-11","","Size","11","","","","","","","","true","","","true","manual","","","","","","","","","","","","","","","","","","","","","","","","","","","","","","","","","","","","","","","","","","","","","","","","","","",""
"","jokapolar-cold-wet-grip-gloves-black","","","","","","","","JOKAPOLAR-12","","Size","12","","","","","","","","true","420","g","true","manual","","","","","","","","","","","","","","","","","","","","","","","","","","","","","","","","","","","","","","","","","","","","","","","","","","",""
"KNEEPAD STANDARD HELLY HANSEN","kneepad-standard-helly-hansen-79569-990","<table><tbody><tr><th>Material</th><td>100% PE Foam</td></tr><tr><th>Colour</th><td>Black</td></tr></tbody></table>","HELLY HANSEN WORKWEAR","","Kneepads","Spartan import, department:workwear-footwear, category:kneepads, Kneepads, HELLY HANSEN WORKWEAR","false","draft","79569-990","","Title","Default Title","","","","","","","","true","62","g","true","manual","Kneepads","Workwear & Footwear","","","","","","","","","","Black","","","","","","","","","","","","","","100% PE Foam","","","","","","","","","","","","","","","","","","","","","","","","",""
"KNIFE 2IN SCALLOP DEXTER-RUSSELL","knife-2in-scallop-dexter-russell-10253","<table><tbody><tr><th>Size</th><td>0.079 LB</td></tr></tbody></table>","DEXTER RUSSELL INC","","Knives","Spartan import, department:fishing-trap-gear, category:knives, Knives, DEXTER RUSSELL INC","false","draft","10253","","Title","Default Title","","","","","","","","true","","","true","manual","Knives","Fishing & Trap Gear","","","","","","","","","","","","","","","","","","","","","","","","","","","","","","","0.079 LB","","","","","","","","","","","","","","","","","",""
"KNIFE 3-1/4"" PARING WAVY EDGE BLACK","knife-3-1-4-paring-wavy-edge-black-hk67433-black","<table><tbody><tr><th>Size</th><td>20 units</td></tr></tbody></table>","BRDR MARKUSSENS METALVAREFABRIK A/S","","Knives","Spartan import, department:fishing-trap-gear, category:knives, Knives, BRDR MARKUSSENS METALVAREFABRIK A/S","false","draft","HK67433-BLACK","","Title","Default Title","","","","","","","","true","400","g","true","manual","Knives","Fishing & Trap Gear","","","","","","","","","","","","","","","","","","","","","","","","","","","","","","","20 units","","","","","","","","","","","","","","","","","",""
"KNIFE 3-1/4"" PARING WAVY EDGE RED 27080","knife-3-1-4-paring-wavy-edge-red-27080-hk67431-red","<table><tbody><tr><th>Size</th><td>20 units</td></tr></tbody></table>","BRDR MARKUSSENS METALVAREFABRIK A/S","","Knives","Spartan import, department:fishing-trap-gear, category:knives, Knives, BRDR MARKUSSENS METALVAREFABRIK A/S","false","draft","HK67431-RED","","Title","Default Title","","","","","","","","true","400","g","true","manual","Knives","Fishing & Trap Gear","","","","","","","","","","","","","","","","","","","","","","","","","","","","","","","20 units","","","","","","","","","","","","","","","","","",""
"KNIFE 85MM STAINLESS STEEL YELLOW HANDLE","knife-85mm-stainless-steel-yellow-handle-hk67436-yellow","<table><tbody><tr><th>Size</th><td>20 units</td></tr></tbody></table>","BRDR MARKUSSENS METALVAREFABRIK A/S","","Knives","Spartan import, department:fishing-trap-gear, category:knives, Knives, BRDR MARKUSSENS METALVAREFABRIK A/S","false","draft","HK67436-YELLOW","","Title","Default Title","","","","","","","","true","400","g","true","manual","Knives","Fishing & Trap Gear","","","","","","","","","","","","","","","","","","","","","","","","","","","","","","","20 units","","","","","","","","","","","","","","","","","",""
"KNIFE BLADE-2-1/2IN SPECIALTY-TOOLS FLOR","knife-blade-2-1-2in-specialty-tools-flor-40560","<table><tbody><tr><th>Size</th><td>3.7in</td></tr></tbody></table>","VICTORINOX-SWITZERLAND","","Knives","Spartan import, department:fishing-trap-gear, category:knives, Knives, VICTORINOX-SWITZERLAND","false","draft","40560","","Title","Default Title","","","","","","","","true","","","true","manual","Knives","Fishing & Trap Gear","","","","","","","","","","","","","","","","","","","","","","","","","","","","","","","3.7in","","","","","","","","","","","","","","","","","",""
"KNIFE BLADE-8IN DEXTER-RUSSELL","knife-blade-8in-dexter-russell-04451","<table><tbody><tr><th>Size</th><td>0.43 LB</td></tr></tbody></table>","DEXTER RUSSELL INC","","Knives","Spartan import, department:fishing-trap-gear, category:knives, Knives, DEXTER RUSSELL INC","false","draft","04451","","Title","Default Title","","","","","","","","true","","","true","manual","Knives","Fishing & Trap Gear","","","","","","","","","","","","","","","","","","","","","","","","","","","","","","","0.43 LB","","","","","","","","","","","","","","","","","",""
"KNIFE BONING BLADE-5IN DEXTER-RUSSELL","knife-boning-blade-5in-dexter-russell-01660","<table><tbody><tr><th>Size</th><td>0.29 LB</td></tr></tbody></table>","DEXTER RUSSELL INC","","Knives","Spartan import, department:fishing-trap-gear, category:knives, Knives, DEXTER RUSSELL INC","false","draft","01660","","Title","Default Title","","","","","","","","true","","","true","manual","Knives","Fishing & Trap Gear","","","","","","","","","","","","","","","","","","","","","","","","","","","","","","","0.29 LB","","","","","","","","","","","","","","","","","",""
"KNIFE BONING BLADE-6IN DEXTER-RUSSELL","knife-boning-blade-6in-dexter-russell-01880","<table><tbody><tr><th>Size</th><td>0.30 LB</td></tr></tbody></table>","DEXTER RUSSELL INC","","Knives","Spartan import, department:fishing-trap-gear, category:knives, Knives, DEXTER RUSSELL INC","false","draft","01880","","Title","Default Title","","","","","","","","true","","","true","manual","Knives","Fishing & Trap Gear","","","","","","","","","","","","","","","","","","","","","","","","","","","","","","","0.30 LB","","","","","","","","","","","","","","","","","",""
"KNIFE BONING STIFF BLADE-6IN DEXTER-RUSS","knife-boning-stiff-blade-6in-dexter-russ-02661","<table><tbody><tr><th>Size</th><td>0.23 LB</td></tr></tbody></table>","DEXTER RUSSELL INC","","Knives","Spartan import, department:fishing-trap-gear, category:knives, Knives, DEXTER RUSSELL INC","false","draft","02661","","Title","Default Title","","","","","","","","true","","","true","manual","Knives","Fishing & Trap Gear","","","","","","","","","","","","","","","","","","","","","","","","","","","","","","","0.23 LB","","","","","","","","","","","","","","","","","",""
"KNIFE BUTCHER BLADE-8IN","knife-butcher-blade-8in-04133","<table><tbody><tr><th>Size</th><td>0.51 LB</td></tr></tbody></table>","DEXTER RUSSELL INC","","Knives","Spartan import, department:fishing-trap-gear, category:knives, Knives, DEXTER RUSSELL INC","false","draft","04133","","Title","Default Title","","","","","","","","true","","","true","manual","Knives","Fishing & Trap Gear","","","","","","","","","","","","","","","","","","","","","","","","","","","","","","","0.51 LB","","","","","","","","","","","","","","","","","",""
"KNIFE FILLET BLADE-7IN DEXTER-RUSSELL","knife-fillet-blade-7in-dexter-russell-10203","<table><tbody><tr><th>Size</th><td>0.40 LB</td></tr></tbody></table>","DEXTER RUSSELL INC","","Knives","Spartan import, department:fishing-trap-gear, category:knives, Knives, DEXTER RUSSELL INC","false","draft","10203","","Title","Default Title","","","","","","","","true","","","true","manual","Knives","Fishing & Trap Gear","","","","","","","","","","","","","","","","","","","","","","","","","","","","","","","0.40 LB","","","","","","","","","","","","","","","","","",""
"KNIFE GREEN SS","knife-green-ss-hk67436-green","<table><tbody><tr><th>Size</th><td>20 units</td></tr></tbody></table>","BRDR MARKUSSENS METALVAREFABRIK A/S","","Knives","Spartan import, department:fishing-trap-gear, category:knives, Knives, BRDR MARKUSSENS METALVAREFABRIK A/S","false","draft","HK67436-GREEN","","Title","Default Title","","","","","","","","true","400","g","true","manual","Knives","Fishing & Trap Gear","","","","","","","","","","","","","","","","","","","","","","","","","","","","","","","20 units","","","","","","","","","","","","","","","","","",""
"KNIFE ORANGE STAINLESS","knife-orange-stainless-hk67436-orange","<table><tbody><tr><th>Size</th><td>20 units</td></tr></tbody></table>","BRDR MARKUSSENS METALVAREFABRIK A/S","","Knives","Spartan import, department:fishing-trap-gear, category:knives, Knives, BRDR MARKUSSENS METALVAREFABRIK A/S","false","draft","HK67436-ORANGE","","Title","Default Title","","","","","","","","true","400","g","true","manual","Knives","Fishing & Trap Gear","","","","","","","","","","","","","","","","","","","","","","","","","","","","","","","20 units","","","","","","","","","","","","","","","","","",""
"KNIFE OYSTER C/W-GUARD","knife-oyster-c-w-guard-27010377","<table><tbody><tr><th>Size</th><td>13,75X6,25X 2,00 in</td></tr></tbody></table>","A. RICHARD TOOLS CO.","","Knives","Spartan import, department:fishing-trap-gear, category:knives, Knives, A. RICHARD TOOLS CO.","false","draft","27010377","","Title","Default Title","","","","","","","","true","","","true","manual","Knives","Fishing & Trap Gear","","","","","","","","","","","","","","","","","","","","","","","","","","","","","","","13,75X6,25X 2,00 in","","","","","","","","","","","","","","","","","",""
"KNIFE SCALLOP 518","knife-scallop-518-27010098","<table><tbody><tr><th>Size</th><td>8.2&quot; x .75&quot; x .75&quot;</td></tr></tbody></table>","MTKMFL INC.","","Scallop Knives","Spartan import, department:fishing-trap-gear, category:scallop-knives, Scallop Knives, MTKMFL INC.","false","draft","27010098","","Title","Default Title","","","","","","","","true","","","true","manual","Scallop Knives","Fishing & Trap Gear","","","","","","","","","","","","","","","","","","","","","","","","","","","","","","","8.2"" x .75"" x .75""","","","","","","","","","","","","","","","","","",""
"KNIFE SCALLOP PARER IN-DISPLAY DEXTER-RU","knife-scallop-parer-in-display-dexter-ru-15163","<table><tbody><tr><th>Size</th><td>1.90 LB</td></tr></tbody></table>","DEXTER RUSSELL INC","","Knives","Spartan import, department:fishing-trap-gear, category:knives, Knives, DEXTER RUSSELL INC","false","draft","15163","","Title","Default Title","","","","","","","","true","","","true","manual","Knives","Fishing & Trap Gear","","","","","","","","","","","","","","","","","","","","","","","","","","","","","","","1.90 LB","","","","","","","","","","","","","","","","","",""
"KNIFE SLICER TIGER-EDGE BLADE-8IN DEXTER","knife-slicer-tiger-edge-blade-8in-dexter-24293","<table><tbody><tr><th>Size</th><td>0.45 LB</td></tr></tbody></table>","DEXTER RUSSELL INC","","Knives","Spartan import, department:fishing-trap-gear, category:knives, Knives, DEXTER RUSSELL INC","false","draft","24293","","Title","Default Title","","","","","","","","true","","","true","manual","Knives","Fishing & Trap Gear","","","","","","","","","","","","","","","","","","","","","","","","","","","","","","","0.45 LB","","","","","","","","","","","","","","","","","",""
"KNIFE TWINE BLADE-3-1/4IN DEXTER-RUSSELL","knife-twine-blade-3-1-4in-dexter-russell-15403","<table><tbody><tr><th>Size</th><td>0.12 LB</td></tr></tbody></table>","DEXTER RUSSELL INC","","Knives","Spartan import, department:fishing-trap-gear, category:knives, Knives, DEXTER RUSSELL INC","false","draft","15403","","Title","Default Title","","","","","","","","true","","","true","manual","Knives","Fishing & Trap Gear","","","","","","","","","","","","","","","","","","","","","","","","","","","","","","","0.12 LB","","","","","","","","","","","","","","","","","",""
"KNIFE UTILITY NET BLADE-3-1/2IN DEXTER-R","knife-utility-net-blade-3-1-2in-dexter-r-15353","<table><tbody><tr><th>Size</th><td>0.18 LB</td></tr></tbody></table>","DEXTER RUSSELL INC","","Knives","Spartan import, department:fishing-trap-gear, category:knives, Knives, DEXTER RUSSELL INC","false","draft","15353","","Title","Default Title","","","","","","","","true","","","true","manual","Knives","Fishing & Trap Gear","","","","","","","","","","","","","","","","","","","","","","","","","","","","","","","0.18 LB","","","","","","","","","","","","","","","","","",""
"KNIFE1001-1 2.1/2"" BLADE REF.142 1101 09","knife1001-1-2-1-2-blade-ref-142-1101-09-27010235","<table><tbody><tr><th>ERP Material Code</th><td>300009500</td></tr><tr><th>ERP Product Group</th><td>Purchase</td></tr><tr><th>Average Net Unit Weight (kg)</th><td>0.06600000000000003</td></tr><tr><th>Average Gross Unit Weight (kg)</th><td>0.06600000000000003</td></tr></tbody></table>","Cotesi","","Knives","Spartan import, department:fishing-trap-gear, category:knives, Knives, Cotesi","false","draft","27010235","","Title","Default Title","","","","","","","","true","","","true","manual","Knives","Fishing & Trap Gear","","0.06600000000000003","0.06600000000000003","","","","","","","","","","","","300009500","Purchase","","","","","","","","","","","","","","","","","","","","","","","","","","","","","","","","",""
"KNIFE1001-1 2.1/2"" BLADE REF.142 1101 09","knife1001-1-2-1-2-blade-ref-142-1101-09-300009500","<table><tbody><tr><th>ERP Product Group</th><td>Purchase</td></tr><tr><th>Average Net Unit Weight (kg)</th><td>0.066</td></tr><tr><th>Average Gross Unit Weight (kg)</th><td>0.066</td></tr></tbody></table>","Cotesi","","Knives","Spartan import, department:fishing-trap-gear, category:knives, Knives, Cotesi","false","draft","300009500","","Title","Default Title","","","","","","","","true","","","true","manual","Knives","Fishing & Trap Gear","","0.066","0.066","","","","","","","","","","","","","Purchase","","","","","","","","","","","","","","","","","","","","","","","","","","","","","","","","",""
"KNIFE1002-1 3"" BLADE REF.142","knife1002-1-3-blade-ref-142-9","<table><tbody><tr><th>ERP Material Code</th><td>300009501</td></tr><tr><th>ERP Product Group</th><td>Purchase</td></tr><tr><th>Average Net Unit Weight (kg)</th><td>0.066</td></tr><tr><th>Average Gross Unit Weight (kg)</th><td>0.066</td></tr></tbody></table>","Cotesi","","Knives","Spartan import, department:fishing-trap-gear, category:knives, Knives, Cotesi","false","draft","","","Title","Default Title","","","","","","","","true","","","true","manual","Knives","Fishing & Trap Gear","","0.066","0.066","","","","","","","","","","","","300009501","Purchase","","","","","","","","","","","","","","","","","","","","","","","","","","","","","","","","",""
"KNIFE1002-1 3"" BLADE REF.142 1101.10","knife1002-1-3-blade-ref-142-1101-10-11","<table><tbody><tr><th>ERP Product Group</th><td>Purchase</td></tr><tr><th>Average Net Unit Weight (kg)</th><td>0.066</td></tr><tr><th>Average Gross Unit Weight (kg)</th><td>0.066</td></tr></tbody></table>","Cotesi","","Knives","Spartan import, department:fishing-trap-gear, category:knives, Knives, Cotesi","false","draft","","","Title","Default Title","","","","","","","","true","","","true","manual","Knives","Fishing & Trap Gear","","0.066","0.066","","","","","","","","","","","","","Purchase","","","","","","","","","","","","","","","","","","","","","","","","","","","","","","","","",""
"KNIFE1002-1 3"" BLADE REF.142 1101.10","knife1002-1-3-blade-ref-142-1101-10-300009501","<table><tbody><tr><th>ERP Product Group</th><td>Purchase</td></tr><tr><th>Average Net Unit Weight (kg)</th><td>0.066</td></tr><tr><th>Average Gross Unit Weight (kg)</th><td>0.066</td></tr></tbody></table>","Cotesi","","Knives","Spartan import, department:fishing-trap-gear, category:knives, Knives, Cotesi","false","draft","300009501","","Title","Default Title","","","","","","","","true","","","true","manual","Knives","Fishing & Trap Gear","","0.066","0.066","","","","","","","","","","","","","Purchase","","","","","","","","","","","","","","","","","","","","","","","","","","","","","","","","",""
"KNIFE1002-1 3"" BLADE REF.142","knife1002-1-3-blade-ref-142-27010236","<table><tbody><tr><th>ERP Product Group</th><td>Purchase</td></tr><tr><th>Average Net Unit Weight (kg)</th><td>0.066</td></tr><tr><th>Average Gross Unit Weight (kg)</th><td>0.066</td></tr></tbody></table>","Cotesi","","Knives","Spartan import, department:fishing-trap-gear, category:knives, Knives, Cotesi","false","draft","27010236","","Title","Default Title","","","","","","","","true","","","true","manual","Knives","Fishing & Trap Gear","","0.066","0.066","","","","","","","","","","","","","Purchase","","","","","","","","","","","","","","","","","","","","","","","","","","","","","","","","",""
"KNIFE1003-1 3.1/2"" BLADE REF.142 2006 12","knife1003-1-3-1-2-blade-ref-142-2006-12-13","<table><tbody><tr><th>ERP Material Code</th><td>300009502</td></tr><tr><th>ERP Product Group</th><td>Purchase</td></tr><tr><th>Average Net Unit Weight (kg)</th><td>0.066</td></tr><tr><th>Average Gross Unit Weight (kg)</th><td>0.066</td></tr></tbody></table>","Cotesi","","Knives","Spartan import, department:fishing-trap-gear, category:knives, Knives, Cotesi","false","draft","","","Title","Default Title","","","","","","","","true","","","true","manual","Knives","Fishing & Trap Gear","","0.066","0.066","","","","","","","","","","","","300009502","Purchase","","","","","","","","","","","","","","","","","","","","","","","","","","","","","","","","",""
"KNIFE1003-1 3.1/2"" BLADE REF.142 2006 12","knife1003-1-3-1-2-blade-ref-142-2006-12-27010259","<table><tbody><tr><th>ERP Product Group</th><td>Purchase</td></tr><tr><th>Average Net Unit Weight (kg)</th><td>0.06600000000000003</td></tr><tr><th>Average Gross Unit Weight (kg)</th><td>0.06600000000000003</td></tr></tbody></table>","Cotesi","","Knives","Spartan import, department:fishing-trap-gear, category:knives, Knives, Cotesi","false","draft","27010259","","Title","Default Title","","","","","","","","true","","","true","manual","Knives","Fishing & Trap Gear","","0.06600000000000003","0.06600000000000003","","","","","","","","","","","","","Purchase","","","","","","","","","","","","","","","","","","","","","","","","","","","","","","","","",""
"KNIFE1003-1 3.1/2"" BLADE REF.142 2006 12","knife1003-1-3-1-2-blade-ref-142-2006-12-300009502","<table><tbody><tr><th>ERP Product Group</th><td>Purchase</td></tr><tr><th>Average Net Unit Weight (kg)</th><td>0.066</td></tr><tr><th>Average Gross Unit Weight (kg)</th><td>0.066</td></tr></tbody></table>","Cotesi","","Knives","Spartan import, department:fishing-trap-gear, category:knives, Knives, Cotesi","false","draft","300009502","","Title","Default Title","","","","","","","","true","","","true","manual","Knives","Fishing & Trap Gear","","0.066","0.066","","","","","","","","","","","","","Purchase","","","","","","","","","","","","","","","","","","","","","","","","","","","","","","","","",""
"LATCH KIT 2-3 TON","latch-kit-2-3-ton-ss4055c01-5x","LATCH KIT 2T C-3T A
<table><tbody><tr><th>Brand</th><td>/</td></tr><tr><th>Dimensions (in)</th><td>2T C-3T A</td></tr><tr><th>Certification Standard</th><td>/</td></tr></tbody></table>","Qindao","","Latch Kits","Spartan import, department:maintenance-supplies, category:latch-kits, Latch Kits, Qindao","false","draft","SS4055C01-5X","","Title","Default Title","","","","","","","","true","14","g","true","manual","Latch Kits","Maintenance & Supplies","","","","","/","","","","/","","","","2T C-3T A","","","","","","","","","","","","","","","","","","","","","","","","","","","","","","","","","","","",""
"LEADLINE BRAIDED # 30 (1/4DIAX600)","leadline-braided-30-1-4diax600-11150017","","NOVATEC BRAIDS LTD.","","Leadlines","Spartan import, department:rope-line-nets, category:leadlines, Leadlines, NOVATEC BRAIDS LTD.","false","draft","11150017","","Title","Default Title","","","","","","","","true","","","true","manual","Leadlines","Rope, Line & Nets","","","","","","","","","","","","","","","","","","","","","","","","","","","","","","","","","","","","","","","","","","","","","","","","",""
"LEADLINE BRAIDED # 33 (3/8DIAX600)","leadline-braided-33-3-8diax600-11150018","","SEA MASTER ENTERPRISE CO LTD","","Leadlines","Spartan import, department:rope-line-nets, category:leadlines, Leadlines, SEA MASTER ENTERPRISE CO LTD","false","draft","11150018","","Title","Default Title","","","","","","","","true","","","true","manual","Leadlines","Rope, Line & Nets","","","","","","","","","","","","","","","","","","","","","","","","","","","","","","","","","","","","","","","","","","","","","","","","",""
"LEADLINE BRAIDED # 50 (5/16''DIAX600')","leadline-braided-50-5-16-diax600-11150016","","NOVATEC BRAIDS LTD.","","Leadlines","Spartan import, department:rope-line-nets, category:leadlines, Leadlines, NOVATEC BRAIDS LTD.","false","draft","11150016","","Title","Default Title","","","","","","","","true","","","true","manual","Leadlines","Rope, Line & Nets","","","","","","","","","","","","","","","","","","","","","","","","","","","","","","","","","","","","","","","","","","","","","","","","",""
"LEGGINGS LARGE WOMENS MARIS","leggings-large-womens-maris-20036-455-0015","","GRUNDEN'S USA LTD","","Leggings","Spartan import, department:workwear-footwear, category:leggings, Leggings, GRUNDEN'S USA LTD","false","draft","20036-455-0015","","Title","Default Title","","","","","","","","true","331","g","true","manual","Leggings","Workwear & Footwear","","","","","","","","","","","","","","","","","","","","","","","","","","","","","","","","","","","","","","","","","","","","","","","","",""
"LEGGINGS MEDIUM WOMENS MARIS","leggings-medium-womens-maris-20036-455-0014","","GRUNDEN'S USA LTD","","Leggings","Spartan import, department:workwear-footwear, category:leggings, Leggings, GRUNDEN'S USA LTD","false","draft","20036-455-0014","","Title","Default Title","","","","","","","","true","318","g","true","manual","Leggings","Workwear & Footwear","","","","","","","","","","","","","","","","","","","","","","","","","","","","","","","","","","","","","","","","","","","","","","","","",""
"LEGGINGS SMALL WOMENS MARIS","leggings-small-womens-maris-20036-455-0013","","GRUNDEN'S USA LTD","","Leggings","Spartan import, department:workwear-footwear, category:leggings, Leggings, GRUNDEN'S USA LTD","false","draft","20036-455-0013","","Title","Default Title","","","","","","","","true","299","g","true","manual","Leggings","Workwear & Footwear","","","","","","","","","","","","","","","","","","","","","","","","","","","","","","","","","","","","","","","","","","","","","","","","",""
"LEGGINGS XLARGE WOMENS MARIS","leggings-xlarge-womens-maris-20036-455-0016","","GRUNDEN'S USA LTD","","Leggings","Spartan import, department:workwear-footwear, category:leggings, Leggings, GRUNDEN'S USA LTD","false","draft","20036-455-0016","","Title","Default Title","","","","","","","","true","349","g","true","manual","Leggings","Workwear & Footwear","","","","","","","","","","","","","","","","","","","","","","","","","","","","","","","","","","","","","","","","","","","","","","","","",""
"LIFEJACKET STANDARD 4-ONE SOLAS ADULT","lifejacket-standard-4-one-solas-adult-mv8040","<table><tbody><tr><th>Size</th><td>Item Length (in) - 25&quot; / Item Width (in) - 13.25&quot; / Item Height (in) - 5.75&quot;</td></tr><tr><th>Colour</th><td>ORANGE</td></tr></tbody></table>","MUSTANG SURVIVAL ULC","","PFDs","Spartan import, department:safety-buoys-survival, category:pfds, PFDs, MUSTANG SURVIVAL ULC","false","draft","MV8040","","Title","Default Title","","","","","","","","true","953","g","true","manual","PFDs","Safety, Buoys & Survival","","","","","","","","","","ORANGE","","","","","","","","","","","","","","","","","","","","","Item Length (in) - 25"" / Item Width (in) - 13.25"" / Item Height (in) - 5.75""","","","","","","","","","","","","","","","","","",""
"LIFERAFT 6 PERSON COASTAL LPC COMPLETE","liferaft-6-person-coastal-lpc-complete-rfdcoastal6p","<table><tbody><tr><th>Size</th><td>6 person</td></tr></tbody></table>","DBC MARINE SAFETY SYSTEMS LTD","","Life Rafts","Spartan import, department:safety-buoys-survival, category:life-rafts, Life Rafts, DBC MARINE SAFETY SYSTEMS LTD","false","draft","RFDCOASTAL6P","","Title","Default Title","","","","","","","","true","","","true","manual","Life Rafts","Safety, Buoys & Survival","","","","","","","","","","","","","","","","","","","","","","","","","","","","","","","6 person","","","","","","","","","","","","","","","","","",""
"LIFERAFT 6 PERSON RFD SURVIVA W/CRADLE &","liferaft-6-person-rfd-surviva-w-cradle-00008546-1","<table><tbody><tr><th>Size</th><td>6 person</td></tr></tbody></table>","DBC MARINE SAFETY SYSTEMS LTD","","Life Rafts","Spartan import, department:safety-buoys-survival, category:life-rafts, Life Rafts, DBC MARINE SAFETY SYSTEMS LTD","false","draft","00008546-1","","Title","Default Title","","","","","","","","true","","","true","manual","Life Rafts","Safety, Buoys & Survival","","","","","","","","","","","","","","","","","","","","","","","","","","","","","","","6 person","","","","","","","","","","","","","","","","","",""
"LIFERAFT 6 PERSON SOLAS A LPC COMPLETE","liferaft-6-person-solas-a-lpc-complete-rfdsolas6p","<table><tbody><tr><th>Size</th><td>6 person</td></tr></tbody></table>","DBC MARINE SAFETY SYSTEMS LTD","","Life Rafts","Spartan import, department:safety-buoys-survival, category:life-rafts, Life Rafts, DBC MARINE SAFETY SYSTEMS LTD","false","draft","RFDSOLAS6P","","Title","Default Title","","","","","","","","true","","","true","manual","Life Rafts","Safety, Buoys & Survival","","","","","","","","","","","","","","","","","","","","","","","","","","","","","","","6 person","","","","","","","","","","","","","","","","","",""
"LIGHT FOR LIFE JACKET HEMI 3764","light-for-life-jacket-hemi-3764-36020309","","ACR ELECTRONICS INC.","","Personal Locator Beacons","Spartan import, department:safety-buoys-survival, category:personal-locator-beacons, Personal Locator Beacons, ACR ELECTRONICS INC.","false","draft","36020309","","Title","Default Title","","","","","","","","true","","","true","manual","Personal Locator Beacons","Safety, Buoys & Survival","","","","","","","","","","","","","","","","","","","","","","","","","","","","","","","","","","","","","","","","","","","","","","","","",""
"LINE 150 LB TEST TUNA BLUE ASHAWAY 8R GA","line-150-lb-test-tuna-blue-ashaway-8r-ga-f60081","<table><tbody><tr><th>Ply</th><td>0.077-0.84</td></tr><tr><th>Colour</th><td>Blue</td></tr></tbody></table>","ASHAWAY LINE & TWINE","","Fishing Line","Spartan import, department:rope-line-nets, category:fishing-line, Fishing Line, ASHAWAY LINE & TWINE","false","draft","F60081","","Title","Default Title","","","","","","","","true","","","true","manual","Fishing Line","Rope, Line & Nets","","","","","","","","","","Blue","","","","","","","","","","","","","","","","","","","0.077-0.84","","","","","","","","","","","","","","","","","","","",""
"LINE 200 LB TEST TUNA 11R BLUE","line-200-lb-test-tuna-11r-blue-05040061","<table><tbody><tr><th>Ply</th><td>0.095-0.1</td></tr><tr><th>Colour</th><td>Blue</td></tr></tbody></table>","ASHAWAY LINE & TWINE","","Fishing Line","Spartan import, department:rope-line-nets, category:fishing-line, Fishing Line, ASHAWAY LINE & TWINE","false","draft","05040061","","Title","Default Title","","","","","","","","true","","","true","manual","Fishing Line","Rope, Line & Nets","","","","","","","","","","Blue","","","","","","","","","","","","","","","","","","","0.095-0.1","","","","","","","","","","","","","","","","","","","",""
"LINE 300 LB TEST TUNA 16R BLUE","line-300-lb-test-tuna-16r-blue-05040001","<table><tbody><tr><th>Ply</th><td>0.105-0.110</td></tr><tr><th>Colour</th><td>Blue</td></tr></tbody></table>","ASHAWAY LINE & TWINE","","Fishing Line","Spartan import, department:rope-line-nets, category:fishing-line, Fishing Line, ASHAWAY LINE & TWINE","false","draft","05040001","","Title","Default Title","","","","","","","","true","","","true","manual","Fishing Line","Rope, Line & Nets","","","","","","","","","","Blue","","","","","","","","","","","","","","","","","","","0.105-0.110","","","","","","","","","","","","","","","","","","","",""
"LINE 400 LB TEST TUNA LEADER 5LB","line-400-lb-test-tuna-leader-5lb-f60302","","ASHAWAY LINE & TWINE","","Fishing Line","Spartan import, department:rope-line-nets, category:fishing-line, Fishing Line, ASHAWAY LINE & TWINE","false","draft","F60302","","Title","Default Title","","","","","","","","true","","","true","manual","Fishing Line","Rope, Line & Nets","","","","","","","","","","","","","","","","","","","","","","","","","","","","","","","","","","","","","","","","","","","","","","","","",""
"LINE 400 LB TEST TUNA LEADER","line-400-lb-test-tuna-leader-f60301","","ASHAWAY LINE & TWINE","","Fishing Line","Spartan import, department:rope-line-nets, category:fishing-line, Fishing Line, ASHAWAY LINE & TWINE","false","draft","F60301","","Title","Default Title","","","","","","","","true","","","true","manual","Fishing Line","Rope, Line & Nets","","","","","","","","","","","","","","","","","","","","","","","","","","","","","","","","","","","","","","","","","","","","","","","","",""
"LINE 450 LB TEST TUNA 22R BLUE","line-450-lb-test-tuna-22r-blue-05040115","<table><tbody><tr><th>Ply</th><td>0.138</td></tr><tr><th>Colour</th><td>Blue</td></tr></tbody></table>","ASHAWAY LINE & TWINE","","Fishing Line","Spartan import, department:rope-line-nets, category:fishing-line, Fishing Line, ASHAWAY LINE & TWINE","false","draft","05040115","","Title","Default Title","","","","","","","","true","","","true","manual","Fishing Line","Rope, Line & Nets","","","","","","","","","","Blue","","","","","","","","","","","","","","","","","","","0.138","","","","","","","","","","","","","","","","","","","",""
"LINE BROWNELL 280 NYLON GANGION BRAIDED","line-brownell-280-nylon-gangion-braided-t280ngbkb","","BADINOTTI NET SERVICE CANADA","","Gangion","Spartan import, department:fishing-trap-gear, category:gangion, Gangion, BADINOTTI NET SERVICE CANADA","false","draft","T280NGBKB","","Title","Default Title","","","","","","","","true","","","true","manual","Gangion","Fishing & Trap Gear","","","","","","","","","","","","","","","","","","","","","","","","","","","","","","","","","","","","","","","","","","","","","","","","",""
"LINE BROWNELL 325 NYLON GANGION BRAIDED","line-brownell-325-nylon-gangion-braided-t325ngbkb","","BADINOTTI NET SERVICE CANADA","","Gangion","Spartan import, department:fishing-trap-gear, category:gangion, Gangion, BADINOTTI NET SERVICE CANADA","false","draft","T325NGBKB","","Title","Default Title","","","","","","","","true","","","true","manual","Gangion","Fishing & Trap Gear","","","","","","","","","","","","","","","","","","","","","","","","","","","","","","","","","","","","","","","","","","","","","","","","",""
"LINE BROWNELL 420 NYLON GANGION BRAIDED","line-brownell-420-nylon-gangion-braided-t420ngbkb","","BADINOTTI NET SERVICE CANADA","","Gangion","Spartan import, department:fishing-trap-gear, category:gangion, Gangion, BADINOTTI NET SERVICE CANADA","false","draft","T420NGBKB","","Title","Default Title","","","","","","","","true","","","true","manual","Gangion","Fishing & Trap Gear","","","","","","","","","","","","","","","","","","","","","","","","","","","","","","","","","","","","","","","","","","","","","","","","",""
"LINE BROWNELL 550 NYLON GANGION BRAIDED","line-brownell-550-nylon-gangion-braided-t550ngbkb","","BADINOTTI NET SERVICE CANADA","","Gangion","Spartan import, department:fishing-trap-gear, category:gangion, Gangion, BADINOTTI NET SERVICE CANADA","false","draft","T550NGBKB","","Title","Default Title","","","","","","","","true","","","true","manual","Gangion","Fishing & Trap Gear","","","","","","","","","","","","","","","","","","","","","","","","","","","","","","","","","","","","","","","","","","","","","","","","",""
"LINE BROWNELL 750 NYLON GANGION BRAIDED","line-brownell-750-nylon-gangion-braided-t750ngbkb","","BADINOTTI NET SERVICE CANADA","","Gangion","Spartan import, department:fishing-trap-gear, category:gangion, Gangion, BADINOTTI NET SERVICE CANADA","false","draft","T750NGBKB","","Title","Default Title","","","","","","","","true","","","true","manual","Gangion","Fishing & Trap Gear","","","","","","","","","","","","","","","","","","","","","","","","","","","","","","","","","","","","","","","","","","","","","","","","",""
"LINE THROWER CONTAINER 346000","line-thrower-container-346000-45070026","","Hansson PyroTech AB","","Marine Pyrotechnics","Spartan import, department:safety-buoys-survival, category:marine-pyrotechnics, Marine Pyrotechnics, Hansson PyroTech AB","false","draft","45070026","","Title","Default Title","","","","","","","","true","3500","g","true","manual","Marine Pyrotechnics","Safety, Buoys & Survival","","","","","","","","","","","","","","","","","","","","","","","","","","","","","","","","","","","","","","","","","","","","","","","","",""
"LINE THROWER SPARE ROCKET 1.4G 346200","line-thrower-spare-rocket-1-4g-346200-45070025","","Hansson PyroTech AB","","Marine Pyrotechnics","Spartan import, department:safety-buoys-survival, category:marine-pyrotechnics, Marine Pyrotechnics, Hansson PyroTech AB","false","draft","45070025","","Title","Default Title","","","","","","","","true","670","g","true","manual","Marine Pyrotechnics","Safety, Buoys & Survival","","","","","","","","","","","","","","","","","","","","","","","","","","","","","","","","","","","","","","","","","","","","","","","","",""
"LOAD BINDER PIN LOCK WITH WIDTH ADJUSTME","load-binder-pin-lock-with-width-adjustme-l1600000x","","Qindao","","Load Binders","Spartan import, department:rigging-hardware, category:load-binders, Load Binders, Qindao","false","draft","L1600000X","","Title","Default Title","","","","","","","","true","","","true","manual","Load Binders","Rigging Hardware","","","","","","","","","","","","","","","","","","","","","","","","","","","","","","","","","","","","","","","","","","","","","","","","",""
"LOBSTER BAND JUMBO 3/4X2 CREME","lobster-band-jumbo-3-4x2-creme-16010002","<table><tbody><tr><th>Carton Size</th><td>12 3/4&quot; x 15 1/2&quot; x 10&quot;</td></tr></tbody></table>","FAMIL COMPANY LIMITED","","Lobster Bands","Spartan import, department:fishing-trap-gear, category:lobster-bands, Lobster Bands, FAMIL COMPANY LIMITED","false","draft","16010002","","Title","Default Title","","","","","","","","true","11793","g","true","manual","Lobster Bands","Fishing & Trap Gear","","","","","","","","12 3/4"" x 15 1/2"" x 10""","","","","","","","","","","","","","","","","","","","","","","","","","","","","","","","","","","","","","","","","",""
"LOBSTER BAND REGULAR 1/2X1 BLUE","lobster-band-regular-1-2x1-blue-16010007","<table><tbody><tr><th>Carton Size</th><td>12 3/4&quot; x 15 1/2&quot; x 10&quot;</td></tr></tbody></table>","FAMIL COMPANY LIMITED","","Lobster Bands","Spartan import, department:fishing-trap-gear, category:lobster-bands, Lobster Bands, FAMIL COMPANY LIMITED","false","draft","16010007","","Title","Default Title","","","","","","","","true","11793","g","true","manual","Lobster Bands","Fishing & Trap Gear","","","","","","","","12 3/4"" x 15 1/2"" x 10""","","","","","","","","","","","","","","","","","","","","","","","","","","","","","","","","","","","","","","","","",""
"LOBSTER BAND REGULAR 1/2X1 CREME","lobster-band-regular-1-2x1-creme-16010006","<table><tbody><tr><th>Carton Size</th><td>12 3/4&quot; x 15 1/2&quot; x 10&quot;</td></tr></tbody></table>","FAMIL COMPANY LIMITED","","Lobster Bands","Spartan import, department:fishing-trap-gear, category:lobster-bands, Lobster Bands, FAMIL COMPANY LIMITED","false","draft","16010006","","Title","Default Title","","","","","","","","true","11793","g","true","manual","Lobster Bands","Fishing & Trap Gear","","","","","","","","12 3/4"" x 15 1/2"" x 10""","","","","","","","","","","","","","","","","","","","","","","","","","","","","","","","","","","","","","","","","",""
"LOBSTER BAND REGULAR 1/2X1 GREEN","lobster-band-regular-1-2x1-green-16010009","<table><tbody><tr><th>Carton Size</th><td>12 3/4&quot; x 15 1/2&quot; x 10&quot;</td></tr></tbody></table>","FAMIL COMPANY LIMITED","","Lobster Bands","Spartan import, department:fishing-trap-gear, category:lobster-bands, Lobster Bands, FAMIL COMPANY LIMITED","false","draft","16010009","","Title","Default Title","","","","","","","","true","11793","g","true","manual","Lobster Bands","Fishing & Trap Gear","","","","","","","","12 3/4"" x 15 1/2"" x 10""","","","","","","","","","","","","","","","","","","","","","","","","","","","","","","","","","","","","","","","","",""
"LOBSTER BAND REGULAR 1/2X1 RED","lobster-band-regular-1-2x1-red-16010010","<table><tbody><tr><th>Carton Size</th><td>12 3/4&quot; x 15 1/2&quot; x 10&quot;</td></tr></tbody></table>","FAMIL COMPANY LIMITED","","Lobster Bands","Spartan import, department:fishing-trap-gear, category:lobster-bands, Lobster Bands, FAMIL COMPANY LIMITED","false","draft","16010010","","Title","Default Title","","","","","","","","true","11793","g","true","manual","Lobster Bands","Fishing & Trap Gear","","","","","","","","12 3/4"" x 15 1/2"" x 10""","","","","","","","","","","","","","","","","","","","","","","","","","","","","","","","","","","","","","","","","",""
"LOBSTER BAND STANDARD 1/2X1 CREME","lobster-band-standard-1-2x1-creme-16010011","<table><tbody><tr><th>Carton Size</th><td>12 3/4&quot; x 15 1/2&quot; x 10&quot;</td></tr></tbody></table>","FAMIL COMPANY LIMITED","","Lobster Bands","Spartan import, department:fishing-trap-gear, category:lobster-bands, Lobster Bands, FAMIL COMPANY LIMITED","false","draft","16010011","","Title","Default Title","","","","","","","","true","11793","g","true","manual","Lobster Bands","Fishing & Trap Gear","","","","","","","","12 3/4"" x 15 1/2"" x 10""","","","","","","","","","","","","","","","","","","","","","","","","","","","","","","","","","","","","","","","","",""
"LOBSTER BAND STANDARD 1/2X1 CREME","lobster-band-standard-1-2x1-creme-16010021","<table><tbody><tr><th>Carton Size</th><td>12 3/4&quot; x 15 1/2&quot; x 10&quot;</td></tr></tbody></table>","FAMIL COMPANY LIMITED","","Lobster Bands","Spartan import, department:fishing-trap-gear, category:lobster-bands, Lobster Bands, FAMIL COMPANY LIMITED","false","draft","16010021","","Title","Default Title","","","","","","","","true","11793","g","true","manual","Lobster Bands","Fishing & Trap Gear","","","","","","","","12 3/4"" x 15 1/2"" x 10""","","","","","","","","","","","","","","","","","","","","","","","","","","","","","","","","","","","","","","","","",""
"LOBSTER TRAP RUNNER 6 PLASTIC","lobster-trap-runner-6-plastic-12050063","<table><tbody><tr><th>Length</th><td>5 1/4&quot;</td></tr><tr><th>Width</th><td>1&quot;</td></tr></tbody></table>","PLANTE'S LOBSTER ESCAPE VENTS, INC","","Lobster Trap Components","Spartan import, department:fishing-trap-gear, category:lobster-trap-components, Lobster Trap Components, PLANTE'S LOBSTER ESCAPE VENTS, INC","false","draft","12050063","","Title","Default Title","","","","","","","","true","","","true","manual","Lobster Trap Components","Fishing & Trap Gear","","","","","","","","","","","","","","","","","","","","","","","5 1/4""","","","","","","","","","","","","","","","","","","","","","","","1""","","",""
"LUBRICANT 1L 12/CS PENLUB ORIGINAL","lubricant-1l-12-cs-penlub-original-601124s","<table><tbody><tr><th>Size</th><td>12x11x10</td></tr></tbody></table>","LUBRI-LAB INC.","","Lubricants","Spartan import, department:maintenance-supplies, category:lubricants, Lubricants, LUBRI-LAB INC.","false","draft","601124S","","Title","Default Title","","","","","","","","true","10433","g","true","manual","Lubricants","Maintenance & Supplies","","","","","","","","","","","","","","","","","","","","","","","","","","","","","","","12x11x10","","","","","","","","","","","","","","","","","",""
"LUBRICANT ZIPPER-EASE ZE-2N/C","lubricant-zipper-ease-ze-2n-c-41030263","<table><tbody><tr><th>Size</th><td>.43 oz</td></tr></tbody></table>","AGS COMPANY","","Zipper Lubricants","Spartan import, department:maintenance-supplies, category:zipper-lubricants, Zipper Lubricants, AGS COMPANY","false","draft","41030263","","Title","Default Title","","","","","","","","true","","","true","manual","Zipper Lubricants","Maintenance & Supplies","","","","","","","","","","","","","","","","","","","","","","","","","","","","","","",".43 oz","","","","","","","","","","","","","","","","","",""
"MAN OVERBOARD SIGNAL SMOKE/LIGHT","man-overboard-signal-smoke-light-45070021","","Hansson PyroTech AB","","Marine Pyrotechnics","Spartan import, department:safety-buoys-survival, category:marine-pyrotechnics, Marine Pyrotechnics, Hansson PyroTech AB","false","draft","45070021","","Title","Default Title","","","","","","","","true","5000","g","true","manual","Marine Pyrotechnics","Safety, Buoys & Survival","","","","","","","","","","","","","","","","","","","","","","","","","","","","","","","","","","","","","","","","","","","","","","","","",""
"MARKER PILOT JUMBO SC-6600 BLACK","marker-pilot-jumbo-sc-6600-black-13010144","<table><tbody><tr><th>Colour</th><td>Black</td></tr><tr><th>Size / Length (mm)</th><td>162</td></tr></tbody></table>","CRESTAR LTD","","Markers","Spartan import, department:safety-buoys-survival, category:markers, Markers, CRESTAR LTD","false","draft","13010144","","Title","Default Title","","","","","","","","true","56","g","true","manual","Markers","Safety, Buoys & Survival","","","","","","","","","","Black","","","","","","","","","","","","","","","","","","","","","","","162","","","","","","","","","","","","","","","",""
"MARKER PILOT JUMBO SC-6600 BLUE","marker-pilot-jumbo-sc-6600-blue-13010143","<table><tbody><tr><th>Colour</th><td>Blue</td></tr><tr><th>Size / Length (mm)</th><td>162</td></tr></tbody></table>","CRESTAR LTD","","Markers","Spartan import, department:safety-buoys-survival, category:markers, Markers, CRESTAR LTD","false","draft","13010143","","Title","Default Title","","","","","","","","true","56","g","true","manual","Markers","Safety, Buoys & Survival","","","","","","","","","","Blue","","","","","","","","","","","","","","","","","","","","","","","162","","","","","","","","","","","","","","","",""
"MARKER PILOT JUMBO SC-6600 RED","marker-pilot-jumbo-sc-6600-red-13010142","<table><tbody><tr><th>Colour</th><td>Red</td></tr><tr><th>Size / Length (mm)</th><td>162</td></tr></tbody></table>","CRESTAR LTD","","Markers","Spartan import, department:safety-buoys-survival, category:markers, Markers, CRESTAR LTD","false","draft","13010142","","Title","Default Title","","","","","","","","true","56","g","true","manual","Markers","Safety, Buoys & Survival","","","","","","","","","","Red","","","","","","","","","","","","","","","","","","","","","","","162","","","","","","","","","","","","","","","",""
"MARKER-REFILL SC-6600 BLACK","marker-refill-sc-6600-black-13010147","<table><tbody><tr><th>Colour</th><td>Black</td></tr><tr><th>Size / Length (mm)</th><td>50.8 x 38.1 x 50.8</td></tr></tbody></table>","CRESTAR LTD","","Markers","Spartan import, department:safety-buoys-survival, category:markers, Markers, CRESTAR LTD","false","draft","13010147","","Title","Default Title","","","","","","","","true","111","g","true","manual","Markers","Safety, Buoys & Survival","","","","","","","","","","Black","","","","","","","","","","","","","","","","","","","","","","","50.8 x 38.1 x 50.8","","","","","","","","","","","","","","","",""
"MATTING ANTIFATIGUE RUBBER INTERLOCK 3.4","matting-antifatigue-rubber-interlock-3-4-t134bri","<table><tbody><tr><th>Colour</th><td>black</td></tr><tr><th>Size</th><td>4' x 6' x 3/4&quot; (47&quot; x 70&quot; OUTSIDE EDGE OF TABS)</td></tr></tbody></table>","MGR CANADA","","Anti-Fatigue Mats","Spartan import, department:maintenance-supplies, category:anti-fatigue-mats, Anti-Fatigue Mats, MGR CANADA","false","draft","T134BRI","","Title","Default Title","","","","","","","","true","","","true","manual","Anti-Fatigue Mats","Maintenance & Supplies","","","","","","","","","","black","","","","","","","","","","","","","","","","","","","","","4' x 6' x 3/4"" (47"" x 70"" OUTSIDE EDGE OF TABS)","","","","","","","","","","","","","","","","","",""
"MEASURE LOBSTER 82.5MM SS 3-1/4","measure-lobster-82-5mm-ss-3-1-4-57060006","<table><tbody><tr><th>Size</th><td>2.763&quot;H x 3.85&quot;W (0.078&quot; thick)</td></tr></tbody></table>","SPECIALTY STEEL INC.","","Lobster Gauges","Spartan import, department:fishing-trap-gear, category:lobster-gauges, Lobster Gauges, SPECIALTY STEEL INC.","false","draft","57060006","","Title","Default Title","","","","","","","","true","54","g","true","manual","Lobster Gauges","Fishing & Trap Gear","","","","","","","","","","","","","","","","","","","","","","","","","","","","","","","2.763""H x 3.85""W (0.078"" thick)","","","","","","","","","","","","","","","","","",""
"MITTS 9 JOKATHERM EXCELLENT GRIP WET&COL","mitts-9-jokatherm-excellent-grip-wet-col-jokatherm-09","<table><tbody><tr><th>Size</th><td>9</td></tr><tr><th>Colour</th><td>Black</td></tr><tr><th>Material</th><td>Vinyl coated cotton, PES insert</td></tr></tbody></table>","JOKA SAFE","","Gloves","Spartan import, department:workwear-footwear, category:gloves, Gloves, JOKA SAFE","false","draft","JOKATHERM-09","","Title","Default Title","","","","","","","","true","","","true","manual","Gloves","Workwear & Footwear","","","","","","","","","","Black","","","","","","","","","","","","","","Vinyl coated cotton, PES insert","","","","","","","9","","","","","","","","","","","","","","","","","",""
"MITTS 10 JOKATHERM EXCELLENT GRIP WET&CO","mitts-10-jokatherm-excellent-grip-wet-co-jokatherm-10","<table><tbody><tr><th>Size</th><td>10</td></tr><tr><th>Colour</th><td>Black</td></tr><tr><th>Material</th><td>Vinyl coated cotton, PES insert</td></tr></tbody></table>","JOKA SAFE","","Gloves","Spartan import, department:workwear-footwear, category:gloves, Gloves, JOKA SAFE","false","draft","JOKATHERM-10","","Title","Default Title","","","","","","","","true","","","true","manual","Gloves","Workwear & Footwear","","","","","","","","","","Black","","","","","","","","","","","","","","Vinyl coated cotton, PES insert","","","","","","","10","","","","","","","","","","","","","","","","","",""
"NAIL COMMON 1-1/2IN PER-LB GALV","nail-common-1-1-2in-per-lb-galv-23620903","<table><tbody><tr><th>Material</th><td>Iron</td></tr><tr><th>Size</th><td>10.5x10x8 in</td></tr></tbody></table>","DUCHESNE LTD.","","Nails","Spartan import, department:maintenance-supplies, category:nails, Nails, DUCHESNE LTD.","false","draft","23620903","","Title","Default Title","","","","","","","","true","22680","g","true","manual","Nails","Maintenance & Supplies","","","","","","","","","","","","","","","","","","","","","","","","Iron","","","","","","","10.5x10x8 in","","","","","","","","","","","","","","","","","",""
"NAIL COMMON 1-1/4IN PER-LB GALV","nail-common-1-1-4in-per-lb-galv-23620703","<table><tbody><tr><th>Material</th><td>Iron</td></tr><tr><th>Size</th><td>10.5x10x8 in</td></tr></tbody></table>","DUCHESNE LTD.","","Nails","Spartan import, department:maintenance-supplies, category:nails, Nails, DUCHESNE LTD.","false","draft","23620703","","Title","Default Title","","","","","","","","true","22680","g","true","manual","Nails","Maintenance & Supplies","","","","","","","","","","","","","","","","","","","","","","","","Iron","","","","","","","10.5x10x8 in","","","","","","","","","","","","","","","","","",""
"NAIL COMMON 1-1/8IN PER-LB GALV","nail-common-1-1-8in-per-lb-galv-23620603","<table><tbody><tr><th>Material</th><td>Iron</td></tr><tr><th>Size</th><td>10.5x10x8 in</td></tr></tbody></table>","DUCHESNE LTD.","","Nails","Spartan import, department:maintenance-supplies, category:nails, Nails, DUCHESNE LTD.","false","draft","23620603","","Title","Default Title","","","","","","","","true","22680","g","true","manual","Nails","Maintenance & Supplies","","","","","","","","","","","","","","","","","","","","","","","","Iron","","","","","","","10.5x10x8 in","","","","","","","","","","","","","","","","","",""
"NAIL COMMON 1-3/4IN PER-LB GALV","nail-common-1-3-4in-per-lb-galv-23621103","<table><tbody><tr><th>Material</th><td>Iron</td></tr><tr><th>Size</th><td>10.5x10x8 in</td></tr></tbody></table>","DUCHESNE LTD.","","Nails","Spartan import, department:maintenance-supplies, category:nails, Nails, DUCHESNE LTD.","false","draft","23621103","","Title","Default Title","","","","","","","","true","22680","g","true","manual","Nails","Maintenance & Supplies","","","","","","","","","","","","","","","","","","","","","","","","Iron","","","","","","","10.5x10x8 in","","","","","","","","","","","","","","","","","",""
"NAIL COMMON 2IN PER-LB GALV","nail-common-2in-per-lb-galv-23621303","<table><tbody><tr><th>Material</th><td>Iron</td></tr><tr><th>Size</th><td>10x10x7 in</td></tr></tbody></table>","DUCHESNE LTD.","","Nails","Spartan import, department:maintenance-supplies, category:nails, Nails, DUCHESNE LTD.","false","draft","23621303","","Title","Default Title","","","","","","","","true","22680","g","true","manual","Nails","Maintenance & Supplies","","","","","","","","","","","","","","","","","","","","","","","","Iron","","","","","","","10x10x7 in","","","","","","","","","","","","","","","","","",""
"NAIL EAVESTROUGH 8IN PER-LB GALV","nail-eavestrough-8in-per-lb-galv-25224903","<table><tbody><tr><th>Material</th><td>Iron</td></tr><tr><th>Size</th><td>10x10x9 in</td></tr></tbody></table>","DUCHESNE LTD.","","Nails","Spartan import, department:maintenance-supplies, category:nails, Nails, DUCHESNE LTD.","false","draft","25224903","","Title","Default Title","","","","","","","","true","22680","g","true","manual","Nails","Maintenance & Supplies","","","","","","","","","","","","","","","","","","","","","","","","Iron","","","","","","","10x10x9 in","","","","","","","","","","","","","","","","","",""
"NAIL EAVESTROUGH 9IN PER-LB GALV","nail-eavestrough-9in-per-lb-galv-25225103","<table><tbody><tr><th>Material</th><td>Iron</td></tr><tr><th>Size</th><td>10x10x9 in</td></tr></tbody></table>","DUCHESNE LTD.","","Nails","Spartan import, department:maintenance-supplies, category:nails, Nails, DUCHESNE LTD.","false","draft","25225103","","Title","Default Title","","","","","","","","true","22680","g","true","manual","Nails","Maintenance & Supplies","","","","","","","","","","","","","","","","","","","","","","","","Iron","","","","","","","10x10x9 in","","","","","","","","","","","","","","","","","",""
"NAIL EAVESTROUGH 10IN PER-LB GALV","nail-eavestrough-10in-per-lb-galv-25225303","<table><tbody><tr><th>Material</th><td>Iron</td></tr><tr><th>Size</th><td>13x9x5 in</td></tr></tbody></table>","DUCHESNE LTD.","","Nails","Spartan import, department:maintenance-supplies, category:nails, Nails, DUCHESNE LTD.","false","draft","25225303","","Title","Default Title","","","","","","","","true","22680","g","true","manual","Nails","Maintenance & Supplies","","","","","","","","","","","","","","","","","","","","","","","","Iron","","","","","","","13x9x5 in","","","","","","","","","","","","","","","","","",""
"NEEDLE 1/2X8 NOR NET","needle-1-2x8-nor-net-57070003","<table><tbody><tr><th>Size</th><td>14 x 200 mm</td></tr></tbody></table>","NORSK FORMBLASING","","Net Needles","Spartan import, department:rope-line-nets, category:net-needles, Net Needles, NORSK FORMBLASING","false","draft","57070003","","Title","Default Title","","","","","","","","true","756","g","true","manual","Net Needles","Rope, Line & Nets","","","","","","","","","","","","","","","","","","","","","","","","","","","","","","","14 x 200 mm","","","","","","","","","","","","","","","","","",""
"NEEDLE 1X10 NOR NET","needle-1x10-nor-net-57070012","<table><tbody><tr><th>Size</th><td>27 x 250 mm</td></tr></tbody></table>","NORSK FORMBLASING","","Net Needles","Spartan import, department:rope-line-nets, category:net-needles, Net Needles, NORSK FORMBLASING","false","draft","57070012","","Title","Default Title","","","","","","","","true","2685","g","true","manual","Net Needles","Rope, Line & Nets","","","","","","","","","","","","","","","","","","","","","","","","","","","","","","","27 x 250 mm","","","","","","","","","","","","","","","","","",""
"NEEDLE 1X11 NOR NET","needle-1x11-nor-net-57070001","<table><tbody><tr><th>Size</th><td>27 x 280 mm</td></tr></tbody></table>","NORSK FORMBLASING","","Net Needles","Spartan import, department:rope-line-nets, category:net-needles, Net Needles, NORSK FORMBLASING","false","draft","57070001","","Title","Default Title","","","","","","","","true","3190","g","true","manual","Net Needles","Rope, Line & Nets","","","","","","","","","","","","","","","","","","","","","","","","","","","","","","","27 x 280 mm","","","","","","","","","","","","","","","","","",""
"NEEDLE 3/4X10 NOR NET","needle-3-4x10-nor-net-57070014","<table><tbody><tr><th>Size</th><td>20 x 250 mm</td></tr></tbody></table>","NORSK FORMBLASING","","Net Needles","Spartan import, department:rope-line-nets, category:net-needles, Net Needles, NORSK FORMBLASING","false","draft","57070014","","Title","Default Title","","","","","","","","true","2000","g","true","manual","Net Needles","Rope, Line & Nets","","","","","","","","","","","","","","","","","","","","","","","","","","","","","","","20 x 250 mm","","","","","","","","","","","","","","","","","",""
"NEEDLE 3/8X7 NOR NET","needle-3-8x7-nor-net-57070022","<table><tbody><tr><th>Size</th><td>10 x 170 mm</td></tr></tbody></table>","NORSK FORMBLASING","","Net Needles","Spartan import, department:rope-line-nets, category:net-needles, Net Needles, NORSK FORMBLASING","false","draft","57070022","","Title","Default Title","","","","","","","","true","465","g","true","manual","Net Needles","Rope, Line & Nets","","","","","","","","","","","","","","","","","","","","","","","","","","","","","","","10 x 170 mm","","","","","","","","","","","","","","","","","",""
"NEEDLE 3/8X8 NOR NET","needle-3-8x8-nor-net-57070016","<table><tbody><tr><th>Size</th><td>10 x 200 mm</td></tr></tbody></table>","NORSK FORMBLASING","","Net Needles","Spartan import, department:rope-line-nets, category:net-needles, Net Needles, NORSK FORMBLASING","false","draft","57070016","","Title","Default Title","","","","","","","","true","553","g","true","manual","Net Needles","Rope, Line & Nets","","","","","","","","","","","","","","","","","","","","","","","","","","","","","","","10 x 200 mm","","","","","","","","","","","","","","","","","",""
"NEEDLE 5/8X8 NOR NET","needle-5-8x8-nor-net-57070017","<table><tbody><tr><th>Size</th><td>16 x 200 mm</td></tr></tbody></table>","NORSK FORMBLASING","","Net Needles","Spartan import, department:rope-line-nets, category:net-needles, Net Needles, NORSK FORMBLASING","false","draft","57070017","","Title","Default Title","","","","","","","","true","1000","g","true","manual","Net Needles","Rope, Line & Nets","","","","","","","","","","","","","","","","","","","","","","","","","","","","","","","16 x 200 mm","","","","","","","","","","","","","","","","","",""
"NEEDLE 5/8X10 NOR NET","needle-5-8x10-nor-net-57070008","<table><tbody><tr><th>Size</th><td>16 x 240 mm</td></tr></tbody></table>","NORSK FORMBLASING","","Net Needles","Spartan import, department:rope-line-nets, category:net-needles, Net Needles, NORSK FORMBLASING","false","draft","57070008","","Title","Default Title","","","","","","","","true","1154","g","true","manual","Net Needles","Rope, Line & Nets","","","","","","","","","","","","","","","","","","","","","","","","","","","","","","","16 x 240 mm","","","","","","","","","","","","","","","","","",""
"NEEDLE 5/16X5 NOR","needle-5-16x5-nor-57070007","<table><tbody><tr><th>Size</th><td>8,5 x 130 mm</td></tr></tbody></table>","NORSK FORMBLASING","","Net Needles","Spartan import, department:rope-line-nets, category:net-needles, Net Needles, NORSK FORMBLASING","false","draft","57070007","","Title","Default Title","","","","","","","","true","241","g","true","manual","Net Needles","Rope, Line & Nets","","","","","","","","","","","","","","","","","","","","","","","","","","","","","","","8,5 x 130 mm","","","","","","","","","","","","","","","","","",""
"NEEDLE NOR NET 1""X12""","needle-nor-net-1-x12-57070005","<table><tbody><tr><th>Size</th><td>27 x 310 mm</td></tr></tbody></table>","NORSK FORMBLASING","","Net Needles","Spartan import, department:rope-line-nets, category:net-needles, Net Needles, NORSK FORMBLASING","false","draft","57070005","","Title","Default Title","","","","","","","","true","3770","g","true","manual","Net Needles","Rope, Line & Nets","","","","","","","","","","","","","","","","","","","","","","","","","","","","","","","27 x 310 mm","","","","","","","","","","","","","","","","","",""
"NET NYLON KTLS 210D/14 1/2X600MD GREEN","net-nylon-ktls-210d-14-1-2x600md-green-3160019","","CHING FA FISHING IMPLEMENTS FACTORY CO","","Nets","Spartan import, department:rope-line-nets, category:nets, Nets, CHING FA FISHING IMPLEMENTS FACTORY CO","false","draft","3160019","","Title","Default Title","","","","","","","","true","45359","g","true","manual","Nets","Rope, Line & Nets","","","","","","","","","","","","","","","","","","","","","","","","","","","","","","","","","","","","","","","","","","","","","","","","",""
"NET NYLON KTLS 210D/40 2-1/4X50MD","net-nylon-ktls-210d-40-2-1-4x50md-3160157","","CHING FA FISHING IMPLEMENTS FACTORY CO","","Nets","Spartan import, department:rope-line-nets, category:nets, Nets, CHING FA FISHING IMPLEMENTS FACTORY CO","false","draft","3160157","","Title","Default Title","","","","","","","","true","22680","g","true","manual","Nets","Rope, Line & Nets","","","","","","","","","","","","","","","","","","","","","","","","","","","","","","","","","","","","","","","","","","","","","","","","",""
"NET NYLON KTLS 210D/40 2-1/4X50MD BLACK","net-nylon-ktls-210d-40-2-1-4x50md-black-3160156","","CHING FA FISHING IMPLEMENTS FACTORY CO","","Nets","Spartan import, department:rope-line-nets, category:nets, Nets, CHING FA FISHING IMPLEMENTS FACTORY CO","false","draft","3160156","","Title","Default Title","","","","","","","","true","22680","g","true","manual","Nets","Rope, Line & Nets","","","","","","","","","","","","","","","","","","","","","","","","","","","","","","","","","","","","","","","","","","","","","","","","",""
"NET NYLON KTLS 210D/40 2-1/4X50MD BLUE","net-nylon-ktls-210d-40-2-1-4x50md-blue-3160483","","CHING FA FISHING IMPLEMENTS FACTORY CO","","Nets","Spartan import, department:rope-line-nets, category:nets, Nets, CHING FA FISHING IMPLEMENTS FACTORY CO","false","draft","3160483","","Title","Default Title","","","","","","","","true","22680","g","true","manual","Nets","Rope, Line & Nets","","","","","","","","","","","","","","","","","","","","","","","","","","","","","","","","","","","","","","","","","","","","","","","","",""
"NET NYLON KTLS 210D/40 2-1/4X50MD CF-6 B","net-nylon-ktls-210d-40-2-1-4x50md-cf-6-b-3160155","","CHING FA FISHING IMPLEMENTS FACTORY CO","","Nets","Spartan import, department:rope-line-nets, category:nets, Nets, CHING FA FISHING IMPLEMENTS FACTORY CO","false","draft","3160155","","Title","Default Title","","","","","","","","true","22680","g","true","manual","Nets","Rope, Line & Nets","","","","","","","","","","","","","","","","","","","","","","","","","","","","","","","","","","","","","","","","","","","","","","","","",""
"NET NYLON KTLS 210D/40 2-1/4X50MD CF-11","net-nylon-ktls-210d-40-2-1-4x50md-cf-11-3160312","","CHING FA FISHING IMPLEMENTS FACTORY CO","","Nets","Spartan import, department:rope-line-nets, category:nets, Nets, CHING FA FISHING IMPLEMENTS FACTORY CO","false","draft","3160312","","Title","Default Title","","","","","","","","true","22680","g","true","manual","Nets","Rope, Line & Nets","","","","","","","","","","","","","","","","","","","","","","","","","","","","","","","","","","","","","","","","","","","","","","","","",""
"NET NYLON KTLS 210D/40 2-1/4X50MD RED","net-nylon-ktls-210d-40-2-1-4x50md-red-3160311","","CHING FA FISHING IMPLEMENTS FACTORY CO","","Nets","Spartan import, department:rope-line-nets, category:nets, Nets, CHING FA FISHING IMPLEMENTS FACTORY CO","false","draft","3160311","","Title","Default Title","","","","","","","","true","22680","g","true","manual","Nets","Rope, Line & Nets","","","","","","","","","","","","","","","","","","","","","","","","","","","","","","","","","","","","","","","","","","","","","","","","",""
"NET NYLON KTLS 210D/40 2-1/4X50MD WHITE","net-nylon-ktls-210d-40-2-1-4x50md-white-3160154","","CHING FA FISHING IMPLEMENTS FACTORY CO","","Nets","Spartan import, department:rope-line-nets, category:nets, Nets, CHING FA FISHING IMPLEMENTS FACTORY CO","false","draft","3160154","","Title","Default Title","","","","","","","","true","22680","g","true","manual","Nets","Rope, Line & Nets","","","","","","","","","","","","","","","","","","","","","","","","","","","","","","","","","","","","","","","","","","","","","","","","",""
"NET NYLON KTLS 210D/45 2-1/4X50MD BLACK","net-nylon-ktls-210d-45-2-1-4x50md-black-3160012","","CHING FA FISHING IMPLEMENTS FACTORY CO","","Nets","Spartan import, department:rope-line-nets, category:nets, Nets, CHING FA FISHING IMPLEMENTS FACTORY CO","false","draft","3160012","","Title","Default Title","","","","","","","","true","22680","g","true","manual","Nets","Rope, Line & Nets","","","","","","","","","","","","","","","","","","","","","","","","","","","","","","","","","","","","","","","","","","","","","","","","",""
"NET NYLON KTLS 210D/45 2-1/4X50MD BLUE","net-nylon-ktls-210d-45-2-1-4x50md-blue-3160286","","CHING FA FISHING IMPLEMENTS FACTORY CO","","Nets","Spartan import, department:rope-line-nets, category:nets, Nets, CHING FA FISHING IMPLEMENTS FACTORY CO","false","draft","3160286","","Title","Default Title","","","","","","","","true","22680","g","true","manual","Nets","Rope, Line & Nets","","","","","","","","","","","","","","","","","","","","","","","","","","","","","","","","","","","","","","","","","","","","","","","","",""
"NET NYLON KTLS 210D/45 2-1/4X50MD CF-11","net-nylon-ktls-210d-45-2-1-4x50md-cf-11-3160120","","CHING FA FISHING IMPLEMENTS FACTORY CO","","Nets","Spartan import, department:rope-line-nets, category:nets, Nets, CHING FA FISHING IMPLEMENTS FACTORY CO","false","draft","3160120","","Title","Default Title","","","","","","","","true","22680","g","true","manual","Nets","Rope, Line & Nets","","","","","","","","","","","","","","","","","","","","","","","","","","","","","","","","","","","","","","","","","","","","","","","","",""
"NET NYLON KTLS 210D/45 2-1/4X50MD GREEN","net-nylon-ktls-210d-45-2-1-4x50md-green-3160200","","CHING FA FISHING IMPLEMENTS FACTORY CO","","Nets","Spartan import, department:rope-line-nets, category:nets, Nets, CHING FA FISHING IMPLEMENTS FACTORY CO","false","draft","3160200","","Title","Default Title","","","","","","","","true","22680","g","true","manual","Nets","Rope, Line & Nets","","","","","","","","","","","","","","","","","","","","","","","","","","","","","","","","","","","","","","","","","","","","","","","","",""
"NET NYLON KTLS 210D/45 2-1/4X50MD WHITE","net-nylon-ktls-210d-45-2-1-4x50md-white-3160013","","CHING FA FISHING IMPLEMENTS FACTORY CO","","Nets","Spartan import, department:rope-line-nets, category:nets, Nets, CHING FA FISHING IMPLEMENTS FACTORY CO","false","draft","3160013","","Title","Default Title","","","","","","","","true","22680","g","true","manual","Nets","Rope, Line & Nets","","","","","","","","","","","","","","","","","","","","","","","","","","","","","","","","","","","","","","","","","","","","","","","","",""
"PACKING FLAX 1/2 8.5 /LB","packing-flax-1-2-8-5-lb-2138-1-2in","<table><tbody><tr><th>Size</th><td>1/2</td></tr></tbody></table>","STELLAR INDUSTRIAL SALES LIMITED","","Flax Packing","Spartan import, department:maintenance-supplies, category:flax-packing, Flax Packing, STELLAR INDUSTRIAL SALES LIMITED","false","draft","2138 1/2IN","","Title","Default Title","","","","","","","","true","","","true","manual","Flax Packing","Maintenance & Supplies","","","","","","","","","","","","","","","","","","","","","","","","","","","","","","","1/2","","","","","","","","","","","","","","","","","",""
"PACKING FLAX 3/8 15.7 /LB","packing-flax-3-8-15-7-lb-2138-3-8in","<table><tbody><tr><th>Size</th><td>3/8</td></tr></tbody></table>","STELLAR INDUSTRIAL SALES LIMITED","","Flax Packing","Spartan import, department:maintenance-supplies, category:flax-packing, Flax Packing, STELLAR INDUSTRIAL SALES LIMITED","false","draft","2138 3/8IN","","Title","Default Title","","","","","","","","true","","","true","manual","Flax Packing","Maintenance & Supplies","","","","","","","","","","","","","","","","","","","","","","","","","","","","","","","3/8","","","","","","","","","","","","","","","","","",""
"PACKING FLAX 5/16 21.9 /LB","packing-flax-5-16-21-9-lb-2138-5-16in","<table><tbody><tr><th>Size</th><td>5/16</td></tr></tbody></table>","STELLAR INDUSTRIAL SALES LIMITED","","Flax Packing","Spartan import, department:maintenance-supplies, category:flax-packing, Flax Packing, STELLAR INDUSTRIAL SALES LIMITED","false","draft","2138 5/16IN","","Title","Default Title","","","","","","","","true","","","true","manual","Flax Packing","Maintenance & Supplies","","","","","","","","","","","","","","","","","","","","","","","","","","","","","","","5/16","","","","","","","","","","","","","","","","","",""
"PAINT ENAMEL FLUORESCENT EMBER PINK QT","paint-enamel-fluorescent-ember-pink-qt-35-2108-1300","<table><tbody><tr><th>Size</th><td>Quart</td></tr><tr><th>Colour</th><td>Pink</td></tr></tbody></table>","PAINT SHOP ATLANTIC LTD.","","Marine Paint","Spartan import, department:maintenance-supplies, category:marine-paint, Marine Paint, PAINT SHOP ATLANTIC LTD.","false","draft","35-2108-1300","","Title","Default Title","","","","","","","","true","","","true","manual","Marine Paint","Maintenance & Supplies","","","","","","","","","","Pink","","","","","","","","","","","","","","","","","","","","","Quart","","","","","","","","","","","","","","","","","",""
"PAINT ENAMEL FLUORESCENT HORIZON BLUE QT","paint-enamel-fluorescent-horizon-blue-qt-35-2110-1300","<table><tbody><tr><th>Size</th><td>Quart</td></tr><tr><th>Colour</th><td>Blue</td></tr></tbody></table>","PAINT SHOP ATLANTIC LTD.","","Marine Paint","Spartan import, department:maintenance-supplies, category:marine-paint, Marine Paint, PAINT SHOP ATLANTIC LTD.","false","draft","35-2110-1300","","Title","Default Title","","","","","","","","true","","","true","manual","Marine Paint","Maintenance & Supplies","","","","","","","","","","Blue","","","","","","","","","","","","","","","","","","","","","Quart","","","","","","","","","","","","","","","","","",""
"PAINT ENAMEL FLUORESCENT LIGHTNING YELLO","paint-enamel-fluorescent-lightning-yello-35-2109-1300","<table><tbody><tr><th>Size</th><td>Quart</td></tr><tr><th>Colour</th><td>Yellow</td></tr></tbody></table>","PAINT SHOP ATLANTIC LTD.","","Marine Paint","Spartan import, department:maintenance-supplies, category:marine-paint, Marine Paint, PAINT SHOP ATLANTIC LTD.","false","draft","35-2109-1300","","Title","Default Title","","","","","","","","true","","","true","manual","Marine Paint","Maintenance & Supplies","","","","","","","","","","Yellow","","","","","","","","","","","","","","","","","","","","","Quart","","","","","","","","","","","","","","","","","",""
"PAINT ENAMEL FLUORESCENT QUART FIRE-RED","paint-enamel-fluorescent-quart-fire-red-35-2103-1300","<table><tbody><tr><th>Size</th><td>Quart</td></tr><tr><th>Colour</th><td>Rednge</td></tr></tbody></table>","PAINT SHOP ATLANTIC LTD.","","Marine Paint","Spartan import, department:maintenance-supplies, category:marine-paint, Marine Paint, PAINT SHOP ATLANTIC LTD.","false","draft","35-2103-1300","","Title","Default Title","","","","","","","","true","","","true","manual","Marine Paint","Maintenance & Supplies","","","","","","","","","","Rednge","","","","","","","","","","","","","","","","","","","","","Quart","","","","","","","","","","","","","","","","","",""
"PAINT ENAMEL FLUORESCENT QUART FLAME-ORA","paint-enamel-fluorescent-quart-flame-ora-35-2101-1300","<table><tbody><tr><th>Size</th><td>Quart</td></tr><tr><th>Colour</th><td>Orange</td></tr></tbody></table>","PAINT SHOP ATLANTIC LTD.","","Marine Paint","Spartan import, department:maintenance-supplies, category:marine-paint, Marine Paint, PAINT SHOP ATLANTIC LTD.","false","draft","35-2101-1300","","Title","Default Title","","","","","","","","true","","","true","manual","Marine Paint","Maintenance & Supplies","","","","","","","","","","Orange","","","","","","","","","","","","","","","","","","","","","Quart","","","","","","","","","","","","","","","","","",""
"PAINT ENAMEL FLUORESCENT QUART FLARE-ORA","paint-enamel-fluorescent-quart-flare-ora-35-2104-1300","<table><tbody><tr><th>Size</th><td>Quart</td></tr><tr><th>Colour</th><td>Orange</td></tr></tbody></table>","PAINT SHOP ATLANTIC LTD.","","Marine Paint","Spartan import, department:maintenance-supplies, category:marine-paint, Marine Paint, PAINT SHOP ATLANTIC LTD.","false","draft","35-2104-1300","","Title","Default Title","","","","","","","","true","","","true","manual","Marine Paint","Maintenance & Supplies","","","","","","","","","","Orange","","","","","","","","","","","","","","","","","","","","","Quart","","","","","","","","","","","","","","","","","",""
"PAINT ENAMEL FLUORESCENT QUART IMPACT-YE","paint-enamel-fluorescent-quart-impact-ye-35-2107-1300","<table><tbody><tr><th>Size</th><td>Quart</td></tr><tr><th>Colour</th><td>Yellow</td></tr></tbody></table>","PAINT SHOP ATLANTIC LTD.","","Marine Paint","Spartan import, department:maintenance-supplies, category:marine-paint, Marine Paint, PAINT SHOP ATLANTIC LTD.","false","draft","35-2107-1300","","Title","Default Title","","","","","","","","true","","","true","manual","Marine Paint","Maintenance & Supplies","","","","","","","","","","Yellow","","","","","","","","","","","","","","","","","","","","","Quart","","","","","","","","","","","","","","","","","",""
"PAINT ENAMEL FLUORESCENT QUART SIGNAL-GR","paint-enamel-fluorescent-quart-signal-gr-35-2105-1300","<table><tbody><tr><th>Size</th><td>Quart</td></tr><tr><th>Colour</th><td>Green</td></tr></tbody></table>","PAINT SHOP ATLANTIC LTD.","","Marine Paint","Spartan import, department:maintenance-supplies, category:marine-paint, Marine Paint, PAINT SHOP ATLANTIC LTD.","false","draft","35-2105-1300","","Title","Default Title","","","","","","","","true","","","true","manual","Marine Paint","Maintenance & Supplies","","","","","","","","","","Green","","","","","","","","","","","","","","","","","","","","","Quart","","","","","","","","","","","","","","","","","",""
"PEAR LINK 1-1/4 GALV","pear-link-1-1-4-galv-g34120x","PEAR LINK 1-1/4 GALV
<table><tbody><tr><th>Brand</th><td>Q</td></tr><tr><th>Size (in)</th><td>1-1/4&quot;</td></tr><tr><th>Working Load Limit (lb)</th><td>36000</td></tr><tr><th>Material</th><td>45#</td></tr><tr><th>Supplier Type Code</th><td>G341</td></tr><tr><th>Certification Standard</th><td>RR-C-271F</td></tr></tbody></table>","Qindao","","Links","Spartan import, department:rigging-hardware, category:links, Links, Qindao","false","draft","G34120X","","Title","Default Title","","","","","","","","true","3856","g","true","manual","Links","Rigging Hardware","","","","","Q","","","","RR-C-271F","","","","","","","","","","","","","","","45#","","","","","","","","1-1/4""","","","","","","","G341","","","","","","","","","36000",""
"PEAR LINK 1/2 GALV","pear-link-1-2-galv-g34108x","PEAR LINK 1/2 GALV
<table><tbody><tr><th>Brand</th><td>Q</td></tr><tr><th>Size (in)</th><td>1/2&quot;</td></tr><tr><th>Working Load Limit (lb)</th><td>2900</td></tr><tr><th>Material</th><td>45#</td></tr><tr><th>Supplier Type Code</th><td>G341</td></tr><tr><th>Certification Standard</th><td>RR-C-271F</td></tr></tbody></table>","Qindao","","Links","Spartan import, department:rigging-hardware, category:links, Links, Qindao","false","draft","G34108X","","Title","Default Title","","","","","","","","true","249","g","true","manual","Links","Rigging Hardware","","","","","Q","","","","RR-C-271F","","","","","","","","","","","","","","","45#","","","","","","","","1/2""","","","","","","","G341","","","","","","","","","2900",""
"PEAR LINK 1 GALV","pear-link-1-galv-g34116x","PEAR LINK 1 GALV
<table><tbody><tr><th>Brand</th><td>Q</td></tr><tr><th>Size (in)</th><td>1&quot;</td></tr><tr><th>Working Load Limit (lb)</th><td>10800</td></tr><tr><th>Material</th><td>45#</td></tr><tr><th>Supplier Type Code</th><td>G341</td></tr><tr><th>Certification Standard</th><td>RR-C-271F</td></tr></tbody></table>","Qindao","","Links","Spartan import, department:rigging-hardware, category:links, Links, Qindao","false","draft","G34116X","","Title","Default Title","","","","","","","","true","1950","g","true","manual","Links","Rigging Hardware","","","","","Q","","","","RR-C-271F","","","","","","","","","","","","","","","45#","","","","","","","","1""","","","","","","","G341","","","","","","","","","10800",""
"PEAR LINK 3/4 GALV","pear-link-3-4-galv-g34112x","PEAR LINK 3/4 GALV
<table><tbody><tr><th>Brand</th><td>Q</td></tr><tr><th>Size (in)</th><td>3/4&quot;</td></tr><tr><th>Working Load Limit (lb)</th><td>6000</td></tr><tr><th>Material</th><td>45#</td></tr><tr><th>Supplier Type Code</th><td>G341</td></tr><tr><th>Certification Standard</th><td>RR-C-271F</td></tr></tbody></table>","Qindao","","Links","Spartan import, department:rigging-hardware, category:links, Links, Qindao","false","draft","G34112X","","Title","Default Title","","","","","","","","true","885","g","true","manual","Links","Rigging Hardware","","","","","Q","","","","RR-C-271F","","","","","","","","","","","","","","","45#","","","","","","","","3/4""","","","","","","","G341","","","","","","","","","6000",""
"PEAR LINK 3/8 GALV","pear-link-3-8-galv-g34106x","PEAR LINK 3/8 GALV
<table><tbody><tr><th>Brand</th><td>Q</td></tr><tr><th>Size (in)</th><td>3/8&quot;</td></tr><tr><th>Working Load Limit (lb)</th><td>1800</td></tr><tr><th>Material</th><td>45#</td></tr><tr><th>Supplier Type Code</th><td>G341</td></tr><tr><th>Certification Standard</th><td>RR-C-271F</td></tr></tbody></table>","Qindao","","Links","Spartan import, department:rigging-hardware, category:links, Links, Qindao","false","draft","G34106X","","Title","Default Title","","","","","","","","true","59","g","true","manual","Links","Rigging Hardware","","","","","Q","","","","RR-C-271F","","","","","","","","","","","","","","","45#","","","","","","","","3/8""","","","","","","","G341","","","","","","","","","1800",""
"PEAR LINK 7/8 GALV","pear-link-7-8-galv-g34114x","PEAR LINK 7/8 GALV
<table><tbody><tr><th>Brand</th><td>Q</td></tr><tr><th>Size (in)</th><td>7/8&quot;</td></tr><tr><th>Working Load Limit (lb)</th><td>8300</td></tr><tr><th>Material</th><td>45#</td></tr><tr><th>Supplier Type Code</th><td>G341</td></tr><tr><th>Certification Standard</th><td>RR-C-271F</td></tr></tbody></table>","Qindao","","Links","Spartan import, department:rigging-hardware, category:links, Links, Qindao","false","draft","G34114X","","Title","Default Title","","","","","","","","true","1261","g","true","manual","Links","Rigging Hardware","","","","","Q","","","","RR-C-271F","","","","","","","","","","","","","","","45#","","","","","","","","7/8""","","","","","","","G341","","","","","","","","","8300",""
"Plaited Rope w/Trs. MP 38,1mm 675g/m 8PL","plaited-rope-w-trs-mp-38-1mm-675g-m-8pl-r338ml600sbc","<table><tbody><tr><th>ERP Material Code</th><td>CEN0038</td></tr><tr><th>ERP Product Group</th><td>Ropes</td></tr><tr><th>Average Net Unit Weight (kg)</th><td>129.5</td></tr><tr><th>Average Gross Unit Weight (kg)</th><td>135.5</td></tr></tbody></table>","Cotesi","","Rope","Spartan import, department:rope-line-nets, category:rope, Rope, Cotesi","false","draft","R338ML600SBC","","Title","Default Title","","","","","","","","true","","","true","manual","Rope","Rope, Line & Nets","","135.5","129.5","","","","","","","","","","","","CEN0038","Ropes","","","","","","","","","","","","","","","","","","","","","","","","","","","","","","","","",""
"PVC Buoy — White","pvc-buoy-white","<table><tbody><tr><th>Colour</th><td>White</td></tr><tr><th>Available Colours</th><td>White, Yellow, Orange, Blue, Red</td></tr></tbody></table>","PERONE INDUSTRIES LLC","","Buoys","Spartan import, department:safety-buoys-survival, category:buoys, Buoys, PERONE INDUSTRIES LLC","false","draft","13040020","","Dimensions","6x14","","","","","","","","true","","","true","manual","Buoys","Safety, Buoys & Survival","White, Yellow, Orange, Blue, Red","","","","","","","","","White","","","","","","","","","","","","","","","","","","","","","","","","","","","","","","","","","","","","","","",""
"","pvc-buoy-white","","","","","","","","13040021","","Dimensions","5x11","","","","","","","","true","","","true","manual","","","","","","","","","","","","","","","","","","","","","","","","","","","","","","","","","","","","","","","","","","","","","","","","","","",""
"R","r-clip-aluminum-2660-box","","Encore Hartco","","Clips","Spartan import, department:rigging-hardware, category:clips, Clips, Encore Hartco","false","draft","CLIP ALUMINUM 2660/BOX","","Title","Default Title","","","","","","","","true","","","true","manual","Clips","Rigging Hardware","","","","","","","","","","","","","","","","","","","","","","","","","","","","","","","","","","","","","","","","","","","","","","","","",""
"R","r-clip-tool-eclipser-2000","","ENCORE HARTCO","","Clip Tools","Spartan import, department:maintenance-supplies, category:clip-tools, Clip Tools, ENCORE HARTCO","false","draft","CLIP-TOOL ECLIPSER-2000","","Title","Default Title","","","","","","","","true","","","true","manual","Clip Tools","Maintenance & Supplies","","","","","","","","","","","","","","","","","","","","","","","","","","","","","","","","","","","","","","","","","","","","","","","","",""
"RATCHET TIE DOWN 1.75""X10' C/W J HOOKS","ratchet-tie-down-1-75-x10-c-w-j-hooks-rsa161-75j10x","<table><tbody><tr><th>Width</th><td>1.75&quot;</td></tr><tr><th>Length</th><td>10'</td></tr><tr><th>Working Load Limit</th><td>3000</td></tr><tr><th>End Fitting Type</th><td>double J hook</td></tr><tr><th>Handle Type</th><td>Aluminium handle ratchet buckle</td></tr></tbody></table>","SUN-KING KNITTED BELT PRODUCT LTD","","Tie-Down Straps","Spartan import, department:rigging-hardware, category:tie-down-straps, Tie-Down Straps, SUN-KING KNITTED BELT PRODUCT LTD","false","draft","RSA161.75J10X","","Title","Default Title","","","","","","","","true","","","true","manual","Tie-Down Straps","Rigging Hardware","","","","","","","","","","","","","","double J hook","","","","","Aluminium handle ratchet buckle","","","","10'","","","","","","","","","","","","","","","","","","","","","","","1.75""","3000","",""
"RATCHET TIE DOWN 1.75""X15' C/W J HOOKS","ratchet-tie-down-1-75-x15-c-w-j-hooks-rsa161-75j15x","<table><tbody><tr><th>Width</th><td>1.75&quot;</td></tr><tr><th>Length</th><td>15'</td></tr><tr><th>Working Load Limit</th><td>3000</td></tr><tr><th>End Fitting Type</th><td>double J hook</td></tr><tr><th>Handle Type</th><td>Aluminium handle ratchet buckle</td></tr></tbody></table>","SUN-KING KNITTED BELT PRODUCT LTD","","Tie-Down Straps","Spartan import, department:rigging-hardware, category:tie-down-straps, Tie-Down Straps, SUN-KING KNITTED BELT PRODUCT LTD","false","draft","RSA161.75J15X","","Title","Default Title","","","","","","","","true","","","true","manual","Tie-Down Straps","Rigging Hardware","","","","","","","","","","","","","","double J hook","","","","","Aluminium handle ratchet buckle","","","","15'","","","","","","","","","","","","","","","","","","","","","","","1.75""","3000","",""
"RATCHET TIE DOWN 1.75""X25' C/W J HOOKS","ratchet-tie-down-1-75-x25-c-w-j-hooks-rsa161-75j25x","<table><tbody><tr><th>Width</th><td>1.75&quot;</td></tr><tr><th>Length</th><td>25'</td></tr><tr><th>Working Load Limit</th><td>3000</td></tr><tr><th>End Fitting Type</th><td>double J hook</td></tr><tr><th>Handle Type</th><td>Aluminium handle ratchet buckle</td></tr></tbody></table>","SUN-KING KNITTED BELT PRODUCT LTD","","Tie-Down Straps","Spartan import, department:rigging-hardware, category:tie-down-straps, Tie-Down Straps, SUN-KING KNITTED BELT PRODUCT LTD","false","draft","RSA161.75J25X","","Title","Default Title","","","","","","","","true","","","true","manual","Tie-Down Straps","Rigging Hardware","","","","","","","","","","","","","","double J hook","","","","","Aluminium handle ratchet buckle","","","","25'","","","","","","","","","","","","","","","","","","","","","","","1.75""","3000","",""
"RATCHET TIE DOWN 1.75""X30' C/W J HOOKS","ratchet-tie-down-1-75-x30-c-w-j-hooks-rsa161-75j30x","<table><tbody><tr><th>Width</th><td>1.75&quot;</td></tr><tr><th>Length</th><td>30'</td></tr><tr><th>Working Load Limit</th><td>3000</td></tr><tr><th>End Fitting Type</th><td>double J hook</td></tr><tr><th>Handle Type</th><td>Aluminium handle ratchet buckle</td></tr></tbody></table>","SUN-KING KNITTED BELT PRODUCT LTD","","Tie-Down Straps","Spartan import, department:rigging-hardware, category:tie-down-straps, Tie-Down Straps, SUN-KING KNITTED BELT PRODUCT LTD","false","draft","RSA161.75J30X","","Title","Default Title","","","","","","","","true","","","true","manual","Tie-Down Straps","Rigging Hardware","","","","","","","","","","","","","","double J hook","","","","","Aluminium handle ratchet buckle","","","","30'","","","","","","","","","","","","","","","","","","","","","","","1.75""","3000","",""
"RATCHET TIE DOWN 1.75INX20FT C/W J HOOKS","ratchet-tie-down-1-75inx20ft-c-w-j-hooks-rsa161-75j20x","<table><tbody><tr><th>Width</th><td>1.75“</td></tr><tr><th>Length</th><td>20‘</td></tr><tr><th>Working Load Limit</th><td>3000lbs</td></tr><tr><th>End Fitting Type</th><td>double J hook</td></tr><tr><th>Handle Type</th><td>Aluminium handle ratchet buckle</td></tr></tbody></table>","SUN-KING KNITTED BELT PRODUCT LTD","","Tie-Down Straps","Spartan import, department:rigging-hardware, category:tie-down-straps, Tie-Down Straps, SUN-KING KNITTED BELT PRODUCT LTD","false","draft","RSA161.75J20X","","Title","Default Title","","","","","","","","true","","","true","manual","Tie-Down Straps","Rigging Hardware","","","","","","","","","","","","","","double J hook","","","","","Aluminium handle ratchet buckle","","","","20‘","","","","","","","","","","","","","","","","","","","","","","","1.75“","3000lbs","",""
"RATCHET TIE DOWN 1""X10' C/W J HOOKS","ratchet-tie-down-1-x10-c-w-j-hooks-rs1601j10x","<table><tbody><tr><th>Width</th><td>1&quot;</td></tr><tr><th>Length</th><td>10'</td></tr><tr><th>Working Load Limit</th><td>1000</td></tr><tr><th>End Fitting Type</th><td>double J hook</td></tr><tr><th>Handle Type</th><td>Steel handle ratchet buckle</td></tr></tbody></table>","SUN-KING KNITTED BELT PRODUCT LTD","","Tie-Down Straps","Spartan import, department:rigging-hardware, category:tie-down-straps, Tie-Down Straps, SUN-KING KNITTED BELT PRODUCT LTD","false","draft","RS1601J10X","","Title","Default Title","","","","","","","","true","","","true","manual","Tie-Down Straps","Rigging Hardware","","","","","","","","","","","","","","double J hook","","","","","Steel handle ratchet buckle","","","","10'","","","","","","","","","","","","","","","","","","","","","","","1""","1000","",""
"RATCHET TIE DOWN 1""X15' C/W J HOOKS","ratchet-tie-down-1-x15-c-w-j-hooks-rs1601j15x","<table><tbody><tr><th>Width</th><td>1&quot;</td></tr><tr><th>Length</th><td>15'</td></tr><tr><th>Working Load Limit</th><td>1000</td></tr><tr><th>End Fitting Type</th><td>double J hook</td></tr><tr><th>Handle Type</th><td>Steel handle ratchet buckle</td></tr></tbody></table>","SUN-KING KNITTED BELT PRODUCT LTD","","Tie-Down Straps","Spartan import, department:rigging-hardware, category:tie-down-straps, Tie-Down Straps, SUN-KING KNITTED BELT PRODUCT LTD","false","draft","RS1601J15X","","Title","Default Title","","","","","","","","true","","","true","manual","Tie-Down Straps","Rigging Hardware","","","","","","","","","","","","","","double J hook","","","","","Steel handle ratchet buckle","","","","15'","","","","","","","","","","","","","","","","","","","","","","","1""","1000","",""
"RATCHET TIE DOWN 1""X16' C/W J HOOKS and D ring","ratchet-tie-down-1-x16-c-w-j-hooks-and-d-ring-116rwd","<table><tbody><tr><th>Width</th><td>1&quot;</td></tr><tr><th>Length</th><td>16'</td></tr><tr><th>Working Load Limit</th><td>1000</td></tr><tr><th>End Fitting Type</th><td>double J hook and D ring</td></tr><tr><th>Handle Type</th><td>Steel handle ratchet buckle</td></tr></tbody></table>","SUN-KING KNITTED BELT PRODUCT LTD","","Tie-Down Straps","Spartan import, department:rigging-hardware, category:tie-down-straps, Tie-Down Straps, SUN-KING KNITTED BELT PRODUCT LTD","false","draft","116RWD","","Title","Default Title","","","","","","","","true","","","true","manual","Tie-Down Straps","Rigging Hardware","","","","","","","","","","","","","","double J hook and D ring","","","","","Steel handle ratchet buckle","","","","16'","","","","","","","","","","","","","","","","","","","","","","","1""","1000","",""
"RATCHET TIE DOWN 1""X20' C/W J HOOKS","ratchet-tie-down-1-x20-c-w-j-hooks-rs1601j20x","<table><tbody><tr><th>Width</th><td>1&quot;</td></tr><tr><th>Length</th><td>20'</td></tr><tr><th>Working Load Limit</th><td>1000</td></tr><tr><th>End Fitting Type</th><td>double J hook</td></tr><tr><th>Handle Type</th><td>Steel handle ratchet buckle</td></tr></tbody></table>","SUN-KING KNITTED BELT PRODUCT LTD","","Tie-Down Straps","Spartan import, department:rigging-hardware, category:tie-down-straps, Tie-Down Straps, SUN-KING KNITTED BELT PRODUCT LTD","false","draft","RS1601J20X","","Title","Default Title","","","","","","","","true","","","true","manual","Tie-Down Straps","Rigging Hardware","","","","","","","","","","","","","","double J hook","","","","","Steel handle ratchet buckle","","","","20'","","","","","","","","","","","","","","","","","","","","","","","1""","1000","",""
"RATCHET TIE DOWN 2""X15' C/W J HOOKS","ratchet-tie-down-2-x15-c-w-j-hooks-rs1602j15x","<table><tbody><tr><th>Width</th><td>2&quot;</td></tr><tr><th>Length</th><td>15'</td></tr><tr><th>Working Load Limit</th><td>3335</td></tr><tr><th>End Fitting Type</th><td>double J hook</td></tr><tr><th>Handle Type</th><td>Aluminium handle ratchet buckle</td></tr></tbody></table>","SUN-KING KNITTED BELT PRODUCT LTD","","Tie-Down Straps","Spartan import, department:rigging-hardware, category:tie-down-straps, Tie-Down Straps, SUN-KING KNITTED BELT PRODUCT LTD","false","draft","RS1602J15X","","Title","Default Title","","","","","","","","true","","","true","manual","Tie-Down Straps","Rigging Hardware","","","","","","","","","","","","","","double J hook","","","","","Aluminium handle ratchet buckle","","","","15'","","","","","","","","","","","","","","","","","","","","","","","2""","3335","",""
"RATCHET TIE DOWN 2""X20' C/W J HOOKS","ratchet-tie-down-2-x20-c-w-j-hooks-rs1602j20x","<table><tbody><tr><th>Width</th><td>2&quot;</td></tr><tr><th>Length</th><td>20'</td></tr><tr><th>Working Load Limit</th><td>3335</td></tr><tr><th>End Fitting Type</th><td>double J hook</td></tr><tr><th>Handle Type</th><td>Aluminium handle ratchet buckle</td></tr></tbody></table>","SUN-KING KNITTED BELT PRODUCT LTD","","Tie-Down Straps","Spartan import, department:rigging-hardware, category:tie-down-straps, Tie-Down Straps, SUN-KING KNITTED BELT PRODUCT LTD","false","draft","RS1602J20X","","Title","Default Title","","","","","","","","true","","","true","manual","Tie-Down Straps","Rigging Hardware","","","","","","","","","","","","","","double J hook","","","","","Aluminium handle ratchet buckle","","","","20'","","","","","","","","","","","","","","","","","","","","","","","2""","3335","",""
"RATCHET TIE DOWN 2""X30' C/W FLAT HOOKS","ratchet-tie-down-2-x30-c-w-flat-hooks-230rf","<table><tbody><tr><th>Width</th><td>2&quot;</td></tr><tr><th>Length</th><td>30'</td></tr><tr><th>Working Load Limit</th><td>3335</td></tr><tr><th>End Fitting Type</th><td>FLAT HOOK</td></tr><tr><th>Handle Type</th><td>Aluminium handle ratchet buckle</td></tr></tbody></table>","SUN-KING KNITTED BELT PRODUCT LTD","","Tie-Down Straps","Spartan import, department:rigging-hardware, category:tie-down-straps, Tie-Down Straps, SUN-KING KNITTED BELT PRODUCT LTD","false","draft","230RF","","Title","Default Title","","","","","","","","true","","","true","manual","Tie-Down Straps","Rigging Hardware","","","","","","","","","","","","","","FLAT HOOK","","","","","Aluminium handle ratchet buckle","","","","30'","","","","","","","","","","","","","","","","","","","","","","","2""","3335","",""
"RATCHET TIE DOWN 2""X30' C/W J HOOKS","ratchet-tie-down-2-x30-c-w-j-hooks-rs1602j30x","<table><tbody><tr><th>Width</th><td>2&quot;</td></tr><tr><th>Length</th><td>30'</td></tr><tr><th>Working Load Limit</th><td>3335</td></tr><tr><th>End Fitting Type</th><td>double J hook</td></tr><tr><th>Handle Type</th><td>Aluminium handle ratchet buckle</td></tr></tbody></table>","SUN-KING KNITTED BELT PRODUCT LTD","","Tie-Down Straps","Spartan import, department:rigging-hardware, category:tie-down-straps, Tie-Down Straps, SUN-KING KNITTED BELT PRODUCT LTD","false","draft","RS1602J30X","","Title","Default Title","","","","","","","","true","","","true","manual","Tie-Down Straps","Rigging Hardware","","","","","","","","","","","","","","double J hook","","","","","Aluminium handle ratchet buckle","","","","30'","","","","","","","","","","","","","","","","","","","","","","","2""","3335","",""
"RATCHET TIE DOWN 3""X20' C/W J HOOKS","ratchet-tie-down-3-x20-c-w-j-hooks-rsa163j20x","<table><tbody><tr><th>Width</th><td>3&quot;</td></tr><tr><th>Length</th><td>20'</td></tr><tr><th>Working Load Limit</th><td>5400</td></tr><tr><th>End Fitting Type</th><td>double J hook</td></tr><tr><th>Handle Type</th><td>Aluminium handle ratchet buckle</td></tr></tbody></table>","SUN-KING KNITTED BELT PRODUCT LTD","","Tie-Down Straps","Spartan import, department:rigging-hardware, category:tie-down-straps, Tie-Down Straps, SUN-KING KNITTED BELT PRODUCT LTD","false","draft","RSA163J20X","","Title","Default Title","","","","","","","","true","","","true","manual","Tie-Down Straps","Rigging Hardware","","","","","","","","","","","","","","double J hook","","","","","Aluminium handle ratchet buckle","","","","20'","","","","","","","","","","","","","","","","","","","","","","","3""","5400","",""
"RATCHET TIE DOWN 3""X30' C/W J HOOKS","ratchet-tie-down-3-x30-c-w-j-hooks-rsa163j30x","<table><tbody><tr><th>Width</th><td>3&quot;</td></tr><tr><th>Length</th><td>30'</td></tr><tr><th>Working Load Limit</th><td>5400</td></tr><tr><th>End Fitting Type</th><td>double J hook</td></tr><tr><th>Handle Type</th><td>Aluminium handle ratchet buckle</td></tr></tbody></table>","SUN-KING KNITTED BELT PRODUCT LTD","","Tie-Down Straps","Spartan import, department:rigging-hardware, category:tie-down-straps, Tie-Down Straps, SUN-KING KNITTED BELT PRODUCT LTD","false","draft","RSA163J30X","","Title","Default Title","","","","","","","","true","","","true","manual","Tie-Down Straps","Rigging Hardware","","","","","","","","","","","","","","double J hook","","","","","Aluminium handle ratchet buckle","","","","30'","","","","","","","","","","","","","","","","","","","","","","","3""","5400","",""
"RATCHET TIE DOWN 4""X30' C/W J HOOKS","ratchet-tie-down-4-x30-c-w-j-hooks-rsa164j30x","<table><tbody><tr><th>Width</th><td>4&quot;</td></tr><tr><th>Length</th><td>30'</td></tr><tr><th>Working Load Limit</th><td>5400</td></tr><tr><th>End Fitting Type</th><td>double J hook</td></tr><tr><th>Handle Type</th><td>Aluminium handle ratchet buckle</td></tr></tbody></table>","SUN-KING KNITTED BELT PRODUCT LTD","","Tie-Down Straps","Spartan import, department:rigging-hardware, category:tie-down-straps, Tie-Down Straps, SUN-KING KNITTED BELT PRODUCT LTD","false","draft","RSA164J30X","","Title","Default Title","","","","","","","","true","","","true","manual","Tie-Down Straps","Rigging Hardware","","","","","","","","","","","","","","double J hook","","","","","Aluminium handle ratchet buckle","","","","30'","","","","","","","","","","","","","","","","","","","","","","","4""","5400","",""
"RE-ARM KIT AUTO FOR MD3153, MD3154, MD31","re-arm-kit-auto-for-md3153-md3154-md31-ma7214","<table><tbody><tr><th>Size</th><td>Item Length (in) - 9.5&quot; / Item Width (in) - 5.5&quot; / Item Height (in) - 1.375&quot;</td></tr><tr><th>Colour</th><td>No Color Applicable</td></tr></tbody></table>","MUSTANG SURVIVAL ULC","","Re-arm Kits","Spartan import, category:re-arm-kits, Re-arm Kits, MUSTANG SURVIVAL ULC","false","draft","MA7214","","Title","Default Title","","","","","","","","true","295","g","true","manual","Re-arm Kits","","","","","","","","","","","No Color Applicable","","","","","","","","","","","","","","","","","","","","","Item Length (in) - 9.5"" / Item Width (in) - 5.5"" / Item Height (in) - 1.375""","","","","","","","","","","","","","","","","","",""
"RE-ARM KIT AUTO W/ELITE FOR MD5153","re-arm-kit-auto-w-elite-for-md5153-ma5183","<table><tbody><tr><th>Size</th><td>Item Length (in) - 9.5&quot; / Item Width (in) - 5.5&quot; / Item Height (in) - 1.25&quot;</td></tr><tr><th>Colour</th><td>No Color Applicable</td></tr></tbody></table>","MUSTANG SURVIVAL ULC","","Re-arm Kits","Spartan import, category:re-arm-kits, Re-arm Kits, MUSTANG SURVIVAL ULC","false","draft","MA5183","","Title","Default Title","","","","","","","","true","272","g","true","manual","Re-arm Kits","","","","","","","","","","","No Color Applicable","","","","","","","","","","","","","","","","","","","","","Item Length (in) - 9.5"" / Item Width (in) - 5.5"" / Item Height (in) - 1.25""","","","","","","","","","","","","","","","","","",""
"RE-ARM KIT FOR MD2015 & MD2017","re-arm-kit-for-md2015-md2017-ma2014","<table><tbody><tr><th>Size</th><td>Item Length (in) - 9.5&quot; / Item Width (in) - 5.5&quot; / Item Height (in) - 1.25&quot;</td></tr><tr><th>Colour</th><td>No Color Applicable</td></tr></tbody></table>","MUSTANG SURVIVAL ULC","","Re-arm Kits","Spartan import, category:re-arm-kits, Re-arm Kits, MUSTANG SURVIVAL ULC","false","draft","MA2014","","Title","Default Title","","","","","","","","true","204","g","true","manual","Re-arm Kits","","","","","","","","","","","No Color Applicable","","","","","","","","","","","","","","","","","","","","","Item Length (in) - 9.5"" / Item Width (in) - 5.5"" / Item Height (in) - 1.25""","","","","","","","","","","","","","","","","","",""
"RE-ARM KIT TYPE E HR AUTO/MANUAL 33G BAY","re-arm-kit-type-e-hr-auto-manual-33g-bay-ma7114","<table><tbody><tr><th>Size</th><td>Item Length (in) - 9.5&quot; / Item Width (in) - 5.5&quot; / Item Height (in) - 1.25&quot;</td></tr><tr><th>Colour</th><td>No Color Applicable</td></tr></tbody></table>","MUSTANG SURVIVAL ULC","","Re-arm Kits","Spartan import, category:re-arm-kits, Re-arm Kits, MUSTANG SURVIVAL ULC","false","draft","MA7114","","Title","Default Title","","","","","","","","true","227","g","true","manual","Re-arm Kits","","","","","","","","","","","No Color Applicable","","","","","","","","","","","","","","","","","","","","","Item Length (in) - 9.5"" / Item Width (in) - 5.5"" / Item Height (in) - 1.25""","","","","","","","","","","","","","","","","","",""
"RE-ARM KIT TYPE F HR AUTO/MANUAL 33G NO","re-arm-kit-type-f-hr-auto-manual-33g-no-ma7113","<table><tbody><tr><th>Size</th><td>Item Length (in) - 9.5&quot; / Item Width (in) - 5.5&quot; / Item Height (in) - 1.25&quot;</td></tr><tr><th>Colour</th><td>No Color Applicable</td></tr></tbody></table>","MUSTANG SURVIVAL ULC","","Re-arm Kits","Spartan import, category:re-arm-kits, Re-arm Kits, MUSTANG SURVIVAL ULC","false","draft","MA7113","","Title","Default Title","","","","","","","","true","227","g","true","manual","Re-arm Kits","","","","","","","","","","","No Color Applicable","","","","","","","","","","","","","","","","","","","","","Item Length (in) - 9.5"" / Item Width (in) - 5.5"" / Item Height (in) - 1.25""","","","","","","","","","","","","","","","","","",""
"RFD Surviva Liferaft","rfd-surviva-liferaft","","DBC MARINE SAFETY SYSTEMS LTD","","Life Rafts","Spartan import, department:safety-buoys-survival, category:life-rafts, Life Rafts, DBC MARINE SAFETY SYSTEMS LTD","false","draft","00013229","","Capacity","25 person","","","","","","","","true","","","true","manual","Life Rafts","Safety, Buoys & Survival","","","","","","","","","","","","","","","","","","","","","","","","","","","","","","","","","","","","","","","","","","","","","","","","",""
"","rfd-surviva-liferaft","","","","","","","","48010016-1","","Capacity","10 person","","","","","","","","true","","","true","manual","","","","","","","","","","","","","","","","","","","","","","","","","","","","","","","","","","","","","","","","","","","","","","","","","","",""
"ROCKET ILLUMINATING WHITE 1.4S","rocket-illuminating-white-1-4s-45070017","","Hansson PyroTech AB","","Marine Pyrotechnics","Spartan import, department:safety-buoys-survival, category:marine-pyrotechnics, Marine Pyrotechnics, Hansson PyroTech AB","false","draft","45070017","","Title","Default Title","","","","","","","","true","420","g","true","manual","Marine Pyrotechnics","Safety, Buoys & Survival","","","","","","","","","","","","","","","","","","","","","","","","","","","","","","","","","","","","","","","","","","","","","","","","",""
"ROCKET SIGNAL PARACHUTE RED","rocket-signal-parachute-red-45070013","","Hansson PyroTech AB","","Marine Pyrotechnics","Spartan import, department:safety-buoys-survival, category:marine-pyrotechnics, Marine Pyrotechnics, Hansson PyroTech AB","false","draft","45070013","","Title","Default Title","","","","","","","","true","420","g","true","manual","Marine Pyrotechnics","Safety, Buoys & Survival","","","","","","","","","","","","","","","","","","","","","","","","","","","","","","","","","","","","","","","","","","","","","","","","",""
"ROPE 1-1/2 POLYPROPYLENE SUPERDAN GREEN","rope-1-1-2-polypropylene-superdan-green-r483sd600mgodsr","<table><tbody><tr><th>Strand</th><td>7 strand</td></tr><tr><th>Colour</th><td>Green</td></tr></tbody></table>","DSR CORP","","Rope","Spartan import, department:rope-line-nets, category:rope, Rope, DSR CORP","false","draft","R483SD600MGODSR","","Title","Default Title","","","","","","","","true","","","true","manual","Rope","Rope, Line & Nets","","","","","","","","","","Green","","","","","","","","","","","","","","","","","","","","","","","","","","","7 strand","","","","","","","","","","","",""
"ROPE 1-1/4 MANILA","rope-1-1-4-manila-r403m600x","","FRANK WINNE & SONS INC","","Rope","Spartan import, department:rope-line-nets, category:rope, Rope, FRANK WINNE & SONS INC","false","draft","R403M600X","","Title","Default Title","","","","","","","","true","12247","g","true","manual","Rope","Rope, Line & Nets","","","","","","","","","","","","","","","","","","","","","","","","","","","","","","","","","","","","","","","","","","","","","","","","",""
"ROPE 1-1/8 POLYPROPYLENE SUPERDAN GREEN","rope-1-1-8-polypropylene-superdan-green-r363sd600mgodsr","<table><tbody><tr><th>Strand</th><td>6 strand</td></tr><tr><th>Colour</th><td>Green</td></tr></tbody></table>","DSR CORP","","Rope","Spartan import, department:rope-line-nets, category:rope, Rope, DSR CORP","false","draft","R363SD600MGODSR","","Title","Default Title","","","","","","","","true","","","true","manual","Rope","Rope, Line & Nets","","","","","","","","","","Green","","","","","","","","","","","","","","","","","","","","","","","","","","","6 strand","","","","","","","","","","","",""
"ROPE 1/2 MANILA","rope-1-2-manila-r163m600x","","FRANK WINNE & SONS INC","","Rope","Spartan import, department:rope-line-nets, category:rope, Rope, FRANK WINNE & SONS INC","false","draft","R163M600X","","Title","Default Title","","","","","","","","true","6804","g","true","manual","Rope","Rope, Line & Nets","","","","","","","","","","","","","","","","","","","","","","","","","","","","","","","","","","","","","","","","","","","","","","","","",""
"ROPE 1/4 M.F.P. BRAIDED CORKLINE WHITE","rope-1-4-m-f-p-braided-corkline-white-r08pp1200wn","","NOVATEC BRAIDS LTD.","","Rope","Spartan import, department:rope-line-nets, category:rope, Rope, NOVATEC BRAIDS LTD.","false","draft","R08PP1200WN","","Title","Default Title","","","","","","","","true","","","true","manual","Rope","Rope, Line & Nets","","","","","","","","","","","","","","","","","","","","","","","","","","","","","","","","","","","","","","","","","","","","","","","","",""
"ROPE 1 MANILA","rope-1-manila-r323m600x","","FRANK WINNE & SONS INC","","Rope","Spartan import, department:rope-line-nets, category:rope, Rope, FRANK WINNE & SONS INC","false","draft","R323M600X","","Title","Default Title","","","","","","","","true","11793","g","true","manual","Rope","Rope, Line & Nets","","","","","","","","","","","","","","","","","","","","","","","","","","","","","","","","","","","","","","","","","","","","","","","","",""
"ROPE 1 POLYPROPYLENE SUPERDAN GREEN W/ O","rope-1-polypropylene-superdan-green-w-o-r323sd600mgodsr","<table><tbody><tr><th>Strand</th><td>5 strand</td></tr><tr><th>Colour</th><td>Green</td></tr></tbody></table>","DSR CORP","","Rope","Spartan import, department:rope-line-nets, category:rope, Rope, DSR CORP","false","draft","R323SD600MGODSR","","Title","Default Title","","","","","","","","true","","","true","manual","Rope","Rope, Line & Nets","","","","","","","","","","Green","","","","","","","","","","","","","","","","","","","","","","","","","","","5 strand","","","","","","","","","","","",""
"ROPE 2 MANILA","rope-2-manila-r643m600x","","FRANK WINNE & SONS INC","","Rope","Spartan import, department:rope-line-nets, category:rope, Rope, FRANK WINNE & SONS INC","false","draft","R643M600X","","Title","Default Title","","","","","","","","true","14061","g","true","manual","Rope","Rope, Line & Nets","","","","","","","","","","","","","","","","","","","","","","","","","","","","","","","","","","","","","","","","","","","","","","","","",""
"ROPE 3/4 MANILA","rope-3-4-manila-r243m600x","","FRANK WINNE & SONS INC","","Rope","Spartan import, department:rope-line-nets, category:rope, Rope, FRANK WINNE & SONS INC","false","draft","R243M600X","","Title","Default Title","","","","","","","","true","9072","g","true","manual","Rope","Rope, Line & Nets","","","","","","","","","","","","","","","","","","","","","","","","","","","","","","","","","","","","","","","","","","","","","","","","",""
"ROPE 3/4 POLYPROPYLENE SUPERDAN GREEN W/","rope-3-4-polypropylene-superdan-green-w-r243sd600mgodsr","<table><tbody><tr><th>Strand</th><td>3 strand</td></tr><tr><th>Colour</th><td>Green</td></tr></tbody></table>","DSR CORP","","Rope","Spartan import, department:rope-line-nets, category:rope, Rope, DSR CORP","false","draft","R243SD600MGODSR","","Title","Default Title","","","","","","","","true","","","true","manual","Rope","Rope, Line & Nets","","","","","","","","","","Green","","","","","","","","","","","","","","","","","","","","","","","","","","","3 strand","","","","","","","","","","","",""
"ROPE 3/4 POLYPROPYLENE SUPERDAN YELLOW W","rope-3-4-polypropylene-superdan-yellow-w-r243sd600mygdsr","<table><tbody><tr><th>Strand</th><td>4 strand</td></tr><tr><th>Colour</th><td>Yellow</td></tr></tbody></table>","DSR CORP","","Rope","Spartan import, department:rope-line-nets, category:rope, Rope, DSR CORP","false","draft","R243SD600MYGDSR","","Title","Default Title","","","","","","","","true","","","true","manual","Rope","Rope, Line & Nets","","","","","","","","","","Yellow","","","","","","","","","","","","","","","","","","","","","","","","","","","4 strand","","","","","","","","","","","",""
"ROPE 3/8 M.F.P. BRAIDED CORKLINE WHITE","rope-3-8-m-f-p-braided-corkline-white-r12pp1200wn","","NOVATEC BRAIDS LTD.","","Rope","Spartan import, department:rope-line-nets, category:rope, Rope, NOVATEC BRAIDS LTD.","false","draft","R12PP1200WN","","Title","Default Title","","","","","","","","true","","","true","manual","Rope","Rope, Line & Nets","","","","","","","","","","","","","","","","","","","","","","","","","","","","","","","","","","","","","","","","","","","","","","","","",""
"ROPE 3/8 MANILA","rope-3-8-manila-r123m1200x","","FRANK WINNE & SONS INC","","Rope","Spartan import, department:rope-line-nets, category:rope, Rope, FRANK WINNE & SONS INC","false","draft","R123M1200X","","Title","Default Title","","","","","","","","true","5897","g","true","manual","Rope","Rope, Line & Nets","","","","","","","","","","","","","","","","","","","","","","","","","","","","","","","","","","","","","","","","","","","","","","","","",""
"ROPE 5/16IN MULTIFILAMENT POLYPROPLENE F","rope-5-16in-multifilament-polyproplene-f-r10pp600bkyn","","NOVATEC BRAIDS LTD.","","Rope","Spartan import, department:rope-line-nets, category:rope, Rope, NOVATEC BRAIDS LTD.","false","draft","R10PP600BKYN","","Title","Default Title","","","","","","","","true","","","true","manual","Rope","Rope, Line & Nets","","","","","","","","","","","","","","","","","","","","","","","","","","","","","","","","","","","","","","","","","","","","","","","","",""
"ROPE 7/8 MANILA","rope-7-8-manila-r283m600x","","FRANK WINNE & SONS INC","","Rope","Spartan import, department:rope-line-nets, category:rope, Rope, FRANK WINNE & SONS INC","false","draft","R283M600X","","Title","Default Title","","","","","","","","true","10886","g","true","manual","Rope","Rope, Line & Nets","","","","","","","","","","","","","","","","","","","","","","","","","","","","","","","","","","","","","","","","","","","","","","","","",""
"SCISSORS SERRATED-EDGE 7IN OLFA SS","scissors-serrated-edge-7in-olfa-ss-scs-2","","OLFA NORTH AMERICA INC.","","Cutting Tools","Spartan import, department:maintenance-supplies, category:cutting-tools, Cutting Tools, OLFA NORTH AMERICA INC.","false","draft","SCS-2","","Title","Default Title","","","","","","","","true","","","true","manual","Cutting Tools","Maintenance & Supplies","","","","","","","","","","","","","","","","","","","","","","","","","","","","","","","","","","","","","","","","","","","","","","","","",""
"SCRAPERS HALIBUT","scrapers-halibut-25020001","","MTKMFL INC.","","Scraper","Spartan import, department:maintenance-supplies, category:scraper, Scraper, MTKMFL INC.","false","draft","25020001","","Title","Default Title","","","","","","","","true","","","true","manual","Scraper","Maintenance & Supplies","","","","","","","","","","","","","","","","","","","","","","","","","","","","","","","","","","","","","","","","","","","","","","","","",""
"SCREW SOCKET-HEAD TAPPING PH THREAD-8 DI","screw-socket-head-tapping-ph-thread-8-di-5163-141","<table><tbody><tr><th>Thread Size</th><td>8x1</td></tr></tbody></table>","THE HILLMAN GROUP CANADA ULC","","Screws","Spartan import, department:maintenance-supplies, category:screws, Screws, THE HILLMAN GROUP CANADA ULC","false","draft","5163-141","","Title","Default Title","","","","","","","","true","","","true","manual","Screws","Maintenance & Supplies","","","","","","","","","","","","","","","","","","","","","","","","","","","","","","","","","","","","","","","","","","8x1","","","","","","",""
"SCREW SOCKET-HEAD TAPPING PH THREAD-8 DI","screw-socket-head-tapping-ph-thread-8-di-04170045","<table><tbody><tr><th>Thread Size</th><td>8x1</td></tr></tbody></table>","THE HILLMAN GROUP CANADA ULC","","Screws","Spartan import, department:maintenance-supplies, category:screws, Screws, THE HILLMAN GROUP CANADA ULC","false","draft","04170045","","Title","Default Title","","","","","","","","true","","","true","manual","Screws","Maintenance & Supplies","","","","","","","","","","","","","","","","","","","","","","","","","","","","","","","","","","","","","","","","","","8x1","","","","","","",""
"SHACKLE 1/2 D BLACK C/W SQUARE HEAD PIN","shackle-1-2-d-black-c-w-square-head-pin-81350","SHACKLE 1/2 D BLACK C/W SQUARE HEAD PIN
<table><tbody><tr><th>Brand</th><td>/</td></tr><tr><th>Size (in)</th><td>1/2&quot;</td></tr><tr><th>Working Load Limit (ton)</th><td>/</td></tr><tr><th>Material</th><td>Q235</td></tr><tr><th>Supplier Type Code</th><td>/</td></tr><tr><th>Certification Standard</th><td>/</td></tr></tbody></table>","Qindao","","Shackles","Spartan import, department:rigging-hardware, category:shackles, Shackles, Qindao","false","draft","81350","","Title","Default Title","","","","","","","","true","204","g","true","manual","Shackles","Rigging Hardware","","","","","/","","","","/","","","","","","","","","","","","","","","Q235","","","","","","","","1/2""","","","","","","","/","","","","","","","","","","/"
"SHACKLE 2-1/2 SCREW PIN C/W O/S BLUE PIN","shackle-2-1-2-screw-pin-c-w-o-s-blue-pin-g20940x","SHACKLE 2-1/2 SCREW PIN C/W O/S BLUE PIN
<table><tbody><tr><th>Brand</th><td>SLR</td></tr><tr><th>Size (in)</th><td>2-1/2&quot;</td></tr><tr><th>Working Load Limit (ton)</th><td>55</td></tr><tr><th>Material</th><td>Body:45#,Pin:40Cr</td></tr><tr><th>Supplier Type Code</th><td>G209</td></tr><tr><th>Certification Standard</th><td>ASME B30.26 spec &amp; FEDERAL RR-C-271G</td></tr></tbody></table>","Qindao","","Shackles","Spartan import, department:rigging-hardware, category:shackles, Shackles, Qindao","false","draft","G20940X","","Title","Default Title","","","","","","","","true","38896","g","true","manual","Shackles","Rigging Hardware","","","","","SLR","","","","ASME B30.26 spec & FEDERAL RR-C-271G","","","","","","","","","","","","","","","Body:45#,Pin:40Cr","","","","","","","","2-1/2""","","","","","","","G209","","","","","","","","","","55"
"SHACKLE 3/8 D BLACK C/W SQUARE HEAD PIN","shackle-3-8-d-black-c-w-square-head-pin-81361","SHACKLE 3/8 D BLACK C/W SQUARE HEAD PIN
<table><tbody><tr><th>Brand</th><td>/</td></tr><tr><th>Size (in)</th><td>3/8&quot;</td></tr><tr><th>Working Load Limit (ton)</th><td>/</td></tr><tr><th>Material</th><td>Q235</td></tr><tr><th>Supplier Type Code</th><td>/</td></tr><tr><th>Certification Standard</th><td>/</td></tr></tbody></table>","Qindao","","Shackles","Spartan import, department:rigging-hardware, category:shackles, Shackles, Qindao","false","draft","81361","","Title","Default Title","","","","","","","","true","80","g","true","manual","Shackles","Rigging Hardware","","","","","/","","","","/","","","","","","","","","","","","","","","Q235","","","","","","","","3/8""","","","","","","","/","","","","","","","","","","/"
"SHACKLE 3/8 SCREW PIN CHAIN O/S PIN SS316","shackle-3-8-screw-pin-chain-o-s-pin-ss316-ss21006x","SHACKLE 3/8 SCREW PIN CHAIN O/S PIN SS316
<table><tbody><tr><th>Brand</th><td>Q</td></tr><tr><th>Size (in)</th><td>3/8&quot;</td></tr><tr><th>Working Load Limit (ton)</th><td>1</td></tr><tr><th>Material</th><td>SS316</td></tr><tr><th>Supplier Type Code</th><td>G210</td></tr><tr><th>Certification Standard</th><td>ASME B30.26 spec &amp; FEDERAL RR-C-271G</td></tr></tbody></table>","Qindao","","Shackles","Spartan import, department:rigging-hardware, category:shackles, Shackles, Qindao","false","draft","SS21006X","","Title","Default Title","","","","","","","","true","127","g","true","manual","Shackles","Rigging Hardware","","","","","Q","","","","ASME B30.26 spec & FEDERAL RR-C-271G","","","","","","","","","","","","","","","SS316","","","","","","","","3/8""","","","","","","","G210","","","","","","","","","","1"
"SHACKLE 3 BOLT TYPE C/W O/S BLUE PIN","shackle-3-bolt-type-c-w-o-s-blue-pin-g213048x","SHACKLE 3 BOLT TYPE C/W O/S BLUE PIN
<table><tbody><tr><th>Brand</th><td>SLR</td></tr><tr><th>Size (in)</th><td>3&quot;</td></tr><tr><th>Working Load Limit (ton)</th><td>85</td></tr><tr><th>Material</th><td>Body:45#,Pin:40Cr</td></tr><tr><th>Supplier Type Code</th><td>G2130</td></tr><tr><th>Certification Standard</th><td>ASME B30.26 spec &amp; FEDERAL RR-C-271G</td></tr></tbody></table>","Qindao","","Shackles","Spartan import, department:rigging-hardware, category:shackles, Shackles, Qindao","false","draft","G213048X","","Title","Default Title","","","","","","","","true","69853","g","true","manual","Shackles","Rigging Hardware","","","","","SLR","","","","ASME B30.26 spec & FEDERAL RR-C-271G","","","","","","","","","","","","","","","Body:45#,Pin:40Cr","","","","","","","","3""","","","","","","","G2130","","","","","","","","","","85"
"SHACKLE 5/8 D BLACK C/W SQUARE HEAD PIN","shackle-5-8-d-black-c-w-square-head-pin-81365","SHACKLE 5/8 D BLACK C/W SQUARE HEAD PIN
<table><tbody><tr><th>Brand</th><td>/</td></tr><tr><th>Size (in)</th><td>5/8&quot;</td></tr><tr><th>Working Load Limit (ton)</th><td>/</td></tr><tr><th>Material</th><td>Q235</td></tr><tr><th>Supplier Type Code</th><td>/</td></tr><tr><th>Certification Standard</th><td>/</td></tr></tbody></table>","Qindao","","Shackles","Spartan import, department:rigging-hardware, category:shackles, Shackles, Qindao","false","draft","81365","","Title","Default Title","","","","","","","","true","410","g","true","manual","Shackles","Rigging Hardware","","","","","/","","","","/","","","","","","","","","","","","","","","Q235","","","","","","","","5/8""","","","","","","","/","","","","","","","","","","/"
"SHACKLE 5/16 D BLACK C/W SQUARE HEAD PIN","shackle-5-16-d-black-c-w-square-head-pin-81345","SHACKLE 5/16 D BLACK C/W SQUARE HEAD PIN
<table><tbody><tr><th>Brand</th><td>/</td></tr><tr><th>Size (in)</th><td>5/16&quot;</td></tr><tr><th>Working Load Limit (ton)</th><td>/</td></tr><tr><th>Material</th><td>Q235</td></tr><tr><th>Supplier Type Code</th><td>/</td></tr><tr><th>Certification Standard</th><td>/</td></tr></tbody></table>","Qindao","","Shackles","Spartan import, department:rigging-hardware, category:shackles, Shackles, Qindao","false","draft","81345","","Title","Default Title","","","","","","","","true","0","g","true","manual","Shackles","Rigging Hardware","","","","","/","","","","/","","","","","","","","","","","","","","","Q235","","","","","","","","5/16""","","","","","","","/","","","","","","","","","","/"
"SHACKLE 7/16 BOLT TYPE O/S BLUE PIN GALV","shackle-7-16-bolt-type-o-s-blue-pin-galv-g213007x","SHACKLE 7/16 BOLT TYPE O/S BLUE PIN GALV
<table><tbody><tr><th>Brand</th><td>SLR</td></tr><tr><th>Size (in)</th><td>7/16&quot;</td></tr><tr><th>Working Load Limit (ton)</th><td>1.5</td></tr><tr><th>Material</th><td>Body:45#,Pin:40Cr</td></tr><tr><th>Supplier Type Code</th><td>G2130</td></tr><tr><th>Certification Standard</th><td>ASME B30.26 spec &amp; FEDERAL RR-C-271G</td></tr></tbody></table>","Qindao","","Shackles","Spartan import, department:rigging-hardware, category:shackles, Shackles, Qindao","false","draft","G213007X","","Title","Default Title","","","","","","","","true","222","g","true","manual","Shackles","Rigging Hardware","","","","","SLR","","","","ASME B30.26 spec & FEDERAL RR-C-271G","","","","","","","","","","","","","","","Body:45#,Pin:40Cr","","","","","","","","7/16""","","","","","","","G2130","","","","","","","","","","1.5"
"SHARPENER EZ-EDGE","sharpener-ez-edge-07920","","DEXTER RUSSELL INC","","Sharpeners","Spartan import, department:maintenance-supplies, category:sharpeners, Sharpeners, DEXTER RUSSELL INC","false","draft","07920","","Title","Default Title","","","","","","","","true","","","true","manual","Sharpeners","Maintenance & Supplies","","","","","","","","","","","","","","","","","","","","","","","","","","","","","","","","","","","","","","","","","","","","","","","","",""
"SHEATH KNIFE PAIRING-POUCH 3-1/4IN FOR-3","sheath-knife-pairing-pouch-3-1-4in-for-3-40993","<table><tbody><tr><th>Size</th><td>8 in</td></tr></tbody></table>","VICTORINOX-SWITZERLAND","","Knives","Spartan import, department:fishing-trap-gear, category:knives, Knives, VICTORINOX-SWITZERLAND","false","draft","40993","","Title","Default Title","","","","","","","","true","","","true","manual","Knives","Fishing & Trap Gear","","","","","","","","","","","","","","","","","","","","","","","","","","","","","","","8 in","","","","","","","","","","","","","","","","","",""
"Sheet Net. Braid. tw. St.PE 2,0 Sg. Mesh","sheet-net-braid-tw-st-pe-2-0-sg-mesh-03210699","<table><tbody><tr><th>ERP Material Code</th><td>RED0182</td></tr><tr><th>ERP Product Group</th><td>Fishing Nets &amp; Twines</td></tr><tr><th>Average Net Unit Weight (kg)</th><td>96.83333333333333</td></tr><tr><th>Average Gross Unit Weight (kg)</th><td>98.33333333333333</td></tr></tbody></table>","Cotesi","","Nets","Spartan import, department:rope-line-nets, category:nets, Nets, Cotesi","false","draft","03210699","","Title","Default Title","","","","","","","","true","","","true","manual","Nets","Rope, Line & Nets","","98.33333333333333","96.83333333333333","","","","","","","","","","","","RED0182","Fishing Nets & Twines","","","","","","","","","","","","","","","","","","","","","","","","","","","","","","","","",""
"Sheet Net. Braid. tw. St.PE 2,5 Sg. Mesh","sheet-net-braid-tw-st-pe-2-5-sg-mesh-214","<table><tbody><tr><th>ERP Material Code</th><td>RED0035</td></tr><tr><th>ERP Product Group</th><td>Fishing Nets &amp; Twines</td></tr><tr><th>Average Net Unit Weight (kg)</th><td>157.66666666666666</td></tr><tr><th>Average Gross Unit Weight (kg)</th><td>160</td></tr></tbody></table>","Cotesi","","Nets","Spartan import, department:rope-line-nets, category:nets, Nets, Cotesi","false","draft","","","Title","Default Title","","","","","","","","true","","","true","manual","Nets","Rope, Line & Nets","","160","157.66666666666666","","","","","","","","","","","","RED0035","Fishing Nets & Twines","","","","","","","","","","","","","","","","","","","","","","","","","","","","","","","","",""
"Sheet Net. Braid. tw. St.PE 2,5 Sg. Mesh","sheet-net-braid-tw-st-pe-2-5-sg-mesh-03210264","<table><tbody><tr><th>ERP Product Group</th><td>Fishing Nets &amp; Twines</td></tr><tr><th>Average Net Unit Weight (kg)</th><td>133</td></tr><tr><th>Average Gross Unit Weight (kg)</th><td>135</td></tr></tbody></table>","Cotesi","","Nets","Spartan import, department:rope-line-nets, category:nets, Nets, Cotesi","false","draft","03210264","","Title","Default Title","","","","","","","","true","","","true","manual","Nets","Rope, Line & Nets","","135","133","","","","","","","","","","","","","Fishing Nets & Twines","","","","","","","","","","","","","","","","","","","","","","","","","","","","","","","","",""
"Sheet Net. Braid. tw St.PE 3 Single Mesh","sheet-net-braid-tw-st-pe-3-single-mesh-03210023","<table><tbody><tr><th>ERP Material Code</th><td>RED0039</td></tr><tr><th>ERP Product Group</th><td>Fishing Nets &amp; Twines</td></tr><tr><th>Average Net Unit Weight (kg)</th><td>80.66666666666667</td></tr><tr><th>Average Gross Unit Weight (kg)</th><td>81.66666666666667</td></tr></tbody></table>","Cotesi","","Nets","Spartan import, department:rope-line-nets, category:nets, Nets, Cotesi","false","draft","03210023","","Title","Default Title","","","","","","","","true","","","true","manual","Nets","Rope, Line & Nets","","81.66666666666667","80.66666666666667","","","","","","","","","","","","RED0039","Fishing Nets & Twines","","","","","","","","","","","","","","","","","","","","","","","","","","","","","","","","",""
"Sheet Net. Braid. tw St.PE 3 Single Mesh","sheet-net-braid-tw-st-pe-3-single-mesh-03210484","<table><tbody><tr><th>ERP Product Group</th><td>Fishing Nets &amp; Twines</td></tr><tr><th>Average Net Unit Weight (kg)</th><td>206</td></tr><tr><th>Average Gross Unit Weight (kg)</th><td>209</td></tr></tbody></table>","Cotesi","","Nets","Spartan import, department:rope-line-nets, category:nets, Nets, Cotesi","false","draft","03210484","","Title","Default Title","","","","","","","","true","","","true","manual","Nets","Rope, Line & Nets","","209","206","","","","","","","","","","","","","Fishing Nets & Twines","","","","","","","","","","","","","","","","","","","","","","","","","","","","","","","","",""
"Sheet Net. Braid. tw St.PE 3 Single Mesh","sheet-net-braid-tw-st-pe-3-single-mesh-03210617","<table><tbody><tr><th>ERP Product Group</th><td>Fishing Nets &amp; Twines</td></tr><tr><th>Average Net Unit Weight (kg)</th><td>98.8</td></tr><tr><th>Average Gross Unit Weight (kg)</th><td>100.6</td></tr></tbody></table>","Cotesi","","Nets","Spartan import, department:rope-line-nets, category:nets, Nets, Cotesi","false","draft","03210617","","Title","Default Title","","","","","","","","true","","","true","manual","Nets","Rope, Line & Nets","","100.6","98.8","","","","","","","","","","","","","Fishing Nets & Twines","","","","","","","","","","","","","","","","","","","","","","","","","","","","","","","","",""
"Sheet Net. Braid. tw St.PE 4 Single Mesh","sheet-net-braid-tw-st-pe-4-single-mesh-64552","<table><tbody><tr><th>ERP Material Code</th><td>RED0044</td></tr><tr><th>ERP Product Group</th><td>Fishing Nets &amp; Twines</td></tr><tr><th>Average Net Unit Weight (kg)</th><td>204.5</td></tr><tr><th>Average Gross Unit Weight (kg)</th><td>207.5</td></tr></tbody></table>","Cotesi","","Nets","Spartan import, department:rope-line-nets, category:nets, Nets, Cotesi","false","draft","64552","","Title","Default Title","","","","","","","","true","","","true","manual","Nets","Rope, Line & Nets","","207.5","204.5","","","","","","","","","","","","RED0044","Fishing Nets & Twines","","","","","","","","","","","","","","","","","","","","","","","","","","","","","","","","",""
"Sheet Net. Braid. tw St.PE 6 Double Mesh","sheet-net-braid-tw-st-pe-6-double-mesh-64444","<table><tbody><tr><th>ERP Material Code</th><td>RED0053</td></tr><tr><th>ERP Product Group</th><td>Fishing Nets &amp; Twines</td></tr><tr><th>Average Net Unit Weight (kg)</th><td>382.33333333333337</td></tr><tr><th>Average Gross Unit Weight (kg)</th><td>386.83333333333337</td></tr></tbody></table>","Cotesi","","Nets","Spartan import, department:rope-line-nets, category:nets, Nets, Cotesi","false","draft","64444","","Title","Default Title","","","","","","","","true","","","true","manual","Nets","Rope, Line & Nets","","386.83333333333337","382.33333333333337","","","","","","","","","","","","RED0053","Fishing Nets & Twines","","","","","","","","","","","","","","","","","","","","","","","","","","","","","","","","",""
"Sheet Net. Twist. tw.St.MP 80Z Malha Dob","sheet-net-twist-tw-st-mp-80z-malha-dob-car8d43f199","<table><tbody><tr><th>ERP Material Code</th><td>RED0207</td></tr><tr><th>ERP Product Group</th><td>Fishing Nets &amp; Twines</td></tr><tr><th>Average Net Unit Weight (kg)</th><td>111.5</td></tr><tr><th>Average Gross Unit Weight (kg)</th><td>113.5</td></tr></tbody></table>","Cotesi","","Nets","Spartan import, department:rope-line-nets, category:nets, Nets, Cotesi","false","draft","CAR8D43F199","","Title","Default Title","","","","","","","","true","","","true","manual","Nets","Rope, Line & Nets","","113.5","111.5","","","","","","","","","","","","RED0207","Fishing Nets & Twines","","","","","","","","","","","","","","","","","","","","","","","","","","","","","","","","",""
"Sheet Net. Twist. tw.St.PE 45Z Sg. Mesh","sheet-net-twist-tw-st-pe-45z-sg-mesh-03210703","<table><tbody><tr><th>ERP Material Code</th><td>RED0066</td></tr><tr><th>ERP Product Group</th><td>Fishing Nets &amp; Twines</td></tr><tr><th>Average Net Unit Weight (kg)</th><td>45.166666666666664</td></tr><tr><th>Average Gross Unit Weight (kg)</th><td>45.77777777777778</td></tr></tbody></table>","Cotesi","","Nets","Spartan import, department:rope-line-nets, category:nets, Nets, Cotesi","false","draft","03210703","","Title","Default Title","","","","","","","","true","","","true","manual","Nets","Rope, Line & Nets","","45.77777777777778","45.166666666666664","","","","","","","","","","","","RED0066","Fishing Nets & Twines","","","","","","","","","","","","","","","","","","","","","","","","","","","","","","","","",""
"Sheet Net. Twist. tw.St.PE 90Z Sg. Mesh","sheet-net-twist-tw-st-pe-90z-sg-mesh-03210681","<table><tbody><tr><th>ERP Material Code</th><td>RED0069</td></tr><tr><th>ERP Product Group</th><td>Fishing Nets &amp; Twines</td></tr><tr><th>Average Net Unit Weight (kg)</th><td>54.34233562515915</td></tr><tr><th>Average Gross Unit Weight (kg)</th><td>55.17817978100331</td></tr></tbody></table>","Cotesi","","Nets","Spartan import, department:rope-line-nets, category:nets, Nets, Cotesi","false","draft","03210681","","Title","Default Title","","","","","","","","true","","","true","manual","Nets","Rope, Line & Nets","","55.17817978100331","54.34233562515915","","","","","","","","","","","","RED0069","Fishing Nets & Twines","","","","","","","","","","","","","","","","","","","","","","","","","","","","","","","","",""
"Sheet Net. Twist. tw.St.PE 90Z Sg. Mesh","sheet-net-twist-tw-st-pe-90z-sg-mesh-03210690","<table><tbody><tr><th>ERP Product Group</th><td>Fishing Nets &amp; Twines</td></tr><tr><th>Average Net Unit Weight (kg)</th><td>51.5397619047619</td></tr><tr><th>Average Gross Unit Weight (kg)</th><td>52.202619047619045</td></tr></tbody></table>","Cotesi","","Nets","Spartan import, department:rope-line-nets, category:nets, Nets, Cotesi","false","draft","03210690","","Title","Default Title","","","","","","","","true","","","true","manual","Nets","Rope, Line & Nets","","52.202619047619045","51.5397619047619","","","","","","","","","","","","","Fishing Nets & Twines","","","","","","","","","","","","","","","","","","","","","","","","","","","","","","","","",""
"Sheet Net. Twist. tw.St.PE 90Z Sg. Mesh","sheet-net-twist-tw-st-pe-90z-sg-mesh-03210691","<table><tbody><tr><th>ERP Product Group</th><td>Fishing Nets &amp; Twines</td></tr><tr><th>Average Net Unit Weight (kg)</th><td>55.25</td></tr><tr><th>Average Gross Unit Weight (kg)</th><td>56.125</td></tr></tbody></table>","Cotesi","","Nets","Spartan import, department:rope-line-nets, category:nets, Nets, Cotesi","false","draft","03210691","","Title","Default Title","","","","","","","","true","","","true","manual","Nets","Rope, Line & Nets","","56.125","55.25","","","","","","","","","","","","","Fishing Nets & Twines","","","","","","","","","","","","","","","","","","","","","","","","","","","","","","","","",""
"Sheet Netting Redline PE 1,2 Single Mesh","sheet-netting-redline-pe-1-2-single-mesh-03210423","<table><tbody><tr><th>ERP Material Code</th><td>RED0089</td></tr><tr><th>ERP Product Group</th><td>Fishing Nets &amp; Twines</td></tr><tr><th>Average Net Unit Weight (kg)</th><td>61</td></tr><tr><th>Average Gross Unit Weight (kg)</th><td>62</td></tr></tbody></table>","Cotesi","","Nets","Spartan import, department:rope-line-nets, category:nets, Nets, Cotesi","false","draft","03210423","","Title","Default Title","","","","","","","","true","","","true","manual","Nets","Rope, Line & Nets","","62","61","","","","","","","","","","","","RED0089","Fishing Nets & Twines","","","","","","","","","","","","","","","","","","","","","","","","","","","","","","","","",""
"Sheet Netting Redline PE 2,2 Single Mesh","sheet-netting-redline-pe-2-2-single-mesh-03210301","<table><tbody><tr><th>ERP Material Code</th><td>RED0093</td></tr><tr><th>ERP Product Group</th><td>Fishing Nets &amp; Twines</td></tr><tr><th>Average Net Unit Weight (kg)</th><td>137</td></tr><tr><th>Average Gross Unit Weight (kg)</th><td>139</td></tr></tbody></table>","Cotesi","","Nets","Spartan import, department:rope-line-nets, category:nets, Nets, Cotesi","false","draft","03210301","","Title","Default Title","","","","","","","","true","","","true","manual","Nets","Rope, Line & Nets","","139","137","","","","","","","","","","","","RED0093","Fishing Nets & Twines","","","","","","","","","","","","","","","","","","","","","","","","","","","","","","","","",""
"Sheet Netting Redline PE 4 Single Mesh","sheet-netting-redline-pe-4-single-mesh-227","<table><tbody><tr><th>ERP Material Code</th><td>RED0102</td></tr><tr><th>ERP Product Group</th><td>Fishing Nets &amp; Twines</td></tr><tr><th>Average Net Unit Weight (kg)</th><td>72</td></tr><tr><th>Average Gross Unit Weight (kg)</th><td>73</td></tr></tbody></table>","Cotesi","","Nets","Spartan import, department:rope-line-nets, category:nets, Nets, Cotesi","false","draft","","","Title","Default Title","","","","","","","","true","","","true","manual","Nets","Rope, Line & Nets","","73","72","","","","","","","","","","","","RED0102","Fishing Nets & Twines","","","","","","","","","","","","","","","","","","","","","","","","","","","","","","","","",""
"Sheet Netting Redline PE 6 Double Mesh","sheet-netting-redline-pe-6-double-mesh-03160557","<table><tbody><tr><th>ERP Material Code</th><td>RED0109</td></tr><tr><th>ERP Product Group</th><td>Fishing Nets &amp; Twines</td></tr><tr><th>Average Net Unit Weight (kg)</th><td>237.03703703703707</td></tr><tr><th>Average Gross Unit Weight (kg)</th><td>240.25925925925927</td></tr></tbody></table>","Cotesi","","Nets","Spartan import, department:rope-line-nets, category:nets, Nets, Cotesi","false","draft","03160557","","Title","Default Title","","","","","","","","true","","","true","manual","Nets","Rope, Line & Nets","","240.25925925925927","237.03703703703707","","","","","","","","","","","","RED0109","Fishing Nets & Twines","","","","","","","","","","","","","","","","","","","","","","","","","","","","","","","","",""
"SHOCK CORD 1/4 NYLON BLACK","shock-cord-1-4-nylon-black-sc08n500bkn","","NOVATEC BRAIDS LTD.","","Shock Cord","Spartan import, department:rope-line-nets, category:shock-cord, Shock Cord, NOVATEC BRAIDS LTD.","false","draft","SC08N500BKN","","Title","Default Title","","","","","","","","true","","","true","manual","Shock Cord","Rope, Line & Nets","","","","","","","","","","","","","","","","","","","","","","","","","","","","","","","","","","","","","","","","","","","","","","","","",""
"SHOCK CORD 1/4 NYLON BLACK W/ORANGE TRAC","shock-cord-1-4-nylon-black-w-orange-trac-sc08n500bkon","","NOVATEC BRAIDS LTD.","","Shock Cord","Spartan import, department:rope-line-nets, category:shock-cord, Shock Cord, NOVATEC BRAIDS LTD.","false","draft","SC08N500BKON","","Title","Default Title","","","","","","","","true","","","true","manual","Shock Cord","Rope, Line & Nets","","","","","","","","","","","","","","","","","","","","","","","","","","","","","","","","","","","","","","","","","","","","","","","","",""
"SHOCK CORD 1/4 NYLON ORANGE W/BLUE TRACE","shock-cord-1-4-nylon-orange-w-blue-trace-sc08n500obn","","NOVATEC BRAIDS LTD.","","Shock Cord","Spartan import, department:rope-line-nets, category:shock-cord, Shock Cord, NOVATEC BRAIDS LTD.","false","draft","SC08N500OBN","","Title","Default Title","","","","","","","","true","","","true","manual","Shock Cord","Rope, Line & Nets","","","","","","","","","","","","","","","","","","","","","","","","","","","","","","","","","","","","","","","","","","","","","","","","",""
"SHOCK CORD 1/4 NYLON WHITE W/GREEN & BLA","shock-cord-1-4-nylon-white-w-green-bla-sc08n500wgbkn","","NOVATEC BRAIDS LTD.","","Shock Cord","Spartan import, department:rope-line-nets, category:shock-cord, Shock Cord, NOVATEC BRAIDS LTD.","false","draft","SC08N500WGBKN","","Title","Default Title","","","","","","","","true","","","true","manual","Shock Cord","Rope, Line & Nets","","","","","","","","","","","","","","","","","","","","","","","","","","","","","","","","","","","","","","","","","","","","","","","","",""
"SHOCK CORD 3/8 NYLON WHITE","shock-cord-3-8-nylon-white-sc12n250wn","","NOVATEC BRAIDS LTD.","","Shock Cord","Spartan import, department:rope-line-nets, category:shock-cord, Shock Cord, NOVATEC BRAIDS LTD.","false","draft","SC12N250WN","","Title","Default Title","","","","","","","","true","","","true","manual","Shock Cord","Rope, Line & Nets","","","","","","","","","","","","","","","","","","","","","","","","","","","","","","","","","","","","","","","","","","","","","","","","",""
"SHOCK CORD 3/16 NYLON WHITE W/GREEN&BLAC","shock-cord-3-16-nylon-white-w-green-blac-sc06n500wgbkn","","NOVATEC BRAIDS LTD.","","Shock Cord","Spartan import, department:rope-line-nets, category:shock-cord, Shock Cord, NOVATEC BRAIDS LTD.","false","draft","SC06N500WGBKN","","Title","Default Title","","","","","","","","true","","","true","manual","Shock Cord","Rope, Line & Nets","","","","","","","","","","","","","","","","","","","","","","","","","","","","","","","","","","","","","","","","","","","","","","","","",""
"SHOCK CORD 5/16 NYLON BLACK W/ORANGE TRA","shock-cord-5-16-nylon-black-w-orange-tra-sc10n500bkon","","NOVATEC BRAIDS LTD.","","Shock Cord","Spartan import, department:rope-line-nets, category:shock-cord, Shock Cord, NOVATEC BRAIDS LTD.","false","draft","SC10N500BKON","","Title","Default Title","","","","","","","","true","","","true","manual","Shock Cord","Rope, Line & Nets","","","","","","","","","","","","","","","","","","","","","","","","","","","","","","","","","","","","","","","","","","","","","","","","",""
"SHOCK CORD 5/16 NYLON ORANGE W/BLUE TRAC","shock-cord-5-16-nylon-orange-w-blue-trac-sc10n500obn","","NOVATEC BRAIDS LTD.","","Shock Cord","Spartan import, department:rope-line-nets, category:shock-cord, Shock Cord, NOVATEC BRAIDS LTD.","false","draft","SC10N500OBN","","Title","Default Title","","","","","","","","true","","","true","manual","Shock Cord","Rope, Line & Nets","","","","","","","","","","","","","","","","","","","","","","","","","","","","","","","","","","","","","","","","","","","","","","","","",""
"SHOCK CORD 5/16 NYLON WHITE W/GREEN&BLAC","shock-cord-5-16-nylon-white-w-green-blac-sc10n500wgbkn","","NOVATEC BRAIDS LTD.","","Shock Cord","Spartan import, department:rope-line-nets, category:shock-cord, Shock Cord, NOVATEC BRAIDS LTD.","false","draft","SC10N500WGBKN","","Title","Default Title","","","","","","","","true","","","true","manual","Shock Cord","Rope, Line & Nets","","","","","","","","","","","","","","","","","","","","","","","","","","","","","","","","","","","","","","","","","","","","","","","","",""
"SHOWA 300 Latex-Coated Gloves","showa-300-latex-coated-gloves","<table><tbody><tr><th>Colour</th><td>Gray/Blue</td></tr><tr><th>Material</th><td>Natural Rubber / Cotton-Polyester</td></tr></tbody></table>","SHOWA","","Gloves","Spartan import, department:workwear-footwear, category:gloves, Gloves, SHOWA","false","draft","300LB","","Size","L","","","","","","","","true","","","true","manual","Gloves","Workwear & Footwear","","","","","","","","","","Gray/Blue","","","","","","","","","","","","","","Natural Rubber / Cotton-Polyester","","","","","","","","","","","","","","","","","","","","","","","","",""
"","showa-300-latex-coated-gloves","","","","","","","","300MB","","Size","M","","","","","","","","true","","","true","manual","","","","","","","","","","","","","","","","","","","","","","","","","","","","","","","","","","","","","","","","","","","","","","","","","","",""
"","showa-300-latex-coated-gloves","","","","","","","","300SB","","Size","S","","","","","","","","true","","","true","manual","","","","","","","","","","","","","","","","","","","","","","","","","","","","","","","","","","","","","","","","","","","","","","","","","","",""
"","showa-300-latex-coated-gloves","","","","","","","","300XLB","","Size","XL","","","","","","","","true","","","true","manual","","","","","","","","","","","","","","","","","","","","","","","","","","","","","","","","","","","","","","","","","","","","","","","","","","",""
"SHOWA 481 Chemical-Resistant Gloves","showa-481-chemical-resistant-gloves","<table><tbody><tr><th>Colour</th><td>Blue</td></tr><tr><th>Material</th><td>PVC / Cotton/Acrylic</td></tr></tbody></table>","SHOWA","","Gloves","Spartan import, department:workwear-footwear, category:gloves, Gloves, SHOWA","false","draft","481LB","","Size","L","","","","","","","","true","","","true","manual","Gloves","Workwear & Footwear","","","","","","","","","","Blue","","","","","","","","","","","","","","PVC / Cotton/Acrylic","","","","","","","","","","","","","","","","","","","","","","","","",""
"","showa-481-chemical-resistant-gloves","","","","","","","","481MB","","Size","M","","","","","","","","true","","","true","manual","","","","","","","","","","","","","","","","","","","","","","","","","","","","","","","","","","","","","","","","","","","","","","","","","","",""
"","showa-481-chemical-resistant-gloves","","","","","","","","481XLB","","Size","XL","","","","","","","","true","","","true","manual","","","","","","","","","","","","","","","","","","","","","","","","","","","","","","","","","","","","","","","","","","","","","","","","","","",""
"SHOWA 600 Chemical-Resistant Gloves","showa-600-chemical-resistant-gloves","<table><tbody><tr><th>Colour</th><td>Green</td></tr><tr><th>Material</th><td>PVC / Cotton</td></tr></tbody></table>","SHOWA","","Gloves","Spartan import, department:workwear-footwear, category:gloves, Gloves, SHOWA","false","draft","600LG","","Size","L","","","","","","","","true","","","true","manual","Gloves","Workwear & Footwear","","","","","","","","","","Green","","","","","","","","","","","","","","PVC / Cotton","","","","","","","","","","","","","","","","","","","","","","","","",""
"","showa-600-chemical-resistant-gloves","","","","","","","","600MG","","Size","M","","","","","","","","true","","","true","manual","","","","","","","","","","","","","","","","","","","","","","","","","","","","","","","","","","","","","","","","","","","","","","","","","","",""
"","showa-600-chemical-resistant-gloves","","","","","","","","600XLG","","Size","XL","","","","","","","","true","","","true","manual","","","","","","","","","","","","","","","","","","","","","","","","","","","","","","","","","","","","","","","","","","","","","","","","","","",""
"SHOWA 620 Chemical-Resistant Gloves","showa-620-chemical-resistant-gloves","<table><tbody><tr><th>Colour</th><td>Orange</td></tr><tr><th>Material</th><td>PVC / Cotton</td></tr></tbody></table>","SHOWA","","Gloves","Spartan import, department:workwear-footwear, category:gloves, Gloves, SHOWA","false","draft","620LO","","Size","L","","","","","","","","true","","","true","manual","Gloves","Workwear & Footwear","","","","","","","","","","Orange","","","","","","","","","","","","","","PVC / Cotton","","","","","","","","","","","","","","","","","","","","","","","","",""
"","showa-620-chemical-resistant-gloves","","","","","","","","620MO","","Size","M","","","","","","","","true","","","true","manual","","","","","","","","","","","","","","","","","","","","","","","","","","","","","","","","","","","","","","","","","","","","","","","","","","",""
"","showa-620-chemical-resistant-gloves","","","","","","","","620XLO","","Size","XL","","","","","","","","true","","","true","manual","","","","","","","","","","","","","","","","","","","","","","","","","","","","","","","","","","","","","","","","","","","","","","","","","","",""
"","showa-620-chemical-resistant-gloves","","","","","","","","6202XLO","","Size","2XL","","","","","","","","true","","","true","manual","","","","","","","","","","","","","","","","","","","","","","","","","","","","","","","","","","","","","","","","","","","","","","","","","","",""
"SHOWA 660 Chemical-Resistant Gloves","showa-660-chemical-resistant-gloves","<table><tbody><tr><th>Colour</th><td>Blue</td></tr><tr><th>Material</th><td>Triple PVC / Cotton</td></tr></tbody></table>","SHOWA","","Gloves","Spartan import, department:workwear-footwear, category:gloves, Gloves, SHOWA","false","draft","660LB","","Size","L","","","","","","","","true","","","true","manual","Gloves","Workwear & Footwear","","","","","","","","","","Blue","","","","","","","","","","","","","","Triple PVC / Cotton","","","","","","","","","","","","","","","","","","","","","","","","",""
"","showa-660-chemical-resistant-gloves","","","","","","","","660MB","","Size","M","","","","","","","","true","","","true","manual","","","","","","","","","","","","","","","","","","","","","","","","","","","","","","","","","","","","","","","","","","","","","","","","","","",""
"","showa-660-chemical-resistant-gloves","","","","","","","","660SB","","Size","S","","","","","","","","true","","","true","manual","","","","","","","","","","","","","","","","","","","","","","","","","","","","","","","","","","","","","","","","","","","","","","","","","","",""
"","showa-660-chemical-resistant-gloves","","","","","","","","660XLB","","Size","XL","","","","","","","","true","","","true","manual","","","","","","","","","","","","","","","","","","","","","","","","","","","","","","","","","","","","","","","","","","","","","","","","","","",""
"","showa-660-chemical-resistant-gloves","","","","","","","","6602XLB","","Size","2XL","","","","","","","","true","","","true","manual","","","","","","","","","","","","","","","","","","","","","","","","","","","","","","","","","","","","","","","","","","","","","","","","","","",""
"SHOWA 772 Chemical-Resistant Gloves","showa-772-chemical-resistant-gloves","<table><tbody><tr><th>Colour</th><td>Yellow</td></tr><tr><th>Material</th><td>Nitrile / Cotton-Polyester</td></tr></tbody></table>","SHOWA","","Gloves","Spartan import, department:workwear-footwear, category:gloves, Gloves, SHOWA","false","draft","772LY","","Size","L","","","","","","","","true","","","true","manual","Gloves","Workwear & Footwear","","","","","","","","","","Yellow","","","","","","","","","","","","","","Nitrile / Cotton-Polyester","","","","","","","","","","","","","","","","","","","","","","","","",""
"","showa-772-chemical-resistant-gloves","","","","","","","","772MY","","Size","M","","","","","","","","true","","","true","manual","","","","","","","","","","","","","","","","","","","","","","","","","","","","","","","","","","","","","","","","","","","","","","","","","","",""
"","showa-772-chemical-resistant-gloves","","","","","","","","772XLY","","Size","XL","","","","","","","","true","","","true","manual","","","","","","","","","","","","","","","","","","","","","","","","","","","","","","","","","","","","","","","","","","","","","","","","","","",""
"SHOWA TEMRES 281 Gloves","showa-temres-281-gloves","<table><tbody><tr><th>Colour</th><td>Blue</td></tr><tr><th>Material</th><td>PU on Nylon</td></tr></tbody></table>","SHOWA","","Gloves","Spartan import, department:workwear-footwear, category:gloves, Gloves, SHOWA","false","draft","281LB","","Size","L","","","","","","","","true","","","true","manual","Gloves","Workwear & Footwear","","","","","","","","","","Blue","","","","","","","","","","","","","","PU on Nylon","","","","","","","","","","","","","","","","","","","","","","","","",""
"","showa-temres-281-gloves","","","","","","","","281MB","","Size","M","","","","","","","","true","","","true","manual","","","","","","","","","","","","","","","","","","","","","","","","","","","","","","","","","","","","","","","","","","","","","","","","","","",""
"","showa-temres-281-gloves","","","","","","","","281XLB","","Size","XL","","","","","","","","true","","","true","manual","","","","","","","","","","","","","","","","","","","","","","","","","","","","","","","","","","","","","","","","","","","","","","","","","","",""
"","showa-temres-281-gloves","","","","","","","","281XXLB","","Size","2XL","","","","","","","","true","","","true","manual","","","","","","","","","","","","","","","","","","","","","","","","","","","","","","","","","","","","","","","","","","","","","","","","","","",""
"SHOWA TEMRES 282-02 Insulated Gloves","showa-temres-282-02-insulated-gloves","<table><tbody><tr><th>Colour</th><td>Black</td></tr><tr><th>Material</th><td>PU / Acrylic Liner</td></tr></tbody></table>","SHOWA","","Gloves","Spartan import, department:workwear-footwear, category:gloves, Gloves, SHOWA","false","draft","282-02LBK","","Size","L","","","","","","","","true","","","true","manual","Gloves","Workwear & Footwear","","","","","","","","","","Black","","","","","","","","","","","","","","PU / Acrylic Liner","","","","","","","","","","","","","","","","","","","","","","","","",""
"","showa-temres-282-02-insulated-gloves","","","","","","","","282-02XLBK","","Size","XL","","","","","","","","true","","","true","manual","","","","","","","","","","","","","","","","","","","","","","","","","","","","","","","","","","","","","","","","","","","","","","","","","","",""
"SHOWA TEMRES 282 Insulated Gloves","showa-temres-282-insulated-gloves","<table><tbody><tr><th>Colour</th><td>Blue</td></tr><tr><th>Material</th><td>PU / Acrylic Liner</td></tr></tbody></table>","SHOWA","","Gloves","Spartan import, department:workwear-footwear, category:gloves, Gloves, SHOWA","false","draft","282LB","","Size","L","","","","","","","","true","","","true","manual","Gloves","Workwear & Footwear","","","","","","","","","","Blue","","","","","","","","","","","","","","PU / Acrylic Liner","","","","","","","","","","","","","","","","","","","","","","","","",""
"","showa-temres-282-insulated-gloves","","","","","","","","282MB","","Size","M","","","","","","","","true","","","true","manual","","","","","","","","","","","","","","","","","","","","","","","","","","","","","","","","","","","","","","","","","","","","","","","","","","",""
"","showa-temres-282-insulated-gloves","","","","","","","","282XLB","","Size","XL","","","","","","","","true","","","true","manual","","","","","","","","","","","","","","","","","","","","","","","","","","","","","","","","","","","","","","","","","","","","","","","","","","",""
"","showa-temres-282-insulated-gloves","","","","","","","","282XXLB","","Size","2XL","","","","","","","","true","","","true","manual","","","","","","","","","","","","","","","","","","","","","","","","","","","","","","","","","","","","","","","","","","","","","","","","","","",""
"SIGNET 7"" SIDE CUTTER","signet-7-side-cutter-90027","","SIGNET TOOL INC.","","Cutting Tools","Spartan import, department:maintenance-supplies, category:cutting-tools, Cutting Tools, SIGNET TOOL INC.","false","draft","90027","","Title","Default Title","","","","","","","","true","249","g","true","manual","Cutting Tools","Maintenance & Supplies","","","","","","","","","","","","","","","","","","","","","","","","","","","","","","","","","","","","","","","","","","","","","","","","",""
"Sisal wrapping twine Armar B 600m/kg 3PL","sisal-wrapping-twine-armar-b-600m-kg-3pl-07020009","<table><tbody><tr><th>ERP Material Code</th><td>FCS0002</td></tr><tr><th>ERP Product Group</th><td>Ropes</td></tr><tr><th>Average Net Unit Weight (kg)</th><td>22.5</td></tr><tr><th>Average Gross Unit Weight (kg)</th><td>23.8</td></tr></tbody></table>","Cotesi","","Rope","Spartan import, department:rope-line-nets, category:rope, Rope, Cotesi","false","draft","07020009","","Title","Default Title","","","","","","","","true","","","true","manual","Rope","Rope, Line & Nets","","23.8","22.5","","","","","","","","","","","","FCS0002","Ropes","","","","","","","","","","","","","","","","","","","","","","","","","","","","","","","","",""
"SLEEVE 5/8 DUPLEX ALUM","sleeve-5-8-duplex-alum-aos40x","SLEEVE 5/8 DUPLEX ALUM
<table><tbody><tr><th>Brand</th><td>/</td></tr><tr><th>Cable Size (in)</th><td>5/8&quot;</td></tr><tr><th>Outside Diameter After Swage (in)</th><td>/</td></tr><tr><th>Dimensions (in)</th><td>5/8&quot;</td></tr></tbody></table>","Qindao","","Sleeves","Spartan import, department:rigging-hardware, category:sleeves, Sleeves, Qindao","false","draft","AOS40X","","Title","Default Title","","","","","","","","true","","","true","manual","Sleeves","Rigging Hardware","","","","","/","5/8""","","","","","","","5/8""","","","","","","","","","","","","","","","/","","","","","","","","","","","","","","","","","","","","",""
"SLEEVE 7/32 DUPLEX ALUM","sleeve-7-32-duplex-alum-aos14x","SLEEVE 7/32 DUPLEX ALUM
<table><tbody><tr><th>Brand</th><td>/</td></tr><tr><th>Cable Size (in)</th><td>7/32&quot;</td></tr><tr><th>Outside Diameter After Swage (in)</th><td>/</td></tr><tr><th>Dimensions (in)</th><td>7/32&quot;</td></tr></tbody></table>","Qindao","","Sleeves","Spartan import, department:rigging-hardware, category:sleeves, Sleeves, Qindao","false","draft","AOS14X","","Title","Default Title","","","","","","","","true","","","true","manual","Sleeves","Rigging Hardware","","","","","/","7/32""","","","","","","","7/32""","","","","","","","","","","","","","","","/","","","","","","","","","","","","","","","","","","","","",""
"SLEEVE 7/32"" DUPLEX COPPER","sleeve-7-32-duplex-copper-cos14","SLEEVE 7/32"" DUPLEX COPPER
<table><tbody><tr><th>Brand</th><td>/</td></tr><tr><th>Cable Size (in)</th><td>7/32&quot;</td></tr><tr><th>Outside Diameter After Swage (in)</th><td>/</td></tr><tr><th>Dimensions (in)</th><td>7/32&quot;</td></tr></tbody></table>","Qindao","","Sleeves","Spartan import, department:rigging-hardware, category:sleeves, Sleeves, Qindao","false","draft","COS14","","Title","Default Title","","","","","","","","true","","","true","manual","Sleeves","Rigging Hardware","","","","","/","7/32""","","","","","","","7/32""","","","","","","","","","","","","","","","/","","","","","","","","","","","","","","","","","","","","",""
"SLEEVES 1SIZE BLUE STORMLINE-200","sleeves-1size-blue-stormline-200-202bb","<table><tbody><tr><th>Size</th><td>One size</td></tr><tr><th>Material</th><td>PVC</td></tr><tr><th>Colour</th><td>Blue</td></tr></tbody></table>","STORMLINE CANADA","","Sleeves","Spartan import, department:rigging-hardware, category:sleeves, Sleeves, STORMLINE CANADA","false","draft","202BB","","Title","Default Title","","","","","","","","true","","","true","manual","Sleeves","Rigging Hardware","","","","","","","","","","Blue","","","","","","","","","","","","","","PVC","","","","","","","One size","","","","","","","","","","","","","","","","","",""
"SLEEVES 1SIZE GREEN","sleeves-1size-green-17-11g","","OCEAN TEXTILE A/S","","Sleeves","Spartan import, department:rigging-hardware, category:sleeves, Sleeves, OCEAN TEXTILE A/S","false","draft","17-11G","","Title","Default Title","","","","","","","","true","","","true","manual","Sleeves","Rigging Hardware","","","","","","","","","","","","","","","","","","","","","","","","","","","","","","","","","","","","","","","","","","","","","","","","",""
"SLEEVES 1SIZE WHITE","sleeves-1size-white-17-11w","","OCEAN TEXTILE A/S","","Sleeves","Spartan import, department:rigging-hardware, category:sleeves, Sleeves, OCEAN TEXTILE A/S","false","draft","17-11W","","Title","Default Title","","","","","","","","true","","","true","manual","Sleeves","Rigging Hardware","","","","","","","","","","","","","","","","","","","","","","","","","","","","","","","","","","","","","","","","","","","","","","","","",""
"SNAP SWORDFISH 3.25MM X 125MM W/O SWIVEL","snap-swordfish-3-25mm-x-125mm-w-o-swivel-35550005","","SEA MASTER ENTERPRISE CO LTD","","Snaps","Spartan import, department:rigging-hardware, category:snaps, Snaps, SEA MASTER ENTERPRISE CO LTD","false","draft","35550005","","Title","Default Title","","","","","","","","true","","","true","manual","Snaps","Rigging Hardware","","","","","","","","","","","","","","","","","","","","","","","","","","","","","","","","","","","","","","","","","","","","","","","","",""
"SNAP SWORDFISH MINI FITS 5/16 LINE","snap-swordfish-mini-fits-5-16-line-35550021","","INTERNATIONAL LONGLINE SUPPLY","","Snaps","Spartan import, department:rigging-hardware, category:snaps, Snaps, INTERNATIONAL LONGLINE SUPPLY","false","draft","35550021","","Title","Default Title","","","","","","","","true","14515","g","true","manual","Snaps","Rigging Hardware","","","","","","","","","","","","","","","","","","","","","","","","","","","","","","","","","","","","","","","","","","","","","","","","",""
"SPINDLE BLACK","spindle-black-gd-7-sp-bk","","GO DEEP INTERNATIONAL INC","","Buoys","Spartan import, department:safety-buoys-survival, category:buoys, Buoys, GO DEEP INTERNATIONAL INC","false","draft","GD-7-SP-BK","","Title","Default Title","","","","","","","","true","","","true","manual","Buoys","Safety, Buoys & Survival","","","","","","","","","","","","","","","","","","","","","","","","","","","","","","","","","","","","","","","","","","","","","","","","",""
"SPINDLE BLUE","spindle-blue-gd-7-sp-bu","","GO DEEP INTERNATIONAL INC","","Buoys","Spartan import, department:safety-buoys-survival, category:buoys, Buoys, GO DEEP INTERNATIONAL INC","false","draft","GD-7-SP-BU","","Title","Default Title","","","","","","","","true","","","true","manual","Buoys","Safety, Buoys & Survival","","","","","","","","","","","","","","","","","","","","","","","","","","","","","","","","","","","","","","","","","","","","","","","","",""
"SPINDLE GREEN","spindle-green-gd-7-sp-gn","","GO DEEP INTERNATIONAL INC","","Buoys","Spartan import, department:safety-buoys-survival, category:buoys, Buoys, GO DEEP INTERNATIONAL INC","false","draft","GD-7-SP-GN","","Title","Default Title","","","","","","","","true","","","true","manual","Buoys","Safety, Buoys & Survival","","","","","","","","","","","","","","","","","","","","","","","","","","","","","","","","","","","","","","","","","","","","","","","","",""
"SPINDLE ORANGE","spindle-orange-gd-7-sp-or","","GO DEEP INTERNATIONAL INC","","Buoys","Spartan import, department:safety-buoys-survival, category:buoys, Buoys, GO DEEP INTERNATIONAL INC","false","draft","GD-7-SP-OR","","Title","Default Title","","","","","","","","true","","","true","manual","Buoys","Safety, Buoys & Survival","","","","","","","","","","","","","","","","","","","","","","","","","","","","","","","","","","","","","","","","","","","","","","","","",""
"SPINDLE PINK","spindle-pink-gd-7-sp-pk","","GO DEEP INTERNATIONAL INC","","Buoys","Spartan import, department:safety-buoys-survival, category:buoys, Buoys, GO DEEP INTERNATIONAL INC","false","draft","GD-7-SP-PK","","Title","Default Title","","","","","","","","true","","","true","manual","Buoys","Safety, Buoys & Survival","","","","","","","","","","","","","","","","","","","","","","","","","","","","","","","","","","","","","","","","","","","","","","","","",""
"SPINDLE RED","spindle-red-gd-7-sp-rd","","GO DEEP INTERNATIONAL INC","","Buoys","Spartan import, department:safety-buoys-survival, category:buoys, Buoys, GO DEEP INTERNATIONAL INC","false","draft","GD-7-SP-RD","","Title","Default Title","","","","","","","","true","","","true","manual","Buoys","Safety, Buoys & Survival","","","","","","","","","","","","","","","","","","","","","","","","","","","","","","","","","","","","","","","","","","","","","","","","",""
"SPINDLE WHITE","spindle-white-gd-7-sp-wh","","GO DEEP INTERNATIONAL INC","","Buoys","Spartan import, department:safety-buoys-survival, category:buoys, Buoys, GO DEEP INTERNATIONAL INC","false","draft","GD-7-SP-WH","","Title","Default Title","","","","","","","","true","","","true","manual","Buoys","Safety, Buoys & Survival","","","","","","","","","","","","","","","","","","","","","","","","","","","","","","","","","","","","","","","","","","","","","","","","",""
"SPINDLE YELLOW","spindle-yellow-gd-7-sp-yw","","GO DEEP INTERNATIONAL INC","","Buoys","Spartan import, department:safety-buoys-survival, category:buoys, Buoys, GO DEEP INTERNATIONAL INC","false","draft","GD-7-SP-YW","","Title","Default Title","","","","","","","","true","","","true","manual","Buoys","Safety, Buoys & Survival","","","","","","","","","","","","","","","","","","","","","","","","","","","","","","","","","","","","","","","","","","","","","","","","",""
"STAPLES 7/8IN GALV","staples-7-8in-galv-24020403","<table><tbody><tr><th>Size</th><td>10.5x10x8 in</td></tr></tbody></table>","DUCHESNE LTD.","","Staples","Spartan import, department:maintenance-supplies, category:staples, Staples, DUCHESNE LTD.","false","draft","24020403","","Title","Default Title","","","","","","","","true","22680","g","true","manual","Staples","Maintenance & Supplies","","","","","","","","","","","","","","","","","","","","","","","","","","","","","","","10.5x10x8 in","","","","","","","","","","","","","","","","","",""
"STAPLES 7/16X1-1/4IN SS","staples-7-16x1-1-4in-ss-35380179","<table><tbody><tr><th>Size</th><td>4.68 x 3.56 X 1.55</td></tr></tbody></table>","BISSETT FASTENERS LTD","","Staples","Spartan import, department:maintenance-supplies, category:staples, Staples, BISSETT FASTENERS LTD","false","draft","35380179","","Title","Default Title","","","","","","","","true","","","true","manual","Staples","Maintenance & Supplies","","","","","","","","","","","","","","","","","","","","","","","","","","","","","","","4.68 x 3.56 X 1.55","","","","","","","","","","","","","","","","","",""
"STOP 3/8 ALUM BUTTON","stop-3-8-alum-button-ass24","STOP 3/8 ALUM BUTTON
<table><tbody><tr><th>Brand</th><td>/</td></tr><tr><th>Cable Size (in)</th><td>3/8&quot;</td></tr><tr><th>Outside Diameter After Swage (in)</th><td>/</td></tr><tr><th>Dimensions (in)</th><td>3/8&quot;</td></tr><tr><th>Outside Diameter (in)</th><td>/</td></tr><tr><th>Inside Diameter (in)</th><td>/</td></tr></tbody></table>","Qindao","","Buttons","Spartan import, department:maintenance-supplies, category:buttons, Buttons, Qindao","false","draft","ASS24","","Title","Default Title","","","","","","","","true","8","g","true","manual","Buttons","Maintenance & Supplies","","","","","/","3/8""","","","","","","","3/8""","","","","","","","","","/","","","","","/","/","","","","","","","","","","","","","","","","","","","","",""
"STOP 5/64 ALUM BUTTON","stop-5-64-alum-button-ass05","STOP 5/64 ALUM BUTTON
<table><tbody><tr><th>Brand</th><td>/</td></tr><tr><th>Cable Size (in)</th><td>/</td></tr><tr><th>Outside Diameter After Swage (in)</th><td>/</td></tr><tr><th>Dimensions (in)</th><td>/</td></tr><tr><th>Outside Diameter (in)</th><td>/</td></tr><tr><th>Inside Diameter (in)</th><td>/</td></tr></tbody></table>","Qindao","","Buttons","Spartan import, department:maintenance-supplies, category:buttons, Buttons, Qindao","false","draft","ASS05","","Title","Default Title","","","","","","","","true","0","g","true","manual","Buttons","Maintenance & Supplies","","","","","/","/","","","","","","","/","","","","","","","","","/","","","","","/","/","","","","","","","","","","","","","","","","","","","","",""
"Stormline Heavy Duty Foul Weather Jacket — Blue/Neon","stormline-heavy-duty-foul-weather-jacket-blue-neon","<table><tbody><tr><th>Material</th><td>PVC</td></tr><tr><th>Colour</th><td>Blue/Neon</td></tr></tbody></table>","STORMLINE CANADA","","Jacket","Spartan import, department:workwear-footwear, category:jackets, Jackets, STORMLINE CANADA","false","draft","211LB","","Size","L","","","","","","","","true","","","true","manual","Jackets","Workwear & Footwear","","","","","","","","","","Blue/Neon","","","","","","","","","","","","","","PVC","","","","","","","","","","","","","","","","","","","","","","","","",""
"","stormline-heavy-duty-foul-weather-jacket-blue-neon","","","","","","","","211MB","","Size","M","","","","","","","","true","","","true","manual","","","","","","","","","","","","","","","","","","","","","","","","","","","","","","","","","","","","","","","","","","","","","","","","","","",""
"","stormline-heavy-duty-foul-weather-jacket-blue-neon","","","","","","","","211SB","","Size","S","","","","","","","","true","","","true","manual","","","","","","","","","","","","","","","","","","","","","","","","","","","","","","","","","","","","","","","","","","","","","","","","","","",""
"","stormline-heavy-duty-foul-weather-jacket-blue-neon","","","","","","","","211XLB","","Size","XL","","","","","","","","true","","","true","manual","","","","","","","","","","","","","","","","","","","","","","","","","","","","","","","","","","","","","","","","","","","","","","","","","","",""
"","stormline-heavy-duty-foul-weather-jacket-blue-neon","","","","","","","","2112XLB","","Size","2XL","","","","","","","","true","","","true","manual","","","","","","","","","","","","","","","","","","","","","","","","","","","","","","","","","","","","","","","","","","","","","","","","","","",""
"Stormline Heavy Weight Bib — Blue/Neon","stormline-heavy-weight-bib-blue-neon","<table><tbody><tr><th>Material</th><td>PVC</td></tr><tr><th>Colour</th><td>Blue/Neon</td></tr></tbody></table>","STORMLINE CANADA","","Bib and Brace","Spartan import, department:workwear-footwear, category:pants, Pants, STORMLINE CANADA","false","draft","654LB","","Size","L","","","","","","","","true","","","true","manual","Pants","Workwear & Footwear","","","","","","","","","","Blue/Neon","","","","","","","","","","","","","","PVC","","","","","","","","","","","","","","","","","","","","","","","","",""
"","stormline-heavy-weight-bib-blue-neon","","","","","","","","654MB","","Size","M","","","","","","","","true","","","true","manual","","","","","","","","","","","","","","","","","","","","","","","","","","","","","","","","","","","","","","","","","","","","","","","","","","",""
"","stormline-heavy-weight-bib-blue-neon","","","","","","","","654SB","","Size","S","","","","","","","","true","","","true","manual","","","","","","","","","","","","","","","","","","","","","","","","","","","","","","","","","","","","","","","","","","","","","","","","","","",""
"","stormline-heavy-weight-bib-blue-neon","","","","","","","","654XLB","","Size","XL","","","","","","","","true","","","true","manual","","","","","","","","","","","","","","","","","","","","","","","","","","","","","","","","","","","","","","","","","","","","","","","","","","",""
"","stormline-heavy-weight-bib-blue-neon","","","","","","","","6542XLB","","Size","2XL","","","","","","","","true","","","true","manual","","","","","","","","","","","","","","","","","","","","","","","","","","","","","","","","","","","","","","","","","","","","","","","","","","",""
"SUIT 2XLARGE FLOATATION CLASSIC ORANGE","suit-2xlarge-floatation-classic-orange-ms1852xlo","<table><tbody><tr><th>Size</th><td>Item Length (in) - 22.0&quot; / Item Width (in) - 24.0&quot; / Item Height (in) - 4.0&quot;</td></tr><tr><th>Colour</th><td>ORANGE</td></tr></tbody></table>","MUSTANG SURVIVAL ULC","","Immersion Suits","Spartan import, department:safety-buoys-survival, category:immersion-suits, Immersion Suits, MUSTANG SURVIVAL ULC","false","draft","MS1852XLO","","Title","Default Title","","","","","","","","true","-2449","g","true","manual","Immersion Suits","Safety, Buoys & Survival","","","","","","","","","","ORANGE","","","","","","","","","","","","","","","","","","","","","Item Length (in) - 22.0"" / Item Width (in) - 24.0"" / Item Height (in) - 4.0""","","","","","","","","","","","","","","","","","",""
"SUIT 3XLARGE FLOATATION CLASSIC","suit-3xlarge-floatation-classic-ms1853xlo","<table><tbody><tr><th>Size</th><td>Item Length (in) - 22.0&quot; / Item Width (in) - 24.0&quot; / Item Height (in) - 4.0&quot;</td></tr><tr><th>Colour</th><td>ORANGE</td></tr></tbody></table>","MUSTANG SURVIVAL ULC","","Immersion Suits","Spartan import, department:safety-buoys-survival, category:immersion-suits, Immersion Suits, MUSTANG SURVIVAL ULC","false","draft","MS1853XLO","","Title","Default Title","","","","","","","","true","-2449","g","true","manual","Immersion Suits","Safety, Buoys & Survival","","","","","","","","","","ORANGE","","","","","","","","","","","","","","","","","","","","","Item Length (in) - 22.0"" / Item Width (in) - 24.0"" / Item Height (in) - 4.0""","","","","","","","","","","","","","","","","","",""
"SUIT LARGE FLOATATION CLASSIC ORANGE","suit-large-floatation-classic-orange-ms185lo","<table><tbody><tr><th>Size</th><td>Item Length (in) - 22.0&quot; / Item Width (in) - 24.0&quot; / Item Height (in) - 4.0&quot;</td></tr><tr><th>Colour</th><td>ORANGE</td></tr></tbody></table>","MUSTANG SURVIVAL ULC","","Immersion Suits","Spartan import, department:safety-buoys-survival, category:immersion-suits, Immersion Suits, MUSTANG SURVIVAL ULC","false","draft","MS185LO","","Title","Default Title","","","","","","","","true","-2449","g","true","manual","Immersion Suits","Safety, Buoys & Survival","","","","","","","","","","ORANGE","","","","","","","","","","","","","","","","","","","","","Item Length (in) - 22.0"" / Item Width (in) - 24.0"" / Item Height (in) - 4.0""","","","","","","","","","","","","","","","","","",""
"SUIT MEDIUM FLOATATION CLASSIC ORANGE","suit-medium-floatation-classic-orange-ms185mo","<table><tbody><tr><th>Size</th><td>Item Length (in) - 22.0&quot; / Item Width (in) - 24.0&quot; / Item Height (in) - 4.0&quot;</td></tr><tr><th>Colour</th><td>ORANGE</td></tr></tbody></table>","MUSTANG SURVIVAL ULC","","Immersion Suits","Spartan import, department:safety-buoys-survival, category:immersion-suits, Immersion Suits, MUSTANG SURVIVAL ULC","false","draft","MS185MO","","Title","Default Title","","","","","","","","true","-2449","g","true","manual","Immersion Suits","Safety, Buoys & Survival","","","","","","","","","","ORANGE","","","","","","","","","","","","","","","","","","","","","Item Length (in) - 22.0"" / Item Width (in) - 24.0"" / Item Height (in) - 4.0""","","","","","","","","","","","","","","","","","",""
"SUIT SMALL FLOATATION CLASSIC","suit-small-floatation-classic-ms185so","<table><tbody><tr><th>Size</th><td>Item Length (in) - 22.0&quot; / Item Width (in) - 24.0&quot; / Item Height (in) - 4.0&quot;</td></tr><tr><th>Colour</th><td>ORANGE</td></tr></tbody></table>","MUSTANG SURVIVAL ULC","","Immersion Suits","Spartan import, department:safety-buoys-survival, category:immersion-suits, Immersion Suits, MUSTANG SURVIVAL ULC","false","draft","MS185SO","","Title","Default Title","","","","","","","","true","-2449","g","true","manual","Immersion Suits","Safety, Buoys & Survival","","","","","","","","","","ORANGE","","","","","","","","","","","","","","","","","","","","","Item Length (in) - 22.0"" / Item Width (in) - 24.0"" / Item Height (in) - 4.0""","","","","","","","","","","","","","","","","","",""
"SUIT XLARGE FLOATATION CLASSIC ORANGE","suit-xlarge-floatation-classic-orange-ms185xlo","<table><tbody><tr><th>Size</th><td>Item Length (in) - 22.0&quot; / Item Width (in) - 24.0&quot; / Item Height (in) - 4.0&quot;</td></tr><tr><th>Colour</th><td>ORANGE</td></tr></tbody></table>","MUSTANG SURVIVAL ULC","","Immersion Suits","Spartan import, department:safety-buoys-survival, category:immersion-suits, Immersion Suits, MUSTANG SURVIVAL ULC","false","draft","MS185XLO","","Title","Default Title","","","","","","","","true","-2449","g","true","manual","Immersion Suits","Safety, Buoys & Survival","","","","","","","","","","ORANGE","","","","","","","","","","","","","","","","","","","","","Item Length (in) - 22.0"" / Item Width (in) - 24.0"" / Item Height (in) - 4.0""","","","","","","","","","","","","","","","","","",""
"SWIVEL BARREL 6/0 NICKEL","swivel-barrel-6-0-nickel-34020005","","ROSCO (ROME SPECIALTIES CO)","","Swivels","Spartan import, department:rigging-hardware, category:swivels, Swivels, ROSCO (ROME SPECIALTIES CO)","false","draft","34020005","","Title","Default Title","","","","","","","","true","","","true","manual","Swivels","Rigging Hardware","","","","","","","","","","","","","","","","","","","","","","","","","","","","","","","","","","","","","","","","","","","","","","","","",""
"TAPE CONSPICUITY BLUE","tape-conspicuity-blue-ap1000b","<table><tbody><tr><th>Colour</th><td>Blue</td></tr><tr><th>Width</th><td>2&quot;</td></tr><tr><th>Length</th><td>150'</td></tr></tbody></table>","SECURITY TRIM","","Reflective Tape","Spartan import, department:safety-buoys-survival, category:reflective-tape, Reflective Tape, SECURITY TRIM","false","draft","AP1000B","","Title","Default Title","","","","","","","","true","907","g","true","manual","Reflective Tape","Safety, Buoys & Survival","","","","","","","","","","Blue","","","","","","","","","","","","","150'","","","","","","","","","","","","","","","","","","","","","","","2""","","",""
"TAPE CONSPICUITY ORANGE","tape-conspicuity-orange-ap1000o","<table><tbody><tr><th>Colour</th><td>Orange</td></tr><tr><th>Width</th><td>2&quot;</td></tr><tr><th>Length</th><td>150'</td></tr></tbody></table>","SECURITY TRIM","","Reflective Tape","Spartan import, department:safety-buoys-survival, category:reflective-tape, Reflective Tape, SECURITY TRIM","false","draft","AP1000O","","Title","Default Title","","","","","","","","true","907","g","true","manual","Reflective Tape","Safety, Buoys & Survival","","","","","","","","","","Orange","","","","","","","","","","","","","150'","","","","","","","","","","","","","","","","","","","","","","","2""","","",""
"TAPE CONSPICUITY RED","tape-conspicuity-red-ap1000r","<table><tbody><tr><th>Colour</th><td>Red</td></tr><tr><th>Width</th><td>2&quot;</td></tr><tr><th>Length</th><td>150'</td></tr></tbody></table>","SECURITY TRIM","","Reflective Tape","Spartan import, department:safety-buoys-survival, category:reflective-tape, Reflective Tape, SECURITY TRIM","false","draft","AP1000R","","Title","Default Title","","","","","","","","true","907","g","true","manual","Reflective Tape","Safety, Buoys & Survival","","","","","","","","","","Red","","","","","","","","","","","","","150'","","","","","","","","","","","","","","","","","","","","","","","2""","","",""
"TAPE CONSPICUITY SILVER-METALLIIZED-WHIT","tape-conspicuity-silver-metalliized-whit-ap1000s","<table><tbody><tr><th>Colour</th><td>White</td></tr><tr><th>Width</th><td>2&quot;</td></tr><tr><th>Length</th><td>150'</td></tr></tbody></table>","SECURITY TRIM","","Reflective Tape","Spartan import, department:safety-buoys-survival, category:reflective-tape, Reflective Tape, SECURITY TRIM","false","draft","AP1000S","","Title","Default Title","","","","","","","","true","907","g","true","manual","Reflective Tape","Safety, Buoys & Survival","","","","","","","","","","White","","","","","","","","","","","","","150'","","","","","","","","","","","","","","","","","","","","","","","2""","","",""
"TAPE CONSPICUITY YELLOW","tape-conspicuity-yellow-ap1000y","<table><tbody><tr><th>Colour</th><td>Yellow</td></tr><tr><th>Width</th><td>2&quot;</td></tr><tr><th>Length</th><td>150'</td></tr></tbody></table>","SECURITY TRIM","","Reflective Tape","Spartan import, department:safety-buoys-survival, category:reflective-tape, Reflective Tape, SECURITY TRIM","false","draft","AP1000Y","","Title","Default Title","","","","","","","","true","907","g","true","manual","Reflective Tape","Safety, Buoys & Survival","","","","","","","","","","Yellow","","","","","","","","","","","","","150'","","","","","","","","","","","","","","","","","","","","","","","2""","","",""
"THIMBLE 1-1/8-1-1/4 GALV","thimble-1-1-8-1-1-4-galv-g41118x","THIMBLE 1-1/8-1-1/4 GALV
<table><tbody><tr><th>Brand</th><td>/</td></tr><tr><th>Size (in)</th><td>/</td></tr><tr><th>Material</th><td>/</td></tr><tr><th>Supplier Type Code</th><td>/</td></tr><tr><th>Certification Standard</th><td>/</td></tr></tbody></table>","Qindao","","Thimbles","Spartan import, department:rigging-hardware, category:thimbles, Thimbles, Qindao","false","draft","G41118X","","Title","Default Title","","","","","","","","true","0","g","true","manual","Thimbles","Rigging Hardware","","","","","/","","","","/","","","","","","","","","","","","","","","/","","","","","","","","/","","","","","","","/","","","","","","","","","",""
"THIMBLE 3/8 LD SS304","thimble-3-8-ld-ss304-ss41106x","THIMBLE 3/8 LD SS304
<table><tbody><tr><th>Brand</th><td>non-brand</td></tr><tr><th>Size (in)</th><td>3/8&quot;</td></tr><tr><th>Material</th><td>SS304</td></tr><tr><th>Supplier Type Code</th><td>G411</td></tr><tr><th>Certification Standard</th><td>FF-T-276C - Thimbles</td></tr></tbody></table>","Qindao","","Thimbles","Spartan import, department:rigging-hardware, category:thimbles, Thimbles, Qindao","false","draft","SS41106X","","Title","Default Title","","","","","","","","true","0","g","true","manual","Thimbles","Rigging Hardware","","","","","non-brand","","","","FF-T-276C - Thimbles","","","","","","","","","","","","","","","SS304","","","","","","","","3/8""","","","","","","","G411","","","","","","","","","",""
"TURNBUCKLE 1-1/2X24 STUB END","turnbuckle-1-1-2x24-stub-end-hs2512424x","/
<table><tbody><tr><th>Brand</th><td>/</td></tr><tr><th>Size (in)</th><td>/</td></tr><tr><th>Working Load Limit (lb)</th><td>/</td></tr><tr><th>Material</th><td>/</td></tr><tr><th>End Fitting Type</th><td>/</td></tr><tr><th>Take-Up Length / J Length (in)</th><td>/</td></tr><tr><th>Certification Standard</th><td>/</td></tr></tbody></table>","Qindao","","Turnbuckles","Spartan import, department:rigging-hardware, category:turnbuckles, Turnbuckles, Qindao","false","draft","HS2512424X","","Title","Default Title","","","","","","","","true","0","g","true","manual","Turnbuckles","Rigging Hardware","","","","","/","","","","/","","","","","/","","","","","","","","","","/","","","","","","","","/","","","","","","","","/","","","","","","","","/",""
"TURNBUCKLE 1-1/4X24 EYE&EYE","turnbuckle-1-1-4x24-eye-eye-hg2262024lnx","TURNBUCKLE 1-1/4X24 EYE&EYE
<table><tbody><tr><th>Brand</th><td>Q</td></tr><tr><th>Size (in)</th><td>1-1/4X24</td></tr><tr><th>Working Load Limit (lb)</th><td>15200</td></tr><tr><th>Material</th><td>45#</td></tr><tr><th>End Fitting Type</th><td>EYE&amp;EYE</td></tr><tr><th>Take-Up Length / J Length (in)</th><td>24</td></tr><tr><th>Certification Standard</th><td>FF-T-791b Turnbuckles</td></tr></tbody></table>","Qindao","","Turnbuckles","Spartan import, department:rigging-hardware, category:turnbuckles, Turnbuckles, Qindao","false","draft","HG2262024LNX","","Title","Default Title","","","","","","","","true","12701","g","true","manual","Turnbuckles","Rigging Hardware","","","","","Q","","","","FF-T-791b Turnbuckles","","","","","EYE&EYE","","","","","","","","","","45#","","","","","","","","1-1/4X24","","","","","","","","24","","","","","","","","15200",""
"TURNBUCKLE 1/2X6 BODY","turnbuckle-1-2x6-body-hg25100806x","TURNBUCKLE 1/2X6 BODY
<table><tbody><tr><th>Brand</th><td>Q</td></tr><tr><th>Size (in)</th><td>1/2X6</td></tr><tr><th>Working Load Limit (lb)</th><td>2200</td></tr><tr><th>Material</th><td>45#</td></tr><tr><th>End Fitting Type</th><td>BODY</td></tr><tr><th>Take-Up Length / J Length (in)</th><td>6</td></tr><tr><th>Certification Standard</th><td>FF-T-791b Turnbuckles</td></tr></tbody></table>","Qindao","","Turnbuckles","Spartan import, department:rigging-hardware, category:turnbuckles, Turnbuckles, Qindao","false","draft","HG25100806X","","Title","Default Title","","","","","","","","true","272","g","true","manual","Turnbuckles","Rigging Hardware","","","","","Q","","","","FF-T-791b Turnbuckles","","","","","BODY","","","","","","","","","","45#","","","","","","","","1/2X6","","","","","","","","6","","","","","","","","2200",""
"TURNBUCKLE 1X12 JAW&EYE GALV","turnbuckle-1x12-jaw-eye-galv-hg2271612lnx","TURNBUCKLE 1X12 JAW&EYE GALV
<table><tbody><tr><th>Brand</th><td>Q</td></tr><tr><th>Size (in)</th><td>1X12</td></tr><tr><th>Working Load Limit (lb)</th><td>10000</td></tr><tr><th>Material</th><td>45#</td></tr><tr><th>End Fitting Type</th><td>JAW&amp;EYE</td></tr><tr><th>Take-Up Length / J Length (in)</th><td>12</td></tr><tr><th>Certification Standard</th><td>FF-T-791b Turnbuckles</td></tr></tbody></table>","Qindao","","Turnbuckles","Spartan import, department:rigging-hardware, category:turnbuckles, Turnbuckles, Qindao","false","draft","HG2271612LNX","","Title","Default Title","","","","","","","","true","5352","g","true","manual","Turnbuckles","Rigging Hardware","","","","","Q","","","","FF-T-791b Turnbuckles","","","","","JAW&EYE","","","","","","","","","","45#","","","","","","","","1X12","","","","","","","","12","","","","","","","","10000",""
"TURNBUCKLE 3/4X9 HOOK&EYE GALV","turnbuckle-3-4x9-hook-eye-galv-hg2251209lnx","TURNBUCKLE 3/4X9 HOOK&EYE GALV
<table><tbody><tr><th>Brand</th><td>Q</td></tr><tr><th>Size (in)</th><td>3/4X9</td></tr><tr><th>Working Load Limit (lb)</th><td>3000</td></tr><tr><th>Material</th><td>45#</td></tr><tr><th>End Fitting Type</th><td>HOOK&amp;EYE</td></tr><tr><th>Take-Up Length / J Length (in)</th><td>9</td></tr><tr><th>Certification Standard</th><td>FF-T-791b Turnbuckles</td></tr></tbody></table>","Qindao","","Turnbuckles","Spartan import, department:rigging-hardware, category:turnbuckles, Turnbuckles, Qindao","false","draft","HG2251209LNX","","Title","Default Title","","","","","","","","true","2087","g","true","manual","Turnbuckles","Rigging Hardware","","","","","Q","","","","FF-T-791b Turnbuckles","","","","","HOOK&EYE","","","","","","","","","","45#","","","","","","","","3/4X9","","","","","","","","9","","","","","","","","3000",""
"TURNBUCKLE 3/4X12 JAW&EYE","turnbuckle-3-4x12-jaw-eye-hg2271212lnx","TURNBUCKLE 3/4X12 JAW&EYE
<table><tbody><tr><th>Brand</th><td>Q</td></tr><tr><th>Size (in)</th><td>3/4X12</td></tr><tr><th>Working Load Limit (lb)</th><td>5200</td></tr><tr><th>Material</th><td>45#</td></tr><tr><th>End Fitting Type</th><td>JAW&amp;EYE</td></tr><tr><th>Take-Up Length / J Length (in)</th><td>12</td></tr><tr><th>Certification Standard</th><td>FF-T-791b Turnbuckles</td></tr></tbody></table>","Qindao","","Turnbuckles","Spartan import, department:rigging-hardware, category:turnbuckles, Turnbuckles, Qindao","false","draft","HG2271212LNX","","Title","Default Title","","","","","","","","true","3007","g","true","manual","Turnbuckles","Rigging Hardware","","","","","Q","","","","FF-T-791b Turnbuckles","","","","","JAW&EYE","","","","","","","","","","45#","","","","","","","","3/4X12","","","","","","","","12","","","","","","","","5200",""
"TURNBUCKLE 5/16X4-1/2 JAW&EYE GALV","turnbuckle-5-16x4-1-2-jaw-eye-galv-hg2270504-5x","TURNBUCKLE 5/16X4-1/2 JAW&EYE GALV
<table><tbody><tr><th>Brand</th><td>Q</td></tr><tr><th>Size (in)</th><td>5/16X4-1/2</td></tr><tr><th>Working Load Limit (lb)</th><td>800</td></tr><tr><th>Material</th><td>45#</td></tr><tr><th>End Fitting Type</th><td>JAW&amp;EYE</td></tr><tr><th>Take-Up Length / J Length (in)</th><td>4-1/2</td></tr><tr><th>Certification Standard</th><td>FF-T-791b Turnbuckles</td></tr></tbody></table>","Qindao","","Turnbuckles","Spartan import, department:rigging-hardware, category:turnbuckles, Turnbuckles, Qindao","false","draft","HG2270504-5X","","Title","Default Title","","","","","","","","true","231","g","true","manual","Turnbuckles","Rigging Hardware","","","","","Q","","","","FF-T-791b Turnbuckles","","","","","JAW&EYE","","","","","","","","","","45#","","","","","","","","5/16X4-1/2","","","","","","","","4-1/2","","","","","","","","800",""
"TURNBUCKLE 7/8X6 STUB END","turnbuckle-7-8x6-stub-end-hs2511406x","TURNBUCKLE 7/8X6 STUB END
<table><tbody><tr><th>Brand</th><td>Q</td></tr><tr><th>Size (in)</th><td>7/8X6</td></tr><tr><th>Working Load Limit (lb)</th><td>7200</td></tr><tr><th>Material</th><td>45#</td></tr><tr><th>End Fitting Type</th><td>STUB END</td></tr><tr><th>Take-Up Length / J Length (in)</th><td>6</td></tr><tr><th>Certification Standard</th><td>FF-T-791b Turnbuckles</td></tr></tbody></table>","Qindao","","Turnbuckles","Spartan import, department:rigging-hardware, category:turnbuckles, Turnbuckles, Qindao","false","draft","HS2511406X","","Title","Default Title","","","","","","","","true","2168","g","true","manual","Turnbuckles","Rigging Hardware","","","","","Q","","","","FF-T-791b Turnbuckles","","","","","STUB END","","","","","","","","","","45#","","","","","","","","7/8X6","","","","","","","","6","","","","","","","","7200",""
"TWINE 1.5MM NYLON BRAIDED WHITE","twine-1-5mm-nylon-braided-white-t1-5mmnbws","","SEA MASTER ENTERPRISE CO LTD","","Twine","Spartan import, department:rope-line-nets, category:twine, Twine, SEA MASTER ENTERPRISE CO LTD","false","draft","T1.5MMNBWS","","Title","Default Title","","","","","","","","true","","","true","manual","Twine","Rope, Line & Nets","","","","","","","","","","","","","","","","","","","","","","","","","","","","","","","","","","","","","","","","","","","","","","","","",""
"TWINE 1.75MM POLY E BRAIDED GREEN","twine-1-75mm-poly-e-braided-green-t1-75mmpebgs","","SEA MASTER ENTERPRISE CO LTD","","Twine","Spartan import, department:rope-line-nets, category:twine, Twine, SEA MASTER ENTERPRISE CO LTD","false","draft","T1.75MMPEBGS","","Title","Default Title","","","","","","","","true","","","true","manual","Twine","Rope, Line & Nets","","","","","","","","","","","","","","","","","","","","","","","","","","","","","","","","","","","","","","","","","","","","","","","","",""
"TWINE 1.75MM POLY E BRAIDED ORANGE","twine-1-75mm-poly-e-braided-orange-t1-75mmpebos","","SEA MASTER ENTERPRISE CO LTD","","Twine","Spartan import, department:rope-line-nets, category:twine, Twine, SEA MASTER ENTERPRISE CO LTD","false","draft","T1.75MMPEBOS","","Title","Default Title","","","","","","","","true","","","true","manual","Twine","Rope, Line & Nets","","","","","","","","","","","","","","","","","","","","","","","","","","","","","","","","","","","","","","","","","","","","","","","","",""
"TWINE 2.0MM NYLON BRAIDED BLACK & TARRED","twine-2-0mm-nylon-braided-black-tarred-t2mmnbbktars","","SEA MASTER ENTERPRISE CO LTD","","Twine","Spartan import, department:rope-line-nets, category:twine, Twine, SEA MASTER ENTERPRISE CO LTD","false","draft","T2MMNBBKTARS","","Title","Default Title","","","","","","","","true","","","true","manual","Twine","Rope, Line & Nets","","","","","","","","","","","","","","","","","","","","","","","","","","","","","","","","","","","","","","","","","","","","","","","","",""
"TWINE 2.0MM NYLON BRAIDED WHITE","twine-2-0mm-nylon-braided-white-t2mmnbws","","SEA MASTER ENTERPRISE CO LTD","","Twine","Spartan import, department:rope-line-nets, category:twine, Twine, SEA MASTER ENTERPRISE CO LTD","false","draft","T2MMNBWS","","Title","Default Title","","","","","","","","true","","","true","manual","Twine","Rope, Line & Nets","","","","","","","","","","","","","","","","","","","","","","","","","","","","","","","","","","","","","","","","","","","","","","","","",""
"TWINE 2.5MM POLY E BRAIDED GREEN","twine-2-5mm-poly-e-braided-green-t2-5mmpebgs","","SEA MASTER ENTERPRISE CO LTD","","Twine","Spartan import, department:rope-line-nets, category:twine, Twine, SEA MASTER ENTERPRISE CO LTD","false","draft","T2.5MMPEBGS","","Title","Default Title","","","","","","","","true","","","true","manual","Twine","Rope, Line & Nets","","","","","","","","","","","","","","","","","","","","","","","","","","","","","","","","","","","","","","","","","","","","","","","","",""
"TWINE 3.0MM NYLON BRAIDED WHITE","twine-3-0mm-nylon-braided-white-t3mmnbws","","SEA MASTER ENTERPRISE CO LTD","","Twine","Spartan import, department:rope-line-nets, category:twine, Twine, SEA MASTER ENTERPRISE CO LTD","false","draft","T3MMNBWS","","Title","Default Title","","","","","","","","true","","","true","manual","Twine","Rope, Line & Nets","","","","","","","","","","","","","","","","","","","","","","","","","","","","","","","","","","","","","","","","","","","","","","","","",""
"TWINE 3.0MM POLY E BRAIDED BLUE","twine-3-0mm-poly-e-braided-blue-t3mmpebbs","","SEA MASTER ENTERPRISE CO LTD","","Twine","Spartan import, department:rope-line-nets, category:twine, Twine, SEA MASTER ENTERPRISE CO LTD","false","draft","T3MMPEBBS","","Title","Default Title","","","","","","","","true","","","true","manual","Twine","Rope, Line & Nets","","","","","","","","","","","","","","","","","","","","","","","","","","","","","","","","","","","","","","","","","","","","","","","","",""
"TWINE 3.0MM POLY E BRAIDED GREEN","twine-3-0mm-poly-e-braided-green-t3mmpebgs","","SEA MASTER ENTERPRISE CO LTD","","Twine","Spartan import, department:rope-line-nets, category:twine, Twine, SEA MASTER ENTERPRISE CO LTD","false","draft","T3MMPEBGS","","Title","Default Title","","","","","","","","true","","","true","manual","Twine","Rope, Line & Nets","","","","","","","","","","","","","","","","","","","","","","","","","","","","","","","","","","","","","","","","","","","","","","","","",""
"TWINE 3.0MM POLY E BRAIDED ORANGE","twine-3-0mm-poly-e-braided-orange-t3mmpebos","","SEA MASTER ENTERPRISE CO LTD","","Twine","Spartan import, department:rope-line-nets, category:twine, Twine, SEA MASTER ENTERPRISE CO LTD","false","draft","T3MMPEBOS","","Title","Default Title","","","","","","","","true","","","true","manual","Twine","Rope, Line & Nets","","","","","","","","","","","","","","","","","","","","","","","","","","","","","","","","","","","","","","","","","","","","","","","","",""
"TWINE 3.0MM POLY E BRAIDED YELLOW","twine-3-0mm-poly-e-braided-yellow-t3mmpebys","","SEA MASTER ENTERPRISE CO LTD","","Twine","Spartan import, department:rope-line-nets, category:twine, Twine, SEA MASTER ENTERPRISE CO LTD","false","draft","T3MMPEBYS","","Title","Default Title","","","","","","","","true","","","true","manual","Twine","Rope, Line & Nets","","","","","","","","","","","","","","","","","","","","","","","","","","","","","","","","","","","","","","","","","","","","","","","","",""
"TWINE 3MM POLY E BRAIDED RED","twine-3mm-poly-e-braided-red-t3mmpebrs","","SEA MASTER ENTERPRISE CO LTD","","Twine","Spartan import, department:rope-line-nets, category:twine, Twine, SEA MASTER ENTERPRISE CO LTD","false","draft","T3MMPEBRS","","Title","Default Title","","","","","","","","true","","","true","manual","Twine","Rope, Line & Nets","","","","","","","","","","","","","","","","","","","","","","","","","","","","","","","","","","","","","","","","","","","","","","","","",""
"TWINE 4.0MM NYLON BRAIDED WHITE","twine-4-0mm-nylon-braided-white-t4mmnbwas","","SEA MASTER ENTERPRISE CO LTD","","Twine","Spartan import, department:rope-line-nets, category:twine, Twine, SEA MASTER ENTERPRISE CO LTD","false","draft","T4MMNBWAS","","Title","Default Title","","","","","","","","true","","","true","manual","Twine","Rope, Line & Nets","","","","","","","","","","","","","","","","","","","","","","","","","","","","","","","","","","","","","","","","","","","","","","","","",""
"TWINE 4.0MM POLY E BRAIDED BLUE","twine-4-0mm-poly-e-braided-blue-t4mmpebbs","","SEA MASTER ENTERPRISE CO LTD","","Twine","Spartan import, department:rope-line-nets, category:twine, Twine, SEA MASTER ENTERPRISE CO LTD","false","draft","T4MMPEBBS","","Title","Default Title","","","","","","","","true","","","true","manual","Twine","Rope, Line & Nets","","","","","","","","","","","","","","","","","","","","","","","","","","","","","","","","","","","","","","","","","","","","","","","","",""
"TWINE 4.0MM POLY E BRAIDED GREEN","twine-4-0mm-poly-e-braided-green-t4mmpebgs","","SEA MASTER ENTERPRISE CO LTD","","Twine","Spartan import, department:rope-line-nets, category:twine, Twine, SEA MASTER ENTERPRISE CO LTD","false","draft","T4MMPEBGS","","Title","Default Title","","","","","","","","true","","","true","manual","Twine","Rope, Line & Nets","","","","","","","","","","","","","","","","","","","","","","","","","","","","","","","","","","","","","","","","","","","","","","","","",""
"TWINE 4.0MM POLY E BRAIDED ORANGE","twine-4-0mm-poly-e-braided-orange-t4mmpebos","","SEA MASTER ENTERPRISE CO LTD","","Twine","Spartan import, department:rope-line-nets, category:twine, Twine, SEA MASTER ENTERPRISE CO LTD","false","draft","T4MMPEBOS","","Title","Default Title","","","","","","","","true","","","true","manual","Twine","Rope, Line & Nets","","","","","","","","","","","","","","","","","","","","","","","","","","","","","","","","","","","","","","","","","","","","","","","","",""
"TWINE 4.0MM POLY E BRAIDED RED","twine-4-0mm-poly-e-braided-red-t4mmpebrs","","SEA MASTER ENTERPRISE CO LTD","","Twine","Spartan import, department:rope-line-nets, category:twine, Twine, SEA MASTER ENTERPRISE CO LTD","false","draft","T4MMPEBRS","","Title","Default Title","","","","","","","","true","","","true","manual","Twine","Rope, Line & Nets","","","","","","","","","","","","","","","","","","","","","","","","","","","","","","","","","","","","","","","","","","","","","","","","",""
"TWINE 4.0MM POLY E BRAIDED YELLOW","twine-4-0mm-poly-e-braided-yellow-t4mmpebys","","SEA MASTER ENTERPRISE CO LTD","","Twine","Spartan import, department:rope-line-nets, category:twine, Twine, SEA MASTER ENTERPRISE CO LTD","false","draft","T4MMPEBYS","","Title","Default Title","","","","","","","","true","","","true","manual","Twine","Rope, Line & Nets","","","","","","","","","","","","","","","","","","","","","","","","","","","","","","","","","","","","","","","","","","","","","","","","",""
"TWINE 4.5 MM POLY E BRAIDED ORANGE","twine-4-5-mm-poly-e-braided-orange-t4-5mmpebos","","SEA MASTER ENTERPRISE CO LTD","","Twine","Spartan import, department:rope-line-nets, category:twine, Twine, SEA MASTER ENTERPRISE CO LTD","false","draft","T4.5MMPEBOS","","Title","Default Title","","","","","","","","true","","","true","manual","Twine","Rope, Line & Nets","","","","","","","","","","","","","","","","","","","","","","","","","","","","","","","","","","","","","","","","","","","","","","","","",""
"TWINE 4MM NYLON BRAIDED BLACK","twine-4mm-nylon-braided-black-t4mmnbbks","","SEA MASTER ENTERPRISE CO LTD","","Twine","Spartan import, department:rope-line-nets, category:twine, Twine, SEA MASTER ENTERPRISE CO LTD","false","draft","T4MMNBBKS","","Title","Default Title","","","","","","","","true","","","true","manual","Twine","Rope, Line & Nets","","","","","","","","","","","","","","","","","","","","","","","","","","","","","","","","","","","","","","","","","","","","","","","","",""
"TWINE 5.0MM NYLON BRAIDED WHITE","twine-5-0mm-nylon-braided-white-t5mmnbws","","SEA MASTER ENTERPRISE CO LTD","","Twine","Spartan import, department:rope-line-nets, category:twine, Twine, SEA MASTER ENTERPRISE CO LTD","false","draft","T5MMNBWS","","Title","Default Title","","","","","","","","true","","","true","manual","Twine","Rope, Line & Nets","","","","","","","","","","","","","","","","","","","","","","","","","","","","","","","","","","","","","","","","","","","","","","","","",""
"TWINE 5.0MM POLY E BRAIDED ORANGE","twine-5-0mm-poly-e-braided-orange-t5mmpebos","","SEA MASTER ENTERPRISE CO LTD","","Twine","Spartan import, department:rope-line-nets, category:twine, Twine, SEA MASTER ENTERPRISE CO LTD","false","draft","T5MMPEBOS","","Title","Default Title","","","","","","","","true","","","true","manual","Twine","Rope, Line & Nets","","","","","","","","","","","","","","","","","","","","","","","","","","","","","","","","","","","","","","","","","","","","","","","","",""
"TWINE 5.5MM POLY E BRAIDED GREEN","twine-5-5mm-poly-e-braided-green-t5-5mmpebgc","","SEA MASTER ENTERPRISE CO LTD","","Twine","Spartan import, department:rope-line-nets, category:twine, Twine, SEA MASTER ENTERPRISE CO LTD","false","draft","T5.5MMPEBGC","","Title","Default Title","","","","","","","","true","","","true","manual","Twine","Rope, Line & Nets","","","","","","","","","","","","","","","","","","","","","","","","","","","","","","","","","","","","","","","","","","","","","","","","",""
"TWINE 6.0MM NYLON BRAIDED WHITE","twine-6-0mm-nylon-braided-white-t6mmnbws","","SEA MASTER ENTERPRISE CO LTD","","Twine","Spartan import, department:rope-line-nets, category:twine, Twine, SEA MASTER ENTERPRISE CO LTD","false","draft","T6MMNBWS","","Title","Default Title","","","","","","","","true","","","true","manual","Twine","Rope, Line & Nets","","","","","","","","","","","","","","","","","","","","","","","","","","","","","","","","","","","","","","","","","","","","","","","","",""
"TWINE 6.0MM POLY E BRAIDED GREEN","twine-6-0mm-poly-e-braided-green-t6mmpebgs","","SEA MASTER ENTERPRISE CO LTD","","Twine","Spartan import, department:rope-line-nets, category:twine, Twine, SEA MASTER ENTERPRISE CO LTD","false","draft","T6MMPEBGS","","Title","Default Title","","","","","","","","true","","","true","manual","Twine","Rope, Line & Nets","","","","","","","","","","","","","","","","","","","","","","","","","","","","","","","","","","","","","","","","","","","","","","","","",""
"TWINE 6.0MM POLY E BRAIDED ORANGE","twine-6-0mm-poly-e-braided-orange-t6mmpebos","","SEA MASTER ENTERPRISE CO LTD","","Twine","Spartan import, department:rope-line-nets, category:twine, Twine, SEA MASTER ENTERPRISE CO LTD","false","draft","T6MMPEBOS","","Title","Default Title","","","","","","","","true","","","true","manual","Twine","Rope, Line & Nets","","","","","","","","","","","","","","","","","","","","","","","","","","","","","","","","","","","","","","","","","","","","","","","","",""
"TWINE # 6 NYLON BROWNELL TWISTED GREEN","twine-6-nylon-brownell-twisted-green-t06ntgb","<table><tbody><tr><th>Colour</th><td>Green</td></tr></tbody></table>","BADINOTTI NET SERVICE CANADA","","Twine","Spartan import, department:rope-line-nets, category:twine, Twine, BADINOTTI NET SERVICE CANADA","false","draft","T06NTGB","","Title","Default Title","","","","","","","","true","","","true","manual","Twine","Rope, Line & Nets","","","","","","","","","","Green","","","","","","","","","","","","","","","","","","","","","","","","","","","","","","","","","","","","","","",""
"TWINE 8.0MM NYLON BRAIDED WHITE","twine-8-0mm-nylon-braided-white-t8mmnbws","","SEA MASTER ENTERPRISE CO LTD","","Twine","Spartan import, department:rope-line-nets, category:twine, Twine, SEA MASTER ENTERPRISE CO LTD","false","draft","T8MMNBWS","","Title","Default Title","","","","","","","","true","","","true","manual","Twine","Rope, Line & Nets","","","","","","","","","","","","","","","","","","","","","","","","","","","","","","","","","","","","","","","","","","","","","","","","",""
"TWINE # 9 NYLON BROWNELL TWISTED GREEN","twine-9-nylon-brownell-twisted-green-t09ntgb","<table><tbody><tr><th>Colour</th><td>Green</td></tr></tbody></table>","BADINOTTI NET SERVICE CANADA","","Twine","Spartan import, department:rope-line-nets, category:twine, Twine, BADINOTTI NET SERVICE CANADA","false","draft","T09NTGB","","Title","Default Title","","","","","","","","true","","","true","manual","Twine","Rope, Line & Nets","","","","","","","","","","Green","","","","","","","","","","","","","","","","","","","","","","","","","","","","","","","","","","","","","","",""
"TWINE # 9 NYLON BROWNELL TWISTED WHITE","twine-9-nylon-brownell-twisted-white-t09ntwb","<table><tbody><tr><th>Colour</th><td>White</td></tr></tbody></table>","BADINOTTI NET SERVICE CANADA","","Twine","Spartan import, department:rope-line-nets, category:twine, Twine, BADINOTTI NET SERVICE CANADA","false","draft","T09NTWB","","Title","Default Title","","","","","","","","true","","","true","manual","Twine","Rope, Line & Nets","","","","","","","","","","White","","","","","","","","","","","","","","","","","","","","","","","","","","","","","","","","","","","","","","",""
"TWINE # 12 NYLON BRAIDED GOLD","twine-12-nylon-braided-gold-t12nbgds","","SEA MASTER ENTERPRISE CO LTD","","Twine","Spartan import, department:rope-line-nets, category:twine, Twine, SEA MASTER ENTERPRISE CO LTD","false","draft","T12NBGDS","","Title","Default Title","","","","","","","","true","","","true","manual","Twine","Rope, Line & Nets","","","","","","","","","","","","","","","","","","","","","","","","","","","","","","","","","","","","","","","","","","","","","","","","",""
"TWINE # 12 NYLON BROWNELL TWISTED BROWN","twine-12-nylon-brownell-twisted-brown-t12btbrb","<table><tbody><tr><th>Colour</th><td>Brown</td></tr></tbody></table>","BADINOTTI NET SERVICE CANADA","","Twine","Spartan import, department:rope-line-nets, category:twine, Twine, BADINOTTI NET SERVICE CANADA","false","draft","T12BTBRB","","Title","Default Title","","","","","","","","true","","","true","manual","Twine","Rope, Line & Nets","","","","","","","","","","Brown","","","","","","","","","","","","","","","","","","","","","","","","","","","","","","","","","","","","","","",""
"TWINE # 12 NYLON BROWNELL TWISTED GREEN","twine-12-nylon-brownell-twisted-green-t12ntgn","<table><tbody><tr><th>Colour</th><td>Green</td></tr></tbody></table>","BADINOTTI NET SERVICE CANADA","","Twine","Spartan import, department:rope-line-nets, category:twine, Twine, BADINOTTI NET SERVICE CANADA","false","draft","T12NTGN","","Title","Default Title","","","","","","","","true","","","true","manual","Twine","Rope, Line & Nets","","","","","","","","","","Green","","","","","","","","","","","","","","","","","","","","","","","","","","","","","","","","","","","","","","",""
"TWINE #15 NYLON BRAIDED BLACK & TARRED","twine-15-nylon-braided-black-tarred-t15bnbbktars","","SEA MASTER ENTERPRISE CO LTD","","Twine","Spartan import, department:rope-line-nets, category:twine, Twine, SEA MASTER ENTERPRISE CO LTD","false","draft","T15BNBBKTARS","","Title","Default Title","","","","","","","","true","","","true","manual","Twine","Rope, Line & Nets","","","","","","","","","","","","","","","","","","","","","","","","","","","","","","","","","","","","","","","","","","","","","","","","",""
"TWINE # 15 NYLON BRAIDED GOLD","twine-15-nylon-braided-gold-t15nbgds","","SEA MASTER ENTERPRISE CO LTD","","Twine","Spartan import, department:rope-line-nets, category:twine, Twine, SEA MASTER ENTERPRISE CO LTD","false","draft","T15NBGDS","","Title","Default Title","","","","","","","","true","","","true","manual","Twine","Rope, Line & Nets","","","","","","","","","","","","","","","","","","","","","","","","","","","","","","","","","","","","","","","","","","","","","","","","",""
"TWINE # 15 NYLON BROWNELL TWISTED BROWN","twine-15-nylon-brownell-twisted-brown-t15ntbrb","<table><tbody><tr><th>Colour</th><td>Brown</td></tr></tbody></table>","BADINOTTI NET SERVICE CANADA","","Twine","Spartan import, department:rope-line-nets, category:twine, Twine, BADINOTTI NET SERVICE CANADA","false","draft","T15NTBRB","","Title","Default Title","","","","","","","","true","","","true","manual","Twine","Rope, Line & Nets","","","","","","","","","","Brown","","","","","","","","","","","","","","","","","","","","","","","","","","","","","","","","","","","","","","",""
"TWINE # 15 NYLON BROWNELL TWISTED GREEN","twine-15-nylon-brownell-twisted-green-t15ntgb","<table><tbody><tr><th>Colour</th><td>Green</td></tr></tbody></table>","BADINOTTI NET SERVICE CANADA","","Twine","Spartan import, department:rope-line-nets, category:twine, Twine, BADINOTTI NET SERVICE CANADA","false","draft","T15NTGB","","Title","Default Title","","","","","","","","true","","","true","manual","Twine","Rope, Line & Nets","","","","","","","","","","Green","","","","","","","","","","","","","","","","","","","","","","","","","","","","","","","","","","","","","","",""
"TWINE # 15 NYLON BROWNELL TWISTED WHITE","twine-15-nylon-brownell-twisted-white-t15ntwb","<table><tbody><tr><th>Colour</th><td>White</td></tr></tbody></table>","BADINOTTI NET SERVICE CANADA","","Twine","Spartan import, department:rope-line-nets, category:twine, Twine, BADINOTTI NET SERVICE CANADA","false","draft","T15NTWB","","Title","Default Title","","","","","","","","true","","","true","manual","Twine","Rope, Line & Nets","","","","","","","","","","White","","","","","","","","","","","","","","","","","","","","","","","","","","","","","","","","","","","","","","",""
"TWINE #18 COTTON MEDIUM LAID ON TUBE","twine-18-cotton-medium-laid-on-tube-48-180-16","<table><tbody><tr><th>Colour</th><td>Natural</td></tr></tbody></table>","CANCORD ROPES INC","","Twine","Spartan import, department:rope-line-nets, category:twine, Twine, CANCORD ROPES INC","false","draft","48-180-16","","Title","Default Title","","","","","","","","true","","","true","manual","Twine","Rope, Line & Nets","","","","","","","","","","Natural","","","","","","","","","","","","","","","","","","","","","","","","","","","","","","","","","","","","","","",""
"TWINE #18 NYLON BRAIDED BLACK & TARRED","twine-18-nylon-braided-black-tarred-t18bnbbktars","","SEA MASTER ENTERPRISE CO LTD","","Twine","Spartan import, department:rope-line-nets, category:twine, Twine, SEA MASTER ENTERPRISE CO LTD","false","draft","T18BNBBKTARS","","Title","Default Title","","","","","","","","true","","","true","manual","Twine","Rope, Line & Nets","","","","","","","","","","","","","","","","","","","","","","","","","","","","","","","","","","","","","","","","","","","","","","","","",""
"TWINE # 18 NYLON BRAIDED GOLD","twine-18-nylon-braided-gold-t18nbgds","","SEA MASTER ENTERPRISE CO LTD","","Twine","Spartan import, department:rope-line-nets, category:twine, Twine, SEA MASTER ENTERPRISE CO LTD","false","draft","T18NBGDS","","Title","Default Title","","","","","","","","true","","","true","manual","Twine","Rope, Line & Nets","","","","","","","","","","","","","","","","","","","","","","","","","","","","","","","","","","","","","","","","","","","","","","","","",""
"TWINE # 18 NYLON BRAIDED WAXED YELLOW","twine-18-nylon-braided-waxed-yellow-t18nbys","","SEA MASTER ENTERPRISE CO LTD","","Twine","Spartan import, department:rope-line-nets, category:twine, Twine, SEA MASTER ENTERPRISE CO LTD","false","draft","T18NBYS","","Title","Default Title","","","","","","","","true","","","true","manual","Twine","Rope, Line & Nets","","","","","","","","","","","","","","","","","","","","","","","","","","","","","","","","","","","","","","","","","","","","","","","","",""
"TWINE # 18 NYLON BROWNELL TWISTED BLACK","twine-18-nylon-brownell-twisted-black-t18ntbkb","<table><tbody><tr><th>Colour</th><td>Black</td></tr></tbody></table>","BADINOTTI NET SERVICE CANADA","","Twine","Spartan import, department:rope-line-nets, category:twine, Twine, BADINOTTI NET SERVICE CANADA","false","draft","T18NTBKB","","Title","Default Title","","","","","","","","true","","","true","manual","Twine","Rope, Line & Nets","","","","","","","","","","Black","","","","","","","","","","","","","","","","","","","","","","","","","","","","","","","","","","","","","","",""
"TWINE # 18 NYLON BROWNELL TWISTED BROWN","twine-18-nylon-brownell-twisted-brown-t18ntbrb","<table><tbody><tr><th>Colour</th><td>Brown</td></tr></tbody></table>","BADINOTTI NET SERVICE CANADA","","Twine","Spartan import, department:rope-line-nets, category:twine, Twine, BADINOTTI NET SERVICE CANADA","false","draft","T18NTBRB","","Title","Default Title","","","","","","","","true","","","true","manual","Twine","Rope, Line & Nets","","","","","","","","","","Brown","","","","","","","","","","","","","","","","","","","","","","","","","","","","","","","","","","","","","","",""
"TWINE # 18 NYLON BROWNELL TWISTED GREEN","twine-18-nylon-brownell-twisted-green-t18ntgb","<table><tbody><tr><th>Colour</th><td>Green</td></tr></tbody></table>","BADINOTTI NET SERVICE CANADA","","Twine","Spartan import, department:rope-line-nets, category:twine, Twine, BADINOTTI NET SERVICE CANADA","false","draft","T18NTGB","","Title","Default Title","","","","","","","","true","","","true","manual","Twine","Rope, Line & Nets","","","","","","","","","","Green","","","","","","","","","","","","","","","","","","","","","","","","","","","","","","","","","","","","","","",""
"TWINE # 18 NYLON BROWNELL TWISTED WHITE","twine-18-nylon-brownell-twisted-white-t18ntwb","<table><tbody><tr><th>Colour</th><td>White</td></tr></tbody></table>","BADINOTTI NET SERVICE CANADA","","Twine","Spartan import, department:rope-line-nets, category:twine, Twine, BADINOTTI NET SERVICE CANADA","false","draft","T18NTWB","","Title","Default Title","","","","","","","","true","","","true","manual","Twine","Rope, Line & Nets","","","","","","","","","","White","","","","","","","","","","","","","","","","","","","","","","","","","","","","","","","","","","","","","","",""
"TWINE #21 NYLON BRAIDED BLACK & TARRED","twine-21-nylon-braided-black-tarred-t21nbbktars","","SEA MASTER ENTERPRISE CO LTD","","Twine","Spartan import, department:rope-line-nets, category:twine, Twine, SEA MASTER ENTERPRISE CO LTD","false","draft","T21NBBKTARS","","Title","Default Title","","","","","","","","true","","","true","manual","Twine","Rope, Line & Nets","","","","","","","","","","","","","","","","","","","","","","","","","","","","","","","","","","","","","","","","","","","","","","","","",""
"TWINE # 21 NYLON BRAIDED GOLD","twine-21-nylon-braided-gold-t21nbgds","","SEA MASTER ENTERPRISE CO LTD","","Twine","Spartan import, department:rope-line-nets, category:twine, Twine, SEA MASTER ENTERPRISE CO LTD","false","draft","T21NBGDS","","Title","Default Title","","","","","","","","true","","","true","manual","Twine","Rope, Line & Nets","","","","","","","","","","","","","","","","","","","","","","","","","","","","","","","","","","","","","","","","","","","","","","","","",""
"TWINE # 21 NYLON BROWNELL TWISTED BROWN","twine-21-nylon-brownell-twisted-brown-t21ntbrb","<table><tbody><tr><th>Colour</th><td>Brown</td></tr></tbody></table>","BADINOTTI NET SERVICE CANADA","","Twine","Spartan import, department:rope-line-nets, category:twine, Twine, BADINOTTI NET SERVICE CANADA","false","draft","T21NTBRB","","Title","Default Title","","","","","","","","true","","","true","manual","Twine","Rope, Line & Nets","","","","","","","","","","Brown","","","","","","","","","","","","","","","","","","","","","","","","","","","","","","","","","","","","","","",""
"TWINE # 21 NYLON BROWNELL TWISTED GREEN","twine-21-nylon-brownell-twisted-green-t21ntgb","<table><tbody><tr><th>Colour</th><td>Green</td></tr></tbody></table>","BADINOTTI NET SERVICE CANADA","","Twine","Spartan import, department:rope-line-nets, category:twine, Twine, BADINOTTI NET SERVICE CANADA","false","draft","T21NTGB","","Title","Default Title","","","","","","","","true","","","true","manual","Twine","Rope, Line & Nets","","","","","","","","","","Green","","","","","","","","","","","","","","","","","","","","","","","","","","","","","","","","","","","","","","",""
"TWINE # 21 NYLON BROWNELL TWISTED WHITE","twine-21-nylon-brownell-twisted-white-t21ntwb","<table><tbody><tr><th>Colour</th><td>White</td></tr></tbody></table>","BADINOTTI NET SERVICE CANADA","","Twine","Spartan import, department:rope-line-nets, category:twine, Twine, BADINOTTI NET SERVICE CANADA","false","draft","T21NTWB","","Title","Default Title","","","","","","","","true","","","true","manual","Twine","Rope, Line & Nets","","","","","","","","","","White","","","","","","","","","","","","","","","","","","","","","","","","","","","","","","","","","","","","","","",""
"TWINE # 24 NYLON BROWNELL BONDED GREEN","twine-24-nylon-brownell-bonded-green-t24ngb","<table><tbody><tr><th>Colour</th><td>Green</td></tr></tbody></table>","BADINOTTI NET SERVICE CANADA","","Twine","Spartan import, department:rope-line-nets, category:twine, Twine, BADINOTTI NET SERVICE CANADA","false","draft","T24NGB","","Title","Default Title","","","","","","","","true","","","true","manual","Twine","Rope, Line & Nets","","","","","","","","","","Green","","","","","","","","","","","","","","","","","","","","","","","","","","","","","","","","","","","","","","",""
"TWINE # 24 NYLON BROWNELL TWISTED BROWN","twine-24-nylon-brownell-twisted-brown-t24ntbrb","<table><tbody><tr><th>Colour</th><td>Brown</td></tr></tbody></table>","BADINOTTI NET SERVICE CANADA","","Twine","Spartan import, department:rope-line-nets, category:twine, Twine, BADINOTTI NET SERVICE CANADA","false","draft","T24NTBRB","","Title","Default Title","","","","","","","","true","","","true","manual","Twine","Rope, Line & Nets","","","","","","","","","","Brown","","","","","","","","","","","","","","","","","","","","","","","","","","","","","","","","","","","","","","",""
"TWINE # 24 NYLON BROWNELL TWISTED WHITE","twine-24-nylon-brownell-twisted-white-t24ntwb","<table><tbody><tr><th>Colour</th><td>White</td></tr></tbody></table>","BADINOTTI NET SERVICE CANADA","","Twine","Spartan import, department:rope-line-nets, category:twine, Twine, BADINOTTI NET SERVICE CANADA","false","draft","T24NTWB","","Title","Default Title","","","","","","","","true","","","true","manual","Twine","Rope, Line & Nets","","","","","","","","","","White","","","","","","","","","","","","","","","","","","","","","","","","","","","","","","","","","","","","","","",""
"TWINE # 30 NYLON BROWNELL TWISTED GREEN","twine-30-nylon-brownell-twisted-green-r30ntgb","<table><tbody><tr><th>Colour</th><td>Green</td></tr></tbody></table>","BADINOTTI NET SERVICE CANADA","","Twine","Spartan import, department:rope-line-nets, category:twine, Twine, BADINOTTI NET SERVICE CANADA","false","draft","R30NTGB","","Title","Default Title","","","","","","","","true","","","true","manual","Twine","Rope, Line & Nets","","","","","","","","","","Green","","","","","","","","","","","","","","","","","","","","","","","","","","","","","","","","","","","","","","",""
"TWINE # 30 NYLON BROWNELL TWISTED WHITE","twine-30-nylon-brownell-twisted-white-t30ntwb","<table><tbody><tr><th>Colour</th><td>White</td></tr></tbody></table>","BADINOTTI NET SERVICE CANADA","","Twine","Spartan import, department:rope-line-nets, category:twine, Twine, BADINOTTI NET SERVICE CANADA","false","draft","T30NTWB","","Title","Default Title","","","","","","","","true","","","true","manual","Twine","Rope, Line & Nets","","","","","","","","","","White","","","","","","","","","","","","","","","","","","","","","","","","","","","","","","","","","","","","","","",""
"TWINE # 48 NYLON BROWNELL TWISTED GREEN","twine-48-nylon-brownell-twisted-green-t48ntgb","<table><tbody><tr><th>Colour</th><td>Green</td></tr></tbody></table>","BADINOTTI NET SERVICE CANADA","","Twine","Spartan import, department:rope-line-nets, category:twine, Twine, BADINOTTI NET SERVICE CANADA","false","draft","T48NTGB","","Title","Default Title","","","","","","","","true","","","true","manual","Twine","Rope, Line & Nets","","","","","","","","","","Green","","","","","","","","","","","","","","","","","","","","","","","","","","","","","","","","","","","","","","",""
"TWINE # 48 NYLON BROWNELL TWISTED WHITE","twine-48-nylon-brownell-twisted-white-t48ntwb","<table><tbody><tr><th>Colour</th><td>White</td></tr></tbody></table>","BADINOTTI NET SERVICE CANADA","","Twine","Spartan import, department:rope-line-nets, category:twine, Twine, BADINOTTI NET SERVICE CANADA","false","draft","T48NTWB","","Title","Default Title","","","","","","","","true","","","true","manual","Twine","Rope, Line & Nets","","","","","","","","","","White","","","","","","","","","","","","","","","","","","","","","","","","","","","","","","","","","","","","","","",""
"TWINE # 60 NYLON BROWNELL TWISTED BROWN","twine-60-nylon-brownell-twisted-brown-t60ntbrb","<table><tbody><tr><th>Colour</th><td>Brown</td></tr></tbody></table>","BADINOTTI NET SERVICE CANADA","","Twine","Spartan import, department:rope-line-nets, category:twine, Twine, BADINOTTI NET SERVICE CANADA","false","draft","T60NTBRB","","Title","Default Title","","","","","","","","true","","","true","manual","Twine","Rope, Line & Nets","","","","","","","","","","Brown","","","","","","","","","","","","","","","","","","","","","","","","","","","","","","","","","","","","","","",""
"TWINE #210/28X8 NYLON BRAIDED BLUE","twine-210-28x8-nylon-braided-blue-t210nbbs","","SEA MASTER ENTERPRISE CO LTD","","Twine","Spartan import, department:rope-line-nets, category:twine, Twine, SEA MASTER ENTERPRISE CO LTD","false","draft","T210NBBS","","Title","Default Title","","","","","","","","true","","","true","manual","Twine","Rope, Line & Nets","","","","","","","","","","","","","","","","","","","","","","","","","","","","","","","","","","","","","","","","","","","","","","","","",""
"TWINE COTTON 3 MM ESCAPE HATCH","twine-cotton-3-mm-escape-hatch-48-960-16","<table><tbody><tr><th>Colour</th><td>Natural</td></tr></tbody></table>","CANCORD ROPES INC","","Twine","Spartan import, department:rope-line-nets, category:twine, Twine, CANCORD ROPES INC","false","draft","48-960-16","","Title","Default Title","","","","","","","","true","","","true","manual","Twine","Rope, Line & Nets","","","","","","","","","","Natural","","","","","","","","","","","","","","","","","","","","","","","","","","","","","","","","","","","","","","",""
"Twisted Rope MD CL 3c Ø31,7mm 475g","twisted-rope-md-cl-3c-31-7mm-475g-r363md600sgc","<table><tbody><tr><th>ERP Material Code</th><td>COR2232</td></tr><tr><th>ERP Product Group</th><td>Ropes</td></tr><tr><th>Average Net Unit Weight (kg)</th><td>89.5</td></tr><tr><th>Average Gross Unit Weight (kg)</th><td>97.5</td></tr></tbody></table>","Cotesi","","Rope","Spartan import, department:rope-line-nets, category:rope, Rope, Cotesi","false","draft","R363MD600SGC","","Title","Default Title","","","","","","","","true","","","true","manual","Rope","Rope, Line & Nets","","97.5","89.5","","","","","","","","","","","","COR2232","Ropes","","","","","","","","","","","","","","","","","","","","","","","","","","","","","","","","",""
"Twisted Rope MD CM 3c Ø7,9mm 31g","twisted-rope-md-cm-3c-7-9mm-31g-r103md1200mbwc","<table><tbody><tr><th>ERP Material Code</th><td>COR1756</td></tr><tr><th>ERP Product Group</th><td>Ropes</td></tr><tr><th>Average Net Unit Weight (kg)</th><td>11.46408262108262</td></tr><tr><th>Average Gross Unit Weight (kg)</th><td>11.523194402547343</td></tr></tbody></table>","Cotesi","","Rope","Spartan import, department:rope-line-nets, category:rope, Rope, Cotesi","false","draft","R103MD1200MBWC","","Title","Default Title","","","","","","","","true","","","true","manual","Rope","Rope, Line & Nets","","11.523194402547343","11.46408262108262","","","","","","","","","","","","COR1756","Ropes","","","","","","","","","","","","","","","","","","","","","","","","","","","","","","","","",""
"Twisted Rope MD CM 3c Ø7,9mm 31g","twisted-rope-md-cm-3c-7-9mm-31g-r103md1200mgbkybc","<table><tbody><tr><th>ERP Product Group</th><td>Ropes</td></tr><tr><th>Average Net Unit Weight (kg)</th><td>11.482725694444444</td></tr><tr><th>Average Gross Unit Weight (kg)</th><td>11.684114583333333</td></tr></tbody></table>","Cotesi","","Rope","Spartan import, department:rope-line-nets, category:rope, Rope, Cotesi","false","draft","R103MD1200MGBKYBC","","Title","Default Title","","","","","","","","true","","","true","manual","Rope","Rope, Line & Nets","","11.684114583333333","11.482725694444444","","","","","","","","","","","","","Ropes","","","","","","","","","","","","","","","","","","","","","","","","","","","","","","","","",""
"Twisted Rope MD CM 3c Ø9,5mm 47g","twisted-rope-md-cm-3c-9-5mm-47g-r123md1200mbwc","<table><tbody><tr><th>ERP Material Code</th><td>COR1757</td></tr><tr><th>ERP Product Group</th><td>Ropes</td></tr><tr><th>Average Net Unit Weight (kg)</th><td>17.276955627705625</td></tr><tr><th>Average Gross Unit Weight (kg)</th><td>17.276955627705625</td></tr></tbody></table>","Cotesi","","Rope","Spartan import, department:rope-line-nets, category:rope, Rope, Cotesi","false","draft","R123MD1200MBWC","","Title","Default Title","","","","","","","","true","","","true","manual","Rope","Rope, Line & Nets","","17.276955627705625","17.276955627705625","","","","","","","","","","","","COR1757","Ropes","","","","","","","","","","","","","","","","","","","","","","","","","","","","","","","","",""
"Twisted Rope MD CM 3c Ø12,7mm 80g","twisted-rope-md-cm-3c-12-7mm-80g-r163md1200mbgc","<table><tbody><tr><th>ERP Material Code</th><td>COR2160</td></tr><tr><th>ERP Product Group</th><td>Ropes</td></tr><tr><th>Average Net Unit Weight (kg)</th><td>29.380446428571428</td></tr><tr><th>Average Gross Unit Weight (kg)</th><td>29.730446428571426</td></tr></tbody></table>","Cotesi","","Rope","Spartan import, department:rope-line-nets, category:rope, Rope, Cotesi","false","draft","R163MD1200MBGC","","Title","Default Title","","","","","","","","true","","","true","manual","Rope","Rope, Line & Nets","","29.730446428571426","29.380446428571428","","","","","","","","","","","","COR2160","Ropes","","","","","","","","","","","","","","","","","","","","","","","","","","","","","","","","",""
"Twisted Rope MP CL 3c Ø7,9mm 31g","twisted-rope-mp-cl-3c-7-9mm-31g-r103ml1200sygc","<table><tbody><tr><th>ERP Material Code</th><td>COR0521</td></tr><tr><th>ERP Product Group</th><td>Ropes</td></tr><tr><th>Average Net Unit Weight (kg)</th><td>11.41375</td></tr><tr><th>Average Gross Unit Weight (kg)</th><td>11.41375</td></tr></tbody></table>","Cotesi","","Rope","Spartan import, department:rope-line-nets, category:rope, Rope, Cotesi","false","draft","R103ML1200SYGC","","Title","Default Title","","","","","","","","true","","","true","manual","Rope","Rope, Line & Nets","","11.41375","11.41375","","","","","","","","","","","","COR0521","Ropes","","","","","","","","","","","","","","","","","","","","","","","","","","","","","","","","",""
"Twisted Rope MP CM 3c Ø6,3mm 18g","twisted-rope-mp-cm-3c-6-3mm-18g-r083ml1200mboc","<table><tbody><tr><th>ERP Material Code</th><td>COR1532</td></tr><tr><th>ERP Product Group</th><td>Ropes</td></tr><tr><th>Average Net Unit Weight (kg)</th><td>6.616404749934161</td></tr><tr><th>Average Gross Unit Weight (kg)</th><td>6.616404749934161</td></tr></tbody></table>","Cotesi","","Rope","Spartan import, department:rope-line-nets, category:rope, Rope, Cotesi","false","draft","R083ML1200MBOC","","Title","Default Title","","","","","","","","true","","","true","manual","Rope","Rope, Line & Nets","","6.616404749934161","6.616404749934161","","","","","","","","","","","","COR1532","Ropes","","","","","","","","","","","","","","","","","","","","","","","","","","","","","","","","",""
"Twisted Rope MP CM 3c Ø11,1mm 57,5g","twisted-rope-mp-cm-3c-11-1mm-57-5g-r143ml1200mgbyrc","<table><tbody><tr><th>ERP Material Code</th><td>COR0537</td></tr><tr><th>ERP Product Group</th><td>Ropes</td></tr><tr><th>Average Net Unit Weight (kg)</th><td>20.958590904045447</td></tr><tr><th>Average Gross Unit Weight (kg)</th><td>21.3182671537217</td></tr></tbody></table>","Cotesi","","Rope","Spartan import, department:rope-line-nets, category:rope, Rope, Cotesi","false","draft","R143ML1200MGBYRC","","Title","Default Title","","","","","","","","true","","","true","manual","Rope","Rope, Line & Nets","","21.3182671537217","20.958590904045447","","","","","","","","","","","","COR0537","Ropes","","","","","","","","","","","","","","","","","","","","","","","","","","","","","","","","",""
"Twisted Rope MP CM 3c Ø11,1mm 57,5g","twisted-rope-mp-cm-3c-11-1mm-57-5g-r143ml1200mgoc","<table><tbody><tr><th>ERP Product Group</th><td>Ropes</td></tr><tr><th>Average Net Unit Weight (kg)</th><td>21.12735495985496</td></tr><tr><th>Average Gross Unit Weight (kg)</th><td>21.628129925629928</td></tr></tbody></table>","Cotesi","","Rope","Spartan import, department:rope-line-nets, category:rope, Rope, Cotesi","false","draft","R143ML1200MGOC","","Title","Default Title","","","","","","","","true","","","true","manual","Rope","Rope, Line & Nets","","21.628129925629928","21.12735495985496","","","","","","","","","","","","","Ropes","","","","","","","","","","","","","","","","","","","","","","","","","","","","","","","","",""
"Twisted Rope MP CM 3c Ø12,0mm 80g","twisted-rope-mp-cm-3c-12-0mm-80g-r163ml1200mgoc","<table><tbody><tr><th>ERP Product Group</th><td>Ropes</td></tr><tr><th>Average Net Unit Weight (kg)</th><td>29.38074688532927</td></tr><tr><th>Average Gross Unit Weight (kg)</th><td>29.90509761723148</td></tr></tbody></table>","Cotesi","","Rope","Spartan import, department:rope-line-nets, category:rope, Rope, Cotesi","false","draft","R163ML1200MGOC","","Title","Default Title","","","","","","","","true","","","true","manual","Rope","Rope, Line & Nets","","29.90509761723148","29.38074688532927","","","","","","","","","","","","","Ropes","","","","","","","","","","","","","","","","","","","","","","","","","","","","","","","","",""
"Twisted Rope MP CM 3c Ø12,7mm 80g","twisted-rope-mp-cm-3c-12-7mm-80g-23","<table><tbody><tr><th>ERP Product Group</th><td>Ropes</td></tr><tr><th>Average Net Unit Weight (kg)</th><td>29.270149427292285</td></tr><tr><th>Average Gross Unit Weight (kg)</th><td>29.73197278911565</td></tr></tbody></table>","Cotesi","","Rope","Spartan import, department:rope-line-nets, category:rope, Rope, Cotesi","false","draft","","","Title","Default Title","","","","","","","","true","","","true","manual","Rope","Rope, Line & Nets","","29.73197278911565","29.270149427292285","","","","","","","","","","","","","Ropes","","","","","","","","","","","","","","","","","","","","","","","","","","","","","","","","",""
"Twisted Rope MP CM 3c Ø12,7mm 80g","twisted-rope-mp-cm-3c-12-7mm-80g-r163ml1200mgbkybkc","<table><tbody><tr><th>ERP Material Code</th><td>COR0539</td></tr><tr><th>ERP Product Group</th><td>Ropes</td></tr><tr><th>Average Net Unit Weight (kg)</th><td>29.39107142857143</td></tr><tr><th>Average Gross Unit Weight (kg)</th><td>29.89107142857143</td></tr></tbody></table>","Cotesi","","Rope","Spartan import, department:rope-line-nets, category:rope, Rope, Cotesi","false","draft","R163ML1200MGBKYBKC","","Title","Default Title","","","","","","","","true","","","true","manual","Rope","Rope, Line & Nets","","29.89107142857143","29.39107142857143","","","","","","","","","","","","COR0539","Ropes","","","","","","","","","","","","","","","","","","","","","","","","","","","","","","","","",""
"Twisted Rope MP CM 3c Ø12,7mm 80g","twisted-rope-mp-cm-3c-12-7mm-80g-r163ml1200mgbkyc","<table><tbody><tr><th>ERP Product Group</th><td>Ropes</td></tr><tr><th>Average Net Unit Weight (kg)</th><td>29.546354166666664</td></tr><tr><th>Average Gross Unit Weight (kg)</th><td>29.866354166666664</td></tr></tbody></table>","Cotesi","","Rope","Spartan import, department:rope-line-nets, category:rope, Rope, Cotesi","false","draft","R163ML1200MGBKYC","","Title","Default Title","","","","","","","","true","","","true","manual","Rope","Rope, Line & Nets","","29.866354166666664","29.546354166666664","","","","","","","","","","","","","Ropes","","","","","","","","","","","","","","","","","","","","","","","","","","","","","","","","",""
"Twisted Rope MP CM 3c Ø14,2mm 94g","twisted-rope-mp-cm-3c-14-2mm-94g-r183ml1200mbrc","<table><tbody><tr><th>ERP Material Code</th><td>COR0542</td></tr><tr><th>ERP Product Group</th><td>Ropes</td></tr><tr><th>Average Net Unit Weight (kg)</th><td>34.86</td></tr><tr><th>Average Gross Unit Weight (kg)</th><td>35.42</td></tr></tbody></table>","Cotesi","","Rope","Spartan import, department:rope-line-nets, category:rope, Rope, Cotesi","false","draft","R183ML1200MBRC","","Title","Default Title","","","","","","","","true","","","true","manual","Rope","Rope, Line & Nets","","35.42","34.86","","","","","","","","","","","","COR0542","Ropes","","","","","","","","","","","","","","","","","","","","","","","","","","","","","","","","",""
"Twisted Rope MP CM 3c Ø14,2mm 94g","twisted-rope-mp-cm-3c-14-2mm-94g-r183ml1200mbyc","<table><tbody><tr><th>ERP Product Group</th><td>Ropes</td></tr><tr><th>Average Net Unit Weight (kg)</th><td>34.52777777777778</td></tr><tr><th>Average Gross Unit Weight (kg)</th><td>35.01666666666667</td></tr></tbody></table>","Cotesi","","Rope","Spartan import, department:rope-line-nets, category:rope, Rope, Cotesi","false","draft","R183ML1200MBYC","","Title","Default Title","","","","","","","","true","","","true","manual","Rope","Rope, Line & Nets","","35.01666666666667","34.52777777777778","","","","","","","","","","","","","Ropes","","","","","","","","","","","","","","","","","","","","","","","","","","","","","","","","",""
"Twisted Rope MP CM 3c Ø14,2mm 94g","twisted-rope-mp-cm-3c-14-2mm-94g-r183ml1200mgbkybkc","<table><tbody><tr><th>ERP Product Group</th><td>Ropes</td></tr><tr><th>Average Net Unit Weight (kg)</th><td>34.01733333333333</td></tr><tr><th>Average Gross Unit Weight (kg)</th><td>34.657333333333334</td></tr></tbody></table>","Cotesi","","Rope","Spartan import, department:rope-line-nets, category:rope, Rope, Cotesi","false","draft","R183ML1200MGBKYBKC","","Title","Default Title","","","","","","","","true","","","true","manual","Rope","Rope, Line & Nets","","34.657333333333334","34.01733333333333","","","","","","","","","","","","","Ropes","","","","","","","","","","","","","","","","","","","","","","","","","","","","","","","","",""
"Twisted Rope MP CM 3c Ø14,2mm 94g","twisted-rope-mp-cm-3c-14-2mm-94g-r183ml1200mgbkyc","<table><tbody><tr><th>ERP Product Group</th><td>Ropes</td></tr><tr><th>Average Net Unit Weight (kg)</th><td>34.7043276047261</td></tr><tr><th>Average Gross Unit Weight (kg)</th><td>35.305115288220556</td></tr></tbody></table>","Cotesi","","Rope","Spartan import, department:rope-line-nets, category:rope, Rope, Cotesi","false","draft","R183ML1200MGBKYC","","Title","Default Title","","","","","","","","true","","","true","manual","Rope","Rope, Line & Nets","","35.305115288220556","34.7043276047261","","","","","","","","","","","","","Ropes","","","","","","","","","","","","","","","","","","","","","","","","","","","","","","","","",""
"Twisted Rope MP CM 3c Ø14,2mm 94g","twisted-rope-mp-cm-3c-14-2mm-94g-r183ml1200mgoc","<table><tbody><tr><th>ERP Product Group</th><td>Ropes</td></tr><tr><th>Average Net Unit Weight (kg)</th><td>34.631508456227216</td></tr><tr><th>Average Gross Unit Weight (kg)</th><td>35.3385211007028</td></tr></tbody></table>","Cotesi","","Rope","Spartan import, department:rope-line-nets, category:rope, Rope, Cotesi","false","draft","R183ML1200MGOC","","Title","Default Title","","","","","","","","true","","","true","manual","Rope","Rope, Line & Nets","","35.3385211007028","34.631508456227216","","","","","","","","","","","","","Ropes","","","","","","","","","","","","","","","","","","","","","","","","","","","","","","","","",""
"Twisted Rope MP CM 3c Ø14,2mm 94g","twisted-rope-mp-cm-3c-14-2mm-94g-r183ml1200mr","<table><tbody><tr><th>ERP Product Group</th><td>Ropes</td></tr><tr><th>Average Net Unit Weight (kg)</th><td>34.72555555555556</td></tr><tr><th>Average Gross Unit Weight (kg)</th><td>35.43666666666667</td></tr></tbody></table>","Cotesi","","Rope","Spartan import, department:rope-line-nets, category:rope, Rope, Cotesi","false","draft","R183ML1200MR","","Title","Default Title","","","","","","","","true","","","true","manual","Rope","Rope, Line & Nets","","35.43666666666667","34.72555555555556","","","","","","","","","","","","","Ropes","","","","","","","","","","","","","","","","","","","","","","","","","","","","","","","","",""
"Twisted Rope MP CM 3c Ø15,8mm 120g","twisted-rope-mp-cm-3c-15-8mm-120g-r203ml600mgoc","<table><tbody><tr><th>ERP Product Group</th><td>Ropes</td></tr><tr><th>Average Net Unit Weight (kg)</th><td>22.235755575945795</td></tr><tr><th>Average Gross Unit Weight (kg)</th><td>22.499088909279127</td></tr></tbody></table>","Cotesi","","Rope","Spartan import, department:rope-line-nets, category:rope, Rope, Cotesi","false","draft","R203ML600MGOC","","Title","Default Title","","","","","","","","true","","","true","manual","Rope","Rope, Line & Nets","","22.499088909279127","22.235755575945795","","","","","","","","","","","","","Ropes","","","","","","","","","","","","","","","","","","","","","","","","","","","","","","","","",""
"Twisted Rope MP CM 3c Ø15,8mm 120g","twisted-rope-mp-cm-3c-15-8mm-120g-r203ml1200mboc","<table><tbody><tr><th>ERP Material Code</th><td>COR0544</td></tr><tr><th>ERP Product Group</th><td>Ropes</td></tr><tr><th>Average Net Unit Weight (kg)</th><td>43.93858630118713</td></tr><tr><th>Average Gross Unit Weight (kg)</th><td>45.05765054226818</td></tr></tbody></table>","Cotesi","","Rope","Spartan import, department:rope-line-nets, category:rope, Rope, Cotesi","false","draft","R203ML1200MBOC","","Title","Default Title","","","","","","","","true","","","true","manual","Rope","Rope, Line & Nets","","45.05765054226818","43.93858630118713","","","","","","","","","","","","COR0544","Ropes","","","","","","","","","","","","","","","","","","","","","","","","","","","","","","","","",""
"Twisted Rope MP CM 3c Ø19mm 170g","twisted-rope-mp-cm-3c-19mm-170g-r243ml600mgoc","<table><tbody><tr><th>ERP Material Code</th><td>COR0547</td></tr><tr><th>ERP Product Group</th><td>Ropes</td></tr><tr><th>Average Net Unit Weight (kg)</th><td>31.43</td></tr><tr><th>Average Gross Unit Weight (kg)</th><td>31.43</td></tr></tbody></table>","Cotesi","","Rope","Spartan import, department:rope-line-nets, category:rope, Rope, Cotesi","false","draft","R243ML600MGOC","","Title","Default Title","","","","","","","","true","","","true","manual","Rope","Rope, Line & Nets","","31.43","31.43","","","","","","","","","","","","COR0547","Ropes","","","","","","","","","","","","","","","","","","","","","","","","","","","","","","","","",""
"Twisted Rope MP CM 3c Ø38,1mm 680g","twisted-rope-mp-cm-3c-38-1mm-680g-r333ml600mbc","<table><tbody><tr><th>ERP Material Code</th><td>COR0556</td></tr><tr><th>ERP Product Group</th><td>Ropes</td></tr><tr><th>Average Net Unit Weight (kg)</th><td>122.78055555555555</td></tr><tr><th>Average Gross Unit Weight (kg)</th><td>127.84722222222223</td></tr></tbody></table>","Cotesi","","Rope","Spartan import, department:rope-line-nets, category:rope, Rope, Cotesi","false","draft","R333ML600MBC","","Title","Default Title","","","","","","","","true","","","true","manual","Rope","Rope, Line & Nets","","127.84722222222223","122.78055555555555","","","","","","","","","","","","COR0556","Ropes","","","","","","","","","","","","","","","","","","","","","","","","","","","","","","","","",""
"Twisted Rope MP CMD 3c Ø14,2mm 94g","twisted-rope-mp-cmd-3c-14-2mm-94g-r183ml1200mfgbkyc","<table><tbody><tr><th>ERP Material Code</th><td>COR0708</td></tr><tr><th>ERP Product Group</th><td>Ropes</td></tr><tr><th>Average Net Unit Weight (kg)</th><td>34.66346153846153</td></tr><tr><th>Average Gross Unit Weight (kg)</th><td>34.93269230769231</td></tr></tbody></table>","Cotesi","","Rope","Spartan import, department:rope-line-nets, category:rope, Rope, Cotesi","false","draft","R183ML1200MFGBKYC","","Title","Default Title","","","","","","","","true","","","true","manual","Rope","Rope, Line & Nets","","34.93269230769231","34.66346153846153","","","","","","","","","","","","COR0708","Ropes","","","","","","","","","","","","","","","","","","","","","","","","","","","","","","","","",""
"Twisted Rope MP CMI 3c Ø7,9mm 31g","twisted-rope-mp-cmi-3c-7-9mm-31g-r103ml1200mboc","<table><tbody><tr><th>ERP Material Code</th><td>COR0566</td></tr><tr><th>ERP Product Group</th><td>Ropes</td></tr><tr><th>Average Net Unit Weight (kg)</th><td>11.264821428571427</td></tr><tr><th>Average Gross Unit Weight (kg)</th><td>11.448154761904764</td></tr></tbody></table>","Cotesi","","Rope","Spartan import, department:rope-line-nets, category:rope, Rope, Cotesi","false","draft","R103ML1200MBOC","","Title","Default Title","","","","","","","","true","","","true","manual","Rope","Rope, Line & Nets","","11.448154761904764","11.264821428571427","","","","","","","","","","","","COR0566","Ropes","","","","","","","","","","","","","","","","","","","","","","","","","","","","","","","","",""
"Twisted Rope MP CMI 3c Ø7,9mm 31g","twisted-rope-mp-cmi-3c-7-9mm-31g-r103ml1200mgbc","<table><tbody><tr><th>ERP Product Group</th><td>Ropes</td></tr><tr><th>Average Net Unit Weight (kg)</th><td>11.36138888888889</td></tr><tr><th>Average Gross Unit Weight (kg)</th><td>11.36138888888889</td></tr></tbody></table>","Cotesi","","Rope","Spartan import, department:rope-line-nets, category:rope, Rope, Cotesi","false","draft","R103ML1200MGBC","","Title","Default Title","","","","","","","","true","","","true","manual","Rope","Rope, Line & Nets","","11.36138888888889","11.36138888888889","","","","","","","","","","","","","Ropes","","","","","","","","","","","","","","","","","","","","","","","","","","","","","","","","",""
"Twisted Rope MP CMI 3c Ø7,9mm 31g","twisted-rope-mp-cmi-3c-7-9mm-31g-r103ml1200mgbkybc","<table><tbody><tr><th>ERP Product Group</th><td>Ropes</td></tr><tr><th>Average Net Unit Weight (kg)</th><td>11.413356857015053</td></tr><tr><th>Average Gross Unit Weight (kg)</th><td>11.531290935623872</td></tr></tbody></table>","Cotesi","","Rope","Spartan import, department:rope-line-nets, category:rope, Rope, Cotesi","false","draft","R103ML1200MGBKYBC","","Title","Default Title","","","","","","","","true","","","true","manual","Rope","Rope, Line & Nets","","11.531290935623872","11.413356857015053","","","","","","","","","","","","","Ropes","","","","","","","","","","","","","","","","","","","","","","","","","","","","","","","","",""
"Twisted Rope MP CMI 3c Ø7,9mm 31g","twisted-rope-mp-cmi-3c-7-9mm-31g-r103ml1200mgbkyoc","<table><tbody><tr><th>ERP Product Group</th><td>Ropes</td></tr><tr><th>Average Net Unit Weight (kg)</th><td>11.598255952380953</td></tr><tr><th>Average Gross Unit Weight (kg)</th><td>11.73539880952381</td></tr></tbody></table>","Cotesi","","Rope","Spartan import, department:rope-line-nets, category:rope, Rope, Cotesi","false","draft","R103ML1200MGBKYOC","","Title","Default Title","","","","","","","","true","","","true","manual","Rope","Rope, Line & Nets","","11.73539880952381","11.598255952380953","","","","","","","","","","","","","Ropes","","","","","","","","","","","","","","","","","","","","","","","","","","","","","","","","",""
"Twisted Rope MP CMI 3c Ø7,9mm 31g","twisted-rope-mp-cmi-3c-7-9mm-31g-r103ml1200mgbkywc","<table><tbody><tr><th>ERP Product Group</th><td>Ropes</td></tr><tr><th>Average Net Unit Weight (kg)</th><td>11.507994822485207</td></tr><tr><th>Average Gross Unit Weight (kg)</th><td>11.583714743589741</td></tr></tbody></table>","Cotesi","","Rope","Spartan import, department:rope-line-nets, category:rope, Rope, Cotesi","false","draft","R103ML1200MGBKYWC","","Title","Default Title","","","","","","","","true","","","true","manual","Rope","Rope, Line & Nets","","11.583714743589741","11.507994822485207","","","","","","","","","","","","","Ropes","","","","","","","","","","","","","","","","","","","","","","","","","","","","","","","","",""
"Twisted Rope MP CMI 3c Ø7,9mm 31g","twisted-rope-mp-cmi-3c-7-9mm-31g-r103ml1200mgoc","<table><tbody><tr><th>ERP Product Group</th><td>Ropes</td></tr><tr><th>Average Net Unit Weight (kg)</th><td>11.352366071428573</td></tr><tr><th>Average Gross Unit Weight (kg)</th><td>11.424694759001161</td></tr></tbody></table>","Cotesi","","Rope","Spartan import, department:rope-line-nets, category:rope, Rope, Cotesi","false","draft","R103ML1200MGOC","","Title","Default Title","","","","","","","","true","","","true","manual","Rope","Rope, Line & Nets","","11.424694759001161","11.352366071428573","","","","","","","","","","","","","Ropes","","","","","","","","","","","","","","","","","","","","","","","","","","","","","","","","",""
"Twisted Rope MP CMI 3c Ø7,9mm 31g","twisted-rope-mp-cmi-3c-7-9mm-31g-r103ml1200mgryc","<table><tbody><tr><th>ERP Product Group</th><td>Ropes</td></tr><tr><th>Average Net Unit Weight (kg)</th><td>11.389603658536586</td></tr><tr><th>Average Gross Unit Weight (kg)</th><td>11.389603658536586</td></tr></tbody></table>","Cotesi","","Rope","Spartan import, department:rope-line-nets, category:rope, Rope, Cotesi","false","draft","R103ML1200MGRYC","","Title","Default Title","","","","","","","","true","","","true","manual","Rope","Rope, Line & Nets","","11.389603658536586","11.389603658536586","","","","","","","","","","","","","Ropes","","","","","","","","","","","","","","","","","","","","","","","","","","","","","","","","",""
"Twisted Rope MP CMI 3c Ø7,9mm 31g","twisted-rope-mp-cmi-3c-7-9mm-31g-r103ml1200mgrygryc","<table><tbody><tr><th>ERP Product Group</th><td>Ropes</td></tr><tr><th>Average Net Unit Weight (kg)</th><td>11.5325</td></tr><tr><th>Average Gross Unit Weight (kg)</th><td>11.5325</td></tr></tbody></table>","Cotesi","","Rope","Spartan import, department:rope-line-nets, category:rope, Rope, Cotesi","false","draft","R103ML1200MGRYGRYC","","Title","Default Title","","","","","","","","true","","","true","manual","Rope","Rope, Line & Nets","","11.5325","11.5325","","","","","","","","","","","","","Ropes","","","","","","","","","","","","","","","","","","","","","","","","","","","","","","","","",""
"Twisted Rope MP CMI 3c Ø9,5mm 47g","twisted-rope-mp-cmi-3c-9-5mm-47g-r123ml1200mbwc","<table><tbody><tr><th>ERP Material Code</th><td>COR0570</td></tr><tr><th>ERP Product Group</th><td>Ropes</td></tr><tr><th>Average Net Unit Weight (kg)</th><td>17.526934065934068</td></tr><tr><th>Average Gross Unit Weight (kg)</th><td>17.736164835164836</td></tr></tbody></table>","Cotesi","","Rope","Spartan import, department:rope-line-nets, category:rope, Rope, Cotesi","false","draft","R123ML1200MBWC","","Title","Default Title","","","","","","","","true","","","true","manual","Rope","Rope, Line & Nets","","17.736164835164836","17.526934065934068","","","","","","","","","","","","COR0570","Ropes","","","","","","","","","","","","","","","","","","","","","","","","","","","","","","","","",""
"Twisted Rope MP CMI 3c Ø9,5mm 47g","twisted-rope-mp-cmi-3c-9-5mm-47g-r123ml1200mgbc","<table><tbody><tr><th>ERP Product Group</th><td>Ropes</td></tr><tr><th>Average Net Unit Weight (kg)</th><td>17.547925824175827</td></tr><tr><th>Average Gross Unit Weight (kg)</th><td>17.61141788766789</td></tr></tbody></table>","Cotesi","","Rope","Spartan import, department:rope-line-nets, category:rope, Rope, Cotesi","false","draft","R123ML1200MGBC","","Title","Default Title","","","","","","","","true","","","true","manual","Rope","Rope, Line & Nets","","17.61141788766789","17.547925824175827","","","","","","","","","","","","","Ropes","","","","","","","","","","","","","","","","","","","","","","","","","","","","","","","","",""
"Twisted Rope MP CMI 3c Ø9,5mm 47g","twisted-rope-mp-cmi-3c-9-5mm-47g-r123ml1200mgbkybc","<table><tbody><tr><th>ERP Product Group</th><td>Ropes</td></tr><tr><th>Average Net Unit Weight (kg)</th><td>17.387262500000002</td></tr><tr><th>Average Gross Unit Weight (kg)</th><td>17.6652625</td></tr></tbody></table>","Cotesi","","Rope","Spartan import, department:rope-line-nets, category:rope, Rope, Cotesi","false","draft","R123ML1200MGBKYBC","","Title","Default Title","","","","","","","","true","","","true","manual","Rope","Rope, Line & Nets","","17.6652625","17.387262500000002","","","","","","","","","","","","","Ropes","","","","","","","","","","","","","","","","","","","","","","","","","","","","","","","","",""
"Twisted Rope MP CMI 3c Ø9,5mm 47g","twisted-rope-mp-cmi-3c-9-5mm-47g-r123ml1200mgbkygc","<table><tbody><tr><th>ERP Product Group</th><td>Ropes</td></tr><tr><th>Average Net Unit Weight (kg)</th><td>17.6537037037037</td></tr><tr><th>Average Gross Unit Weight (kg)</th><td>17.95</td></tr></tbody></table>","Cotesi","","Rope","Spartan import, department:rope-line-nets, category:rope, Rope, Cotesi","false","draft","R123ML1200MGBKYGC","","Title","Default Title","","","","","","","","true","","","true","manual","Rope","Rope, Line & Nets","","17.95","17.6537037037037","","","","","","","","","","","","","Ropes","","","","","","","","","","","","","","","","","","","","","","","","","","","","","","","","",""
"Twisted Rope MP CMI 3c Ø9,5mm 47g","twisted-rope-mp-cmi-3c-9-5mm-47g-r123ml1200mgbkywc","<table><tbody><tr><th>ERP Product Group</th><td>Ropes</td></tr><tr><th>Average Net Unit Weight (kg)</th><td>17.535009523809524</td></tr><tr><th>Average Gross Unit Weight (kg)</th><td>17.97081904761905</td></tr></tbody></table>","Cotesi","","Rope","Spartan import, department:rope-line-nets, category:rope, Rope, Cotesi","false","draft","R123ML1200MGBKYWC","","Title","Default Title","","","","","","","","true","","","true","manual","Rope","Rope, Line & Nets","","17.97081904761905","17.535009523809524","","","","","","","","","","","","","Ropes","","","","","","","","","","","","","","","","","","","","","","","","","","","","","","","","",""
"Twisted Rope MP CMI 3c Ø9,5mm 47g","twisted-rope-mp-cmi-3c-9-5mm-47g-r123ml1200mgbyc","<table><tbody><tr><th>ERP Product Group</th><td>Ropes</td></tr><tr><th>Average Net Unit Weight (kg)</th><td>17.280440476190478</td></tr><tr><th>Average Gross Unit Weight (kg)</th><td>17.344440476190478</td></tr></tbody></table>","Cotesi","","Rope","Spartan import, department:rope-line-nets, category:rope, Rope, Cotesi","false","draft","R123ML1200MGBYC","","Title","Default Title","","","","","","","","true","","","true","manual","Rope","Rope, Line & Nets","","17.344440476190478","17.280440476190478","","","","","","","","","","","","","Ropes","","","","","","","","","","","","","","","","","","","","","","","","","","","","","","","","",""
"Twisted Rope MP CMI 3c Ø9,5mm 47g","twisted-rope-mp-cmi-3c-9-5mm-47g-r123ml1200mgbyrc","<table><tbody><tr><th>ERP Product Group</th><td>Ropes</td></tr><tr><th>Average Net Unit Weight (kg)</th><td>17.2926182297537</td></tr><tr><th>Average Gross Unit Weight (kg)</th><td>17.44525411508527</td></tr></tbody></table>","Cotesi","","Rope","Spartan import, department:rope-line-nets, category:rope, Rope, Cotesi","false","draft","R123ML1200MGBYRC","","Title","Default Title","","","","","","","","true","","","true","manual","Rope","Rope, Line & Nets","","17.44525411508527","17.2926182297537","","","","","","","","","","","","","Ropes","","","","","","","","","","","","","","","","","","","","","","","","","","","","","","","","",""
"Twisted Rope MP CMI 3c Ø9,5mm 47g","twisted-rope-mp-cmi-3c-9-5mm-47g-r123ml1200mgbywc","<table><tbody><tr><th>ERP Product Group</th><td>Ropes</td></tr><tr><th>Average Net Unit Weight (kg)</th><td>17.28919194139194</td></tr><tr><th>Average Gross Unit Weight (kg)</th><td>17.406525274725276</td></tr></tbody></table>","Cotesi","","Rope","Spartan import, department:rope-line-nets, category:rope, Rope, Cotesi","false","draft","R123ML1200MGBYWC","","Title","Default Title","","","","","","","","true","","","true","manual","Rope","Rope, Line & Nets","","17.406525274725276","17.28919194139194","","","","","","","","","","","","","Ropes","","","","","","","","","","","","","","","","","","","","","","","","","","","","","","","","",""
"Twisted Rope MP CMI 3c Ø9,5mm 47g","twisted-rope-mp-cmi-3c-9-5mm-47g-r123ml1200mgbyyoc","<table><tbody><tr><th>ERP Product Group</th><td>Ropes</td></tr><tr><th>Average Net Unit Weight (kg)</th><td>17.350725376475374</td></tr><tr><th>Average Gross Unit Weight (kg)</th><td>17.499720085470084</td></tr></tbody></table>","Cotesi","","Rope","Spartan import, department:rope-line-nets, category:rope, Rope, Cotesi","false","draft","R123ML1200MGBYYOC","","Title","Default Title","","","","","","","","true","","","true","manual","Rope","Rope, Line & Nets","","17.499720085470084","17.350725376475374","","","","","","","","","","","","","Ropes","","","","","","","","","","","","","","","","","","","","","","","","","","","","","","","","",""
"Twisted Rope MP CMI 3c Ø9,5mm 47g","twisted-rope-mp-cmi-3c-9-5mm-47g-r123ml1200mgoc","<table><tbody><tr><th>ERP Product Group</th><td>Ropes</td></tr><tr><th>Average Net Unit Weight (kg)</th><td>17.43960951090016</td></tr><tr><th>Average Gross Unit Weight (kg)</th><td>17.569192835225284</td></tr></tbody></table>","Cotesi","","Rope","Spartan import, department:rope-line-nets, category:rope, Rope, Cotesi","false","draft","R123ML1200MGOC","","Title","Default Title","","","","","","","","true","","","true","manual","Rope","Rope, Line & Nets","","17.569192835225284","17.43960951090016","","","","","","","","","","","","","Ropes","","","","","","","","","","","","","","","","","","","","","","","","","","","","","","","","",""
"Twisted Rope MP CMI 3c Ø9,5mm 47g","twisted-rope-mp-cmi-3c-9-5mm-47g-r123ml1200mgryc","<table><tbody><tr><th>ERP Product Group</th><td>Ropes</td></tr><tr><th>Average Net Unit Weight (kg)</th><td>17.50777777777778</td></tr><tr><th>Average Gross Unit Weight (kg)</th><td>17.685555555555556</td></tr></tbody></table>","Cotesi","","Rope","Spartan import, department:rope-line-nets, category:rope, Rope, Cotesi","false","draft","R123ML1200MGRYC","","Title","Default Title","","","","","","","","true","","","true","manual","Rope","Rope, Line & Nets","","17.685555555555556","17.50777777777778","","","","","","","","","","","","","Ropes","","","","","","","","","","","","","","","","","","","","","","","","","","","","","","","","",""
"Twisted Rope MP CMI 3c Ø9,5mm 47g","twisted-rope-mp-cmi-3c-9-5mm-47g-r123ml1200mgrygryc","<table><tbody><tr><th>ERP Product Group</th><td>Ropes</td></tr><tr><th>Average Net Unit Weight (kg)</th><td>17.52</td></tr><tr><th>Average Gross Unit Weight (kg)</th><td>17.52</td></tr></tbody></table>","Cotesi","","Rope","Spartan import, department:rope-line-nets, category:rope, Rope, Cotesi","false","draft","R123ML1200MGRYGRYC","","Title","Default Title","","","","","","","","true","","","true","manual","Rope","Rope, Line & Nets","","17.52","17.52","","","","","","","","","","","","","Ropes","","","","","","","","","","","","","","","","","","","","","","","","","","","","","","","","",""
"Twisted Rope MP CML 3c Ø9,5mm 47g","twisted-rope-mp-cml-3c-9-5mm-47g-r123ml1200m-sboc","<table><tbody><tr><th>ERP Material Code</th><td>COR1182</td></tr><tr><th>ERP Product Group</th><td>Ropes</td></tr><tr><th>Average Net Unit Weight (kg)</th><td>17.374099397334692</td></tr><tr><th>Average Gross Unit Weight (kg)</th><td>17.374099397334692</td></tr></tbody></table>","Cotesi","","Rope","Spartan import, department:rope-line-nets, category:rope, Rope, Cotesi","false","draft","R123ML1200M/SBOC","","Title","Default Title","","","","","","","","true","","","true","manual","Rope","Rope, Line & Nets","","17.374099397334692","17.374099397334692","","","","","","","","","","","","COR1182","Ropes","","","","","","","","","","","","","","","","","","","","","","","","","","","","","","","","",""
"Twisted Rope MP CML 3c Ø10mm 47g","twisted-rope-mp-cml-3c-10mm-47g-r10mm3ml1200m-sbyc","<table><tbody><tr><th>ERP Material Code</th><td>COR1178</td></tr><tr><th>ERP Product Group</th><td>Ropes</td></tr><tr><th>Average Net Unit Weight (kg)</th><td>17.240416666666665</td></tr><tr><th>Average Gross Unit Weight (kg)</th><td>17.329305555555553</td></tr></tbody></table>","Cotesi","","Rope","Spartan import, department:rope-line-nets, category:rope, Rope, Cotesi","false","draft","R10MM3ML1200M/SBYC","","Title","Default Title","","","","","","","","true","","","true","manual","Rope","Rope, Line & Nets","","17.329305555555553","17.240416666666665","","","","","","","","","","","","COR1178","Ropes","","","","","","","","","","","","","","","","","","","","","","","","","","","","","","","","",""
"Twisted Rope MP CML 3c Ø10mm 47g","twisted-rope-mp-cml-3c-10mm-47g-r10mm3ml1200m-sbywc","<table><tbody><tr><th>ERP Product Group</th><td>Ropes</td></tr><tr><th>Average Net Unit Weight (kg)</th><td>17.48067307692308</td></tr><tr><th>Average Gross Unit Weight (kg)</th><td>17.48067307692308</td></tr></tbody></table>","Cotesi","","Rope","Spartan import, department:rope-line-nets, category:rope, Rope, Cotesi","false","draft","R10MM3ML1200M/SBYWC","","Title","Default Title","","","","","","","","true","","","true","manual","Rope","Rope, Line & Nets","","17.48067307692308","17.48067307692308","","","","","","","","","","","","","Ropes","","","","","","","","","","","","","","","","","","","","","","","","","","","","","","","","",""
"Twisted Rope MP CML 3c Ø10mm 47g","twisted-rope-mp-cml-3c-10mm-47g-r10mm3ml1200m-sgrbc","<table><tbody><tr><th>ERP Product Group</th><td>Ropes</td></tr><tr><th>Average Net Unit Weight (kg)</th><td>17.33971525727408</td></tr><tr><th>Average Gross Unit Weight (kg)</th><td>17.438015910868852</td></tr></tbody></table>","Cotesi","","Rope","Spartan import, department:rope-line-nets, category:rope, Rope, Cotesi","false","draft","R10MM3ML1200M/SGRBC","","Title","Default Title","","","","","","","","true","","","true","manual","Rope","Rope, Line & Nets","","17.438015910868852","17.33971525727408","","","","","","","","","","","","","Ropes","","","","","","","","","","","","","","","","","","","","","","","","","","","","","","","","",""
"Twisted Rope MP CML 3c Ø11,1mm 57,5g","twisted-rope-mp-cml-3c-11-1mm-57-5g-r143ml1200m-sboc","<table><tbody><tr><th>ERP Material Code</th><td>COR1634</td></tr><tr><th>ERP Product Group</th><td>Ropes</td></tr><tr><th>Average Net Unit Weight (kg)</th><td>21.253857142857143</td></tr><tr><th>Average Gross Unit Weight (kg)</th><td>21.359042328042328</td></tr></tbody></table>","Cotesi","","Rope","Spartan import, department:rope-line-nets, category:rope, Rope, Cotesi","false","draft","R143ML1200M/SBOC","","Title","Default Title","","","","","","","","true","","","true","manual","Rope","Rope, Line & Nets","","21.359042328042328","21.253857142857143","","","","","","","","","","","","COR1634","Ropes","","","","","","","","","","","","","","","","","","","","","","","","","","","","","","","","",""
"Twisted Rope MP CML 3c Ø12,7mm 80g","twisted-rope-mp-cml-3c-12-7mm-80g-r163ml1200m-sboc","<table><tbody><tr><th>ERP Material Code</th><td>COR1183</td></tr><tr><th>ERP Product Group</th><td>Ropes</td></tr><tr><th>Average Net Unit Weight (kg)</th><td>29.648648775894543</td></tr><tr><th>Average Gross Unit Weight (kg)</th><td>30.08403013182674</td></tr></tbody></table>","Cotesi","","Rope","Spartan import, department:rope-line-nets, category:rope, Rope, Cotesi","false","draft","R163ML1200M/SBOC","","Title","Default Title","","","","","","","","true","","","true","manual","Rope","Rope, Line & Nets","","30.08403013182674","29.648648775894543","","","","","","","","","","","","COR1183","Ropes","","","","","","","","","","","","","","","","","","","","","","","","","","","","","","","","",""
"Twisted Rope MPPBL1 CMD 3c Ø8,7mm 73g","twisted-rope-mppbl1-cmd-3c-8-7mm-73g-r113mll1800mfbkc","<table><tbody><tr><th>ERP Material Code</th><td>COR2399</td></tr><tr><th>ERP Product Group</th><td>Ropes</td></tr><tr><th>Average Net Unit Weight (kg)</th><td>40.34809523809524</td></tr><tr><th>Average Gross Unit Weight (kg)</th><td>41.24809523809523</td></tr></tbody></table>","Cotesi","","Rope","Spartan import, department:rope-line-nets, category:rope, Rope, Cotesi","false","draft","R113MLL1800MFBKC","","Title","Default Title","","","","","","","","true","","","true","manual","Rope","Rope, Line & Nets","","41.24809523809523","40.34809523809524","","","","","","","","","","","","COR2399","Ropes","","","","","","","","","","","","","","","","","","","","","","","","","","","","","","","","",""
"Twisted Rope MPPBL3 CM 3c Ø9,5mm 70g","twisted-rope-mppbl3-cm-3c-9-5mm-70g-r123mll1200mgbkc","<table><tbody><tr><th>ERP Material Code</th><td>COR0744</td></tr><tr><th>ERP Product Group</th><td>Ropes</td></tr><tr><th>Average Net Unit Weight (kg)</th><td>26.0234016137186</td></tr><tr><th>Average Gross Unit Weight (kg)</th><td>26.317840736749684</td></tr></tbody></table>","Cotesi","","Rope","Spartan import, department:rope-line-nets, category:rope, Rope, Cotesi","false","draft","R123MLL1200MGBKC","","Title","Default Title","","","","","","","","true","","","true","manual","Rope","Rope, Line & Nets","","26.317840736749684","26.0234016137186","","","","","","","","","","","","COR0744","Ropes","","","","","","","","","","","","","","","","","","","","","","","","","","","","","","","","",""
"Twisted Rope MPPBL3 CM 3c Ø11,1mm 115g","twisted-rope-mppbl3-cm-3c-11-1mm-115g-r143mll1200mobkyc","<table><tbody><tr><th>ERP Material Code</th><td>COR2129</td></tr><tr><th>ERP Product Group</th><td>Ropes</td></tr><tr><th>Average Net Unit Weight (kg)</th><td>42.22</td></tr><tr><th>Average Gross Unit Weight (kg)</th><td>43.019999999999996</td></tr></tbody></table>","Cotesi","","Rope","Spartan import, department:rope-line-nets, category:rope, Rope, Cotesi","false","draft","R143MLL1200MOBKYC","","Title","Default Title","","","","","","","","true","","","true","manual","Rope","Rope, Line & Nets","","43.019999999999996","42.22","","","","","","","","","","","","COR2129","Ropes","","","","","","","","","","","","","","","","","","","","","","","","","","","","","","","","",""
"Twisted Rope MPPBL3 CM 3c Ø12,7mm 136g","twisted-rope-mppbl3-cm-3c-12-7mm-136g-r163ml600mlgbkc","<table><tbody><tr><th>ERP Material Code</th><td>COR1512</td></tr><tr><th>ERP Product Group</th><td>Ropes</td></tr><tr><th>Average Net Unit Weight (kg)</th><td>25.04357142857143</td></tr><tr><th>Average Gross Unit Weight (kg)</th><td>25.44738095238095</td></tr></tbody></table>","Cotesi","","Rope","Spartan import, department:rope-line-nets, category:rope, Rope, Cotesi","false","draft","R163ML600MLGBKC","","Title","Default Title","","","","","","","","true","","","true","manual","Rope","Rope, Line & Nets","","25.44738095238095","25.04357142857143","","","","","","","","","","","","COR1512","Ropes","","","","","","","","","","","","","","","","","","","","","","","","","","","","","","","","",""
"Twisted Rope MPPBL3 CM 3c Ø12,7mm 136g","twisted-rope-mppbl3-cm-3c-12-7mm-136g-r163mll1200mbbkyc","<table><tbody><tr><th>ERP Product Group</th><td>Ropes</td></tr><tr><th>Average Net Unit Weight (kg)</th><td>49.7</td></tr><tr><th>Average Gross Unit Weight (kg)</th><td>50.9</td></tr></tbody></table>","Cotesi","","Rope","Spartan import, department:rope-line-nets, category:rope, Rope, Cotesi","false","draft","R163MLL1200MBBKYC","","Title","Default Title","","","","","","","","true","","","true","manual","Rope","Rope, Line & Nets","","50.9","49.7","","","","","","","","","","","","","Ropes","","","","","","","","","","","","","","","","","","","","","","","","","","","","","","","","",""
"Twisted Rope MPPBL3 ED 3c Ø22mm 392g","twisted-rope-mppbl3-ed-3c-22mm-392g-r283ml440mlbc","<table><tbody><tr><th>ERP Material Code</th><td>COR0746</td></tr><tr><th>ERP Product Group</th><td>Ropes</td></tr><tr><th>Average Net Unit Weight (kg)</th><td>178.52800925925928</td></tr><tr><th>Average Gross Unit Weight (kg)</th><td>180.69467592592594</td></tr></tbody></table>","Cotesi","","Rope","Spartan import, department:rope-line-nets, category:rope, Rope, Cotesi","false","draft","R283ML440MLBC","","Title","Default Title","","","","","","","","true","","","true","manual","Rope","Rope, Line & Nets","","180.69467592592594","178.52800925925928","","","","","","","","","","","","COR0746","Ropes","","","","","","","","","","","","","","","","","","","","","","","","","","","","","","","","",""
"Twisted Rope MPPBL3 ED 3c Ø28mm 627g","twisted-rope-mppbl3-ed-3c-28mm-627g-11190022","<table><tbody><tr><th>ERP Material Code</th><td>COR1619</td></tr><tr><th>ERP Product Group</th><td>Ropes</td></tr><tr><th>Average Net Unit Weight (kg)</th><td>272.59999999999997</td></tr><tr><th>Average Gross Unit Weight (kg)</th><td>276.59999999999997</td></tr></tbody></table>","Cotesi","","Rope","Spartan import, department:rope-line-nets, category:rope, Rope, Cotesi","false","draft","11190022","","Title","Default Title","","","","","","","","true","","","true","manual","Rope","Rope, Line & Nets","","276.59999999999997","272.59999999999997","","","","","","","","","","","","COR1619","Ropes","","","","","","","","","","","","","","","","","","","","","","","","","","","","","","","","",""
"Twisted Rope MPPBL3 ED 3c Ø28mm 627g","twisted-rope-mppbl3-ed-3c-28mm-627g-r403ml1440ehmwc","<table><tbody><tr><th>ERP Product Group</th><td>Ropes</td></tr><tr><th>Average Net Unit Weight (kg)</th><td>290.5</td></tr><tr><th>Average Gross Unit Weight (kg)</th><td>296.5</td></tr></tbody></table>","Cotesi","","Rope","Spartan import, department:rope-line-nets, category:rope, Rope, Cotesi","false","draft","R403ML1440EHMWC","","Title","Default Title","","","","","","","","true","","","true","manual","Rope","Rope, Line & Nets","","296.5","290.5","","","","","","","","","","","","","Ropes","","","","","","","","","","","","","","","","","","","","","","","","","","","","","","","","",""
"Twisted Rope PE CD 3c Ø7,9mm 37g","twisted-rope-pe-cd-3c-7-9mm-37g-r103pe1200h2bc","<table><tbody><tr><th>ERP Material Code</th><td>COR0830</td></tr><tr><th>ERP Product Group</th><td>Ropes</td></tr><tr><th>Average Net Unit Weight (kg)</th><td>13.738461538461538</td></tr><tr><th>Average Gross Unit Weight (kg)</th><td>13.738461538461538</td></tr></tbody></table>","Cotesi","","Rope","Spartan import, department:rope-line-nets, category:rope, Rope, Cotesi","false","draft","R103PE1200H2BC","","Title","Default Title","","","","","","","","true","","","true","manual","Rope","Rope, Line & Nets","","13.738461538461538","13.738461538461538","","","","","","","","","","","","COR0830","Ropes","","","","","","","","","","","","","","","","","","","","","","","","","","","","","","","","",""
"Twisted Rope PE CD 3c Ø7,9mm 37g","twisted-rope-pe-cd-3c-7-9mm-37g-r103pe1200h2obkybkc","<table><tbody><tr><th>ERP Product Group</th><td>Ropes</td></tr><tr><th>Average Net Unit Weight (kg)</th><td>13.6</td></tr><tr><th>Average Gross Unit Weight (kg)</th><td>13.76</td></tr></tbody></table>","Cotesi","","Rope","Spartan import, department:rope-line-nets, category:rope, Rope, Cotesi","false","draft","R103PE1200H2OBKYBKC","","Title","Default Title","","","","","","","","true","","","true","manual","Rope","Rope, Line & Nets","","13.76","13.6","","","","","","","","","","","","","Ropes","","","","","","","","","","","","","","","","","","","","","","","","","","","","","","","","",""
"Twisted Rope PE CD 3c Ø7,9mm 37g","twisted-rope-pe-cd-3c-7-9mm-37g-r103pe1200h2oc","<table><tbody><tr><th>ERP Product Group</th><td>Ropes</td></tr><tr><th>Average Net Unit Weight (kg)</th><td>13.554535911193998</td></tr><tr><th>Average Gross Unit Weight (kg)</th><td>13.597779154437243</td></tr></tbody></table>","Cotesi","","Rope","Spartan import, department:rope-line-nets, category:rope, Rope, Cotesi","false","draft","R103PE1200H2OC","","Title","Default Title","","","","","","","","true","","","true","manual","Rope","Rope, Line & Nets","","13.597779154437243","13.554535911193998","","","","","","","","","","","","","Ropes","","","","","","","","","","","","","","","","","","","","","","","","","","","","","","","","",""
"Twisted Rope PE CD 3c Ø14,2mm 100g","twisted-rope-pe-cd-3c-14-2mm-100g-r183pe1200h2bc","<table><tbody><tr><th>ERP Material Code</th><td>COR0829</td></tr><tr><th>ERP Product Group</th><td>Ropes</td></tr><tr><th>Average Net Unit Weight (kg)</th><td>36.36666666666667</td></tr><tr><th>Average Gross Unit Weight (kg)</th><td>36.36666666666667</td></tr></tbody></table>","Cotesi","","Rope","Spartan import, department:rope-line-nets, category:rope, Rope, Cotesi","false","draft","R183PE1200H2BC","","Title","Default Title","","","","","","","","true","","","true","manual","Rope","Rope, Line & Nets","","36.36666666666667","36.36666666666667","","","","","","","","","","","","COR0829","Ropes","","","","","","","","","","","","","","","","","","","","","","","","","","","","","","","","",""
"Twisted Rope PE CD2 3c Ø9,5mm 54g","twisted-rope-pe-cd2-3c-9-5mm-54g-r123pe1200h2bc","<table><tbody><tr><th>ERP Material Code</th><td>COR1208</td></tr><tr><th>ERP Product Group</th><td>Ropes</td></tr><tr><th>Average Net Unit Weight (kg)</th><td>19.79633498445998</td></tr><tr><th>Average Gross Unit Weight (kg)</th><td>19.837360625485623</td></tr></tbody></table>","Cotesi","","Rope","Spartan import, department:rope-line-nets, category:rope, Rope, Cotesi","false","draft","R123PE1200H2BC","","Title","Default Title","","","","","","","","true","","","true","manual","Rope","Rope, Line & Nets","","19.837360625485623","19.79633498445998","","","","","","","","","","","","COR1208","Ropes","","","","","","","","","","","","","","","","","","","","","","","","","","","","","","","","",""
"Twisted Rope PE CD2 3c Ø9,5mm 54g","twisted-rope-pe-cd2-3c-9-5mm-54g-r123pe1200h2oc","<table><tbody><tr><th>ERP Product Group</th><td>Ropes</td></tr><tr><th>Average Net Unit Weight (kg)</th><td>19.8347301187444</td></tr><tr><th>Average Gross Unit Weight (kg)</th><td>19.93309538055794</td></tr></tbody></table>","Cotesi","","Rope","Spartan import, department:rope-line-nets, category:rope, Rope, Cotesi","false","draft","R123PE1200H2OC","","Title","Default Title","","","","","","","","true","","","true","manual","Rope","Rope, Line & Nets","","19.93309538055794","19.8347301187444","","","","","","","","","","","","","Ropes","","","","","","","","","","","","","","","","","","","","","","","","","","","","","","","","",""
"Twisted Rope PE CD2 3c Ø11,1mm 68,9g","twisted-rope-pe-cd2-3c-11-1mm-68-9g-r143pe1200h2bc","<table><tbody><tr><th>ERP Material Code</th><td>COR1538</td></tr><tr><th>ERP Product Group</th><td>Ropes</td></tr><tr><th>Average Net Unit Weight (kg)</th><td>25.333333333333336</td></tr><tr><th>Average Gross Unit Weight (kg)</th><td>25.333333333333336</td></tr></tbody></table>","Cotesi","","Rope","Spartan import, department:rope-line-nets, category:rope, Rope, Cotesi","false","draft","R143PE1200H2BC","","Title","Default Title","","","","","","","","true","","","true","manual","Rope","Rope, Line & Nets","","25.333333333333336","25.333333333333336","","","","","","","","","","","","COR1538","Ropes","","","","","","","","","","","","","","","","","","","","","","","","","","","","","","","","",""
"Twisted Rope PE CD2 3c Ø12,0mm 81,6g","twisted-rope-pe-cd2-3c-12-0mm-81-6g-r163pe1200h2oc","<table><tbody><tr><th>ERP Material Code</th><td>COR0828</td></tr><tr><th>ERP Product Group</th><td>Ropes</td></tr><tr><th>Average Net Unit Weight (kg)</th><td>29.72</td></tr><tr><th>Average Gross Unit Weight (kg)</th><td>29.72</td></tr></tbody></table>","Cotesi","","Rope","Spartan import, department:rope-line-nets, category:rope, Rope, Cotesi","false","draft","R163PE1200H2OC","","Title","Default Title","","","","","","","","true","","","true","manual","Rope","Rope, Line & Nets","","29.72","29.72","","","","","","","","","","","","COR0828","Ropes","","","","","","","","","","","","","","","","","","","","","","","","","","","","","","","","",""
"Twisted Rope PE CM 3c Ø6,3mm 20g","twisted-rope-pe-cm-3c-6-3mm-20g-r083pe1200moc","<table><tbody><tr><th>ERP Material Code</th><td>COR1799</td></tr><tr><th>ERP Product Group</th><td>Ropes</td></tr><tr><th>Average Net Unit Weight (kg)</th><td>7.3805</td></tr><tr><th>Average Gross Unit Weight (kg)</th><td>7.3805</td></tr></tbody></table>","Cotesi","","Rope","Spartan import, department:rope-line-nets, category:rope, Rope, Cotesi","false","draft","R083PE1200MOC","","Title","Default Title","","","","","","","","true","","","true","manual","Rope","Rope, Line & Nets","","7.3805","7.3805","","","","","","","","","","","","COR1799","Ropes","","","","","","","","","","","","","","","","","","","","","","","","","","","","","","","","",""
"Twisted Rope PE CM 3c Ø7,9mm 35g","twisted-rope-pe-cm-3c-7-9mm-35g-r103pe1200mabkyoc","<table><tbody><tr><th>ERP Material Code</th><td>COR0892</td></tr><tr><th>ERP Product Group</th><td>Ropes</td></tr><tr><th>Average Net Unit Weight (kg)</th><td>12.872134870719776</td></tr><tr><th>Average Gross Unit Weight (kg)</th><td>13.020283018867925</td></tr></tbody></table>","Cotesi","","Rope","Spartan import, department:rope-line-nets, category:rope, Rope, Cotesi","false","draft","R103PE1200MABKYOC","","Title","Default Title","","","","","","","","true","","","true","manual","Rope","Rope, Line & Nets","","13.020283018867925","12.872134870719776","","","","","","","","","","","","COR0892","Ropes","","","","","","","","","","","","","","","","","","","","","","","","","","","","","","","","",""
"Twisted Rope PE CM 3c Ø7,9mm 35g","twisted-rope-pe-cm-3c-7-9mm-35g-r103pe1200mac","<table><tbody><tr><th>ERP Product Group</th><td>Ropes</td></tr><tr><th>Average Net Unit Weight (kg)</th><td>13.188450299905293</td></tr><tr><th>Average Gross Unit Weight (kg)</th><td>13.262868904556456</td></tr></tbody></table>","Cotesi","","Rope","Spartan import, department:rope-line-nets, category:rope, Rope, Cotesi","false","draft","R103PE1200MAC","","Title","Default Title","","","","","","","","true","","","true","manual","Rope","Rope, Line & Nets","","13.262868904556456","13.188450299905293","","","","","","","","","","","","","Ropes","","","","","","","","","","","","","","","","","","","","","","","","","","","","","","","","",""
"Twisted Rope PE CM 3c Ø7,9mm 35g","twisted-rope-pe-cm-3c-7-9mm-35g-r103pe1200mbbkyoc","<table><tbody><tr><th>ERP Product Group</th><td>Ropes</td></tr><tr><th>Average Net Unit Weight (kg)</th><td>12.958374910490509</td></tr><tr><th>Average Gross Unit Weight (kg)</th><td>13.10317440923738</td></tr></tbody></table>","Cotesi","","Rope","Spartan import, department:rope-line-nets, category:rope, Rope, Cotesi","false","draft","R103PE1200MBBKYOC","","Title","Default Title","","","","","","","","true","","","true","manual","Rope","Rope, Line & Nets","","13.10317440923738","12.958374910490509","","","","","","","","","","","","","Ropes","","","","","","","","","","","","","","","","","","","","","","","","","","","","","","","","",""
"Twisted Rope PE CM 3c Ø7,9mm 35g","twisted-rope-pe-cm-3c-7-9mm-35g-r103pe1200mbbkywc","<table><tbody><tr><th>ERP Product Group</th><td>Ropes</td></tr><tr><th>Average Net Unit Weight (kg)</th><td>12.919108301997005</td></tr><tr><th>Average Gross Unit Weight (kg)</th><td>12.960924470324802</td></tr></tbody></table>","Cotesi","","Rope","Spartan import, department:rope-line-nets, category:rope, Rope, Cotesi","false","draft","R103PE1200MBBKYWC","","Title","Default Title","","","","","","","","true","","","true","manual","Rope","Rope, Line & Nets","","12.960924470324802","12.919108301997005","","","","","","","","","","","","","Ropes","","","","","","","","","","","","","","","","","","","","","","","","","","","","","","","","",""
"Twisted Rope PE CM 3c Ø7,9mm 35g","twisted-rope-pe-cm-3c-7-9mm-35g-r103pe1200mbc","<table><tbody><tr><th>ERP Product Group</th><td>Ropes</td></tr><tr><th>Average Net Unit Weight (kg)</th><td>13.01129562505396</td></tr><tr><th>Average Gross Unit Weight (kg)</th><td>13.031048711473714</td></tr></tbody></table>","Cotesi","","Rope","Spartan import, department:rope-line-nets, category:rope, Rope, Cotesi","false","draft","R103PE1200MBC","","Title","Default Title","","","","","","","","true","","","true","manual","Rope","Rope, Line & Nets","","13.031048711473714","13.01129562505396","","","","","","","","","","","","","Ropes","","","","","","","","","","","","","","","","","","","","","","","","","","","","","","","","",""
"Twisted Rope PE CM 3c Ø7,9mm 35g","twisted-rope-pe-cm-3c-7-9mm-35g-r103pe1200mbwc","<table><tbody><tr><th>ERP Product Group</th><td>Ropes</td></tr><tr><th>Average Net Unit Weight (kg)</th><td>12.993859126984127</td></tr><tr><th>Average Gross Unit Weight (kg)</th><td>13.05735119047619</td></tr></tbody></table>","Cotesi","","Rope","Spartan import, department:rope-line-nets, category:rope, Rope, Cotesi","false","draft","R103PE1200MBWC","","Title","Default Title","","","","","","","","true","","","true","manual","Rope","Rope, Line & Nets","","13.05735119047619","12.993859126984127","","","","","","","","","","","","","Ropes","","","","","","","","","","","","","","","","","","","","","","","","","","","","","","","","",""
"Twisted Rope PE CM 3c Ø7,9mm 35g","twisted-rope-pe-cm-3c-7-9mm-35g-r103pe1200mobkybc","<table><tbody><tr><th>ERP Product Group</th><td>Ropes</td></tr><tr><th>Average Net Unit Weight (kg)</th><td>12.824666666666667</td></tr><tr><th>Average Gross Unit Weight (kg)</th><td>12.931333333333333</td></tr></tbody></table>","Cotesi","","Rope","Spartan import, department:rope-line-nets, category:rope, Rope, Cotesi","false","draft","R103PE1200MOBKYBC","","Title","Default Title","","","","","","","","true","","","true","manual","Rope","Rope, Line & Nets","","12.931333333333333","12.824666666666667","","","","","","","","","","","","","Ropes","","","","","","","","","","","","","","","","","","","","","","","","","","","","","","","","",""
"Twisted Rope PE CM 3c Ø7,9mm 35g","twisted-rope-pe-cm-3c-7-9mm-35g-r103pe1200mobkywc","<table><tbody><tr><th>ERP Product Group</th><td>Ropes</td></tr><tr><th>Average Net Unit Weight (kg)</th><td>12.902421346469623</td></tr><tr><th>Average Gross Unit Weight (kg)</th><td>12.950421346469625</td></tr></tbody></table>","Cotesi","","Rope","Spartan import, department:rope-line-nets, category:rope, Rope, Cotesi","false","draft","R103PE1200MOBKYWC","","Title","Default Title","","","","","","","","true","","","true","manual","Rope","Rope, Line & Nets","","12.950421346469625","12.902421346469623","","","","","","","","","","","","","Ropes","","","","","","","","","","","","","","","","","","","","","","","","","","","","","","","","",""
"Twisted Rope PE CM 3c Ø7,9mm 35g","twisted-rope-pe-cm-3c-7-9mm-35g-r103pe1200mobybkc","<table><tbody><tr><th>ERP Product Group</th><td>Ropes</td></tr><tr><th>Average Net Unit Weight (kg)</th><td>12.8625</td></tr><tr><th>Average Gross Unit Weight (kg)</th><td>13.0625</td></tr></tbody></table>","Cotesi","","Rope","Spartan import, department:rope-line-nets, category:rope, Rope, Cotesi","false","draft","R103PE1200MOBYBKC","","Title","Default Title","","","","","","","","true","","","true","manual","Rope","Rope, Line & Nets","","13.0625","12.8625","","","","","","","","","","","","","Ropes","","","","","","","","","","","","","","","","","","","","","","","","","","","","","","","","",""
"Twisted Rope PE CM 3c Ø7,9mm 35g","twisted-rope-pe-cm-3c-7-9mm-35g-r103pe1200moc","<table><tbody><tr><th>ERP Product Group</th><td>Ropes</td></tr><tr><th>Average Net Unit Weight (kg)</th><td>12.886274006940996</td></tr><tr><th>Average Gross Unit Weight (kg)</th><td>12.95312745411262</td></tr></tbody></table>","Cotesi","","Rope","Spartan import, department:rope-line-nets, category:rope, Rope, Cotesi","false","draft","R103PE1200MOC","","Title","Default Title","","","","","","","","true","","","true","manual","Rope","Rope, Line & Nets","","12.95312745411262","12.886274006940996","","","","","","","","","","","","","Ropes","","","","","","","","","","","","","","","","","","","","","","","","","","","","","","","","",""
"Twisted Rope PE CM 3c Ø7,9mm 35g","twisted-rope-pe-cm-3c-7-9mm-35g-r103pe1200moyc","<table><tbody><tr><th>ERP Product Group</th><td>Ropes</td></tr><tr><th>Average Net Unit Weight (kg)</th><td>12.595833333333335</td></tr><tr><th>Average Gross Unit Weight (kg)</th><td>12.595833333333335</td></tr></tbody></table>","Cotesi","","Rope","Spartan import, department:rope-line-nets, category:rope, Rope, Cotesi","false","draft","R103PE1200MOYC","","Title","Default Title","","","","","","","","true","","","true","manual","Rope","Rope, Line & Nets","","12.595833333333335","12.595833333333335","","","","","","","","","","","","","Ropes","","","","","","","","","","","","","","","","","","","","","","","","","","","","","","","","",""
"Twisted Rope PE CM 3c Ø7,9mm 35g","twisted-rope-pe-cm-3c-7-9mm-35g-r103pe1200mpbkyoc","<table><tbody><tr><th>ERP Product Group</th><td>Ropes</td></tr><tr><th>Average Net Unit Weight (kg)</th><td>12.739122533945812</td></tr><tr><th>Average Gross Unit Weight (kg)</th><td>12.914868835655442</td></tr></tbody></table>","Cotesi","","Rope","Spartan import, department:rope-line-nets, category:rope, Rope, Cotesi","false","draft","R103PE1200MPBKYOC","","Title","Default Title","","","","","","","","true","","","true","manual","Rope","Rope, Line & Nets","","12.914868835655442","12.739122533945812","","","","","","","","","","","","","Ropes","","","","","","","","","","","","","","","","","","","","","","","","","","","","","","","","",""
"Twisted Rope PE CM 3c Ø7,9mm 35g","twisted-rope-pe-cm-3c-7-9mm-35g-r103pe1200mpbkywc","<table><tbody><tr><th>ERP Product Group</th><td>Ropes</td></tr><tr><th>Average Net Unit Weight (kg)</th><td>13.011510939510941</td></tr><tr><th>Average Gross Unit Weight (kg)</th><td>13.064844272844274</td></tr></tbody></table>","Cotesi","","Rope","Spartan import, department:rope-line-nets, category:rope, Rope, Cotesi","false","draft","R103PE1200MPBKYWC","","Title","Default Title","","","","","","","","true","","","true","manual","Rope","Rope, Line & Nets","","13.064844272844274","13.011510939510941","","","","","","","","","","","","","Ropes","","","","","","","","","","","","","","","","","","","","","","","","","","","","","","","","",""
"Twisted Rope PE CM 3c Ø7,9mm 35g","twisted-rope-pe-cm-3c-7-9mm-35g-r103pe1200mybc","<table><tbody><tr><th>ERP Product Group</th><td>Ropes</td></tr><tr><th>Average Net Unit Weight (kg)</th><td>13.0675</td></tr><tr><th>Average Gross Unit Weight (kg)</th><td>13.0675</td></tr></tbody></table>","Cotesi","","Rope","Spartan import, department:rope-line-nets, category:rope, Rope, Cotesi","false","draft","R103PE1200MYBC","","Title","Default Title","","","","","","","","true","","","true","manual","Rope","Rope, Line & Nets","","13.0675","13.0675","","","","","","","","","","","","","Ropes","","","","","","","","","","","","","","","","","","","","","","","","","","","","","","","","",""
"Twisted Rope PE CM 3c Ø7,9mm 35g","twisted-rope-pe-cm-3c-7-9mm-35g-r103pe1200myc","<table><tbody><tr><th>ERP Product Group</th><td>Ropes</td></tr><tr><th>Average Net Unit Weight (kg)</th><td>13.082421271538918</td></tr><tr><th>Average Gross Unit Weight (kg)</th><td>13.082421271538918</td></tr></tbody></table>","Cotesi","","Rope","Spartan import, department:rope-line-nets, category:rope, Rope, Cotesi","false","draft","R103PE1200MYC","","Title","Default Title","","","","","","","","true","","","true","manual","Rope","Rope, Line & Nets","","13.082421271538918","13.082421271538918","","","","","","","","","","","","","Ropes","","","","","","","","","","","","","","","","","","","","","","","","","","","","","","","","",""
"Twisted Rope PE CM 3c Ø8,7mm 43g","twisted-rope-pe-cm-3c-8-7mm-43g-r113pe1200mac","<table><tbody><tr><th>ERP Material Code</th><td>COR0893</td></tr><tr><th>ERP Product Group</th><td>Ropes</td></tr><tr><th>Average Net Unit Weight (kg)</th><td>15.93</td></tr><tr><th>Average Gross Unit Weight (kg)</th><td>15.93</td></tr></tbody></table>","Cotesi","","Rope","Spartan import, department:rope-line-nets, category:rope, Rope, Cotesi","false","draft","R113PE1200MAC","","Title","Default Title","","","","","","","","true","","","true","manual","Rope","Rope, Line & Nets","","15.93","15.93","","","","","","","","","","","","COR0893","Ropes","","","","","","","","","","","","","","","","","","","","","","","","","","","","","","","","",""
"Twisted Rope PE CM 3c Ø9,5mm 51g","twisted-rope-pe-cm-3c-9-5mm-51g-109","<table><tbody><tr><th>ERP Material Code</th><td>COR0895</td></tr><tr><th>ERP Product Group</th><td>Ropes</td></tr><tr><th>Average Net Unit Weight (kg)</th><td>18.664285714285715</td></tr><tr><th>Average Gross Unit Weight (kg)</th><td>18.664285714285715</td></tr></tbody></table>","Cotesi","","Rope","Spartan import, department:rope-line-nets, category:rope, Rope, Cotesi","false","draft","","","Title","Default Title","","","","","","","","true","","","true","manual","Rope","Rope, Line & Nets","","18.664285714285715","18.664285714285715","","","","","","","","","","","","COR0895","Ropes","","","","","","","","","","","","","","","","","","","","","","","","","","","","","","","","",""
"Twisted Rope PE CM 3c Ø9,5mm 51g","twisted-rope-pe-cm-3c-9-5mm-51g-r123pe1200mabkyoc","<table><tbody><tr><th>ERP Product Group</th><td>Ropes</td></tr><tr><th>Average Net Unit Weight (kg)</th><td>18.893830065359477</td></tr><tr><th>Average Gross Unit Weight (kg)</th><td>18.99840522875817</td></tr></tbody></table>","Cotesi","","Rope","Spartan import, department:rope-line-nets, category:rope, Rope, Cotesi","false","draft","R123PE1200MABKYOC","","Title","Default Title","","","","","","","","true","","","true","manual","Rope","Rope, Line & Nets","","18.99840522875817","18.893830065359477","","","","","","","","","","","","","Ropes","","","","","","","","","","","","","","","","","","","","","","","","","","","","","","","","",""
"Twisted Rope PE CM 3c Ø9,5mm 51g","twisted-rope-pe-cm-3c-9-5mm-51g-r123pe1200mac","<table><tbody><tr><th>ERP Product Group</th><td>Ropes</td></tr><tr><th>Average Net Unit Weight (kg)</th><td>18.718794861045655</td></tr><tr><th>Average Gross Unit Weight (kg)</th><td>18.91799505626564</td></tr></tbody></table>","Cotesi","","Rope","Spartan import, department:rope-line-nets, category:rope, Rope, Cotesi","false","draft","R123PE1200MAC","","Title","Default Title","","","","","","","","true","","","true","manual","Rope","Rope, Line & Nets","","18.91799505626564","18.718794861045655","","","","","","","","","","","","","Ropes","","","","","","","","","","","","","","","","","","","","","","","","","","","","","","","","",""
"Twisted Rope PE CM 3c Ø9,5mm 51g","twisted-rope-pe-cm-3c-9-5mm-51g-r123pe1200mbbkyoc","<table><tbody><tr><th>ERP Product Group</th><td>Ropes</td></tr><tr><th>Average Net Unit Weight (kg)</th><td>18.757620009288896</td></tr><tr><th>Average Gross Unit Weight (kg)</th><td>18.939224841735015</td></tr></tbody></table>","Cotesi","","Rope","Spartan import, department:rope-line-nets, category:rope, Rope, Cotesi","false","draft","R123PE1200MBBKYOC","","Title","Default Title","","","","","","","","true","","","true","manual","Rope","Rope, Line & Nets","","18.939224841735015","18.757620009288896","","","","","","","","","","","","","Ropes","","","","","","","","","","","","","","","","","","","","","","","","","","","","","","","","",""
"Twisted Rope PE CM 3c Ø9,5mm 51g","twisted-rope-pe-cm-3c-9-5mm-51g-r123pe1200mbc","<table><tbody><tr><th>ERP Product Group</th><td>Ropes</td></tr><tr><th>Average Net Unit Weight (kg)</th><td>18.83632044716734</td></tr><tr><th>Average Gross Unit Weight (kg)</th><td>19.101484825075307</td></tr></tbody></table>","Cotesi","","Rope","Spartan import, department:rope-line-nets, category:rope, Rope, Cotesi","false","draft","R123PE1200MBC","","Title","Default Title","","","","","","","","true","","","true","manual","Rope","Rope, Line & Nets","","19.101484825075307","18.83632044716734","","","","","","","","","","","","","Ropes","","","","","","","","","","","","","","","","","","","","","","","","","","","","","","","","",""
"Twisted Rope PE CM 3c Ø9,5mm 51g","twisted-rope-pe-cm-3c-9-5mm-51g-r123pe1200mbkc","<table><tbody><tr><th>ERP Product Group</th><td>Ropes</td></tr><tr><th>Average Net Unit Weight (kg)</th><td>18.85472709551657</td></tr><tr><th>Average Gross Unit Weight (kg)</th><td>18.93726677805625</td></tr></tbody></table>","Cotesi","","Rope","Spartan import, department:rope-line-nets, category:rope, Rope, Cotesi","false","draft","R123PE1200MBKC","","Title","Default Title","","","","","","","","true","","","true","manual","Rope","Rope, Line & Nets","","18.93726677805625","18.85472709551657","","","","","","","","","","","","","Ropes","","","","","","","","","","","","","","","","","","","","","","","","","","","","","","","","",""
"Twisted Rope PE CM 3c Ø9,5mm 51g","twisted-rope-pe-cm-3c-9-5mm-51g-r123pe1200mbkybc","<table><tbody><tr><th>ERP Product Group</th><td>Ropes</td></tr><tr><th>Average Net Unit Weight (kg)</th><td>18.775</td></tr><tr><th>Average Gross Unit Weight (kg)</th><td>19.175</td></tr></tbody></table>","Cotesi","","Rope","Spartan import, department:rope-line-nets, category:rope, Rope, Cotesi","false","draft","R123PE1200MBKYBC","","Title","Default Title","","","","","","","","true","","","true","manual","Rope","Rope, Line & Nets","","19.175","18.775","","","","","","","","","","","","","Ropes","","","","","","","","","","","","","","","","","","","","","","","","","","","","","","","","",""
"Twisted Rope PE CM 3c Ø9,5mm 51g","twisted-rope-pe-cm-3c-9-5mm-51g-r123pe1200mobkybrc","<table><tbody><tr><th>ERP Product Group</th><td>Ropes</td></tr><tr><th>Average Net Unit Weight (kg)</th><td>18.74438775510204</td></tr><tr><th>Average Gross Unit Weight (kg)</th><td>19.06765306122449</td></tr></tbody></table>","Cotesi","","Rope","Spartan import, department:rope-line-nets, category:rope, Rope, Cotesi","false","draft","R123PE1200MOBKYBRC","","Title","Default Title","","","","","","","","true","","","true","manual","Rope","Rope, Line & Nets","","19.06765306122449","18.74438775510204","","","","","","","","","","","","","Ropes","","","","","","","","","","","","","","","","","","","","","","","","","","","","","","","","",""
"Twisted Rope PE CM 3c Ø9,5mm 51g","twisted-rope-pe-cm-3c-9-5mm-51g-r123pe1200mobkyc","<table><tbody><tr><th>ERP Product Group</th><td>Ropes</td></tr><tr><th>Average Net Unit Weight (kg)</th><td>18.557142857142857</td></tr><tr><th>Average Gross Unit Weight (kg)</th><td>18.557142857142857</td></tr></tbody></table>","Cotesi","","Rope","Spartan import, department:rope-line-nets, category:rope, Rope, Cotesi","false","draft","R123PE1200MOBKYC","","Title","Default Title","","","","","","","","true","","","true","manual","Rope","Rope, Line & Nets","","18.557142857142857","18.557142857142857","","","","","","","","","","","","","Ropes","","","","","","","","","","","","","","","","","","","","","","","","","","","","","","","","",""
"Twisted Rope PE CM 3c Ø9,5mm 51g","twisted-rope-pe-cm-3c-9-5mm-51g-r123pe1200mobkygc","<table><tbody><tr><th>ERP Product Group</th><td>Ropes</td></tr><tr><th>Average Net Unit Weight (kg)</th><td>19.192857142857143</td></tr><tr><th>Average Gross Unit Weight (kg)</th><td>19.192857142857143</td></tr></tbody></table>","Cotesi","","Rope","Spartan import, department:rope-line-nets, category:rope, Rope, Cotesi","false","draft","R123PE1200MOBKYGC","","Title","Default Title","","","","","","","","true","","","true","manual","Rope","Rope, Line & Nets","","19.192857142857143","19.192857142857143","","","","","","","","","","","","","Ropes","","","","","","","","","","","","","","","","","","","","","","","","","","","","","","","","",""
"Twisted Rope PE CM 3c Ø9,5mm 51g","twisted-rope-pe-cm-3c-9-5mm-51g-r123pe1200mobkyoc","<table><tbody><tr><th>ERP Product Group</th><td>Ropes</td></tr><tr><th>Average Net Unit Weight (kg)</th><td>18.72142857142857</td></tr><tr><th>Average Gross Unit Weight (kg)</th><td>18.72142857142857</td></tr></tbody></table>","Cotesi","","Rope","Spartan import, department:rope-line-nets, category:rope, Rope, Cotesi","false","draft","R123PE1200MOBKYOC","","Title","Default Title","","","","","","","","true","","","true","manual","Rope","Rope, Line & Nets","","18.72142857142857","18.72142857142857","","","","","","","","","","","","","Ropes","","","","","","","","","","","","","","","","","","","","","","","","","","","","","","","","",""
"Twisted Rope PE CM 3c Ø9,5mm 51g","twisted-rope-pe-cm-3c-9-5mm-51g-r123pe1200mobkywc","<table><tbody><tr><th>ERP Product Group</th><td>Ropes</td></tr><tr><th>Average Net Unit Weight (kg)</th><td>18.766663273001512</td></tr><tr><th>Average Gross Unit Weight (kg)</th><td>18.923586349924587</td></tr></tbody></table>","Cotesi","","Rope","Spartan import, department:rope-line-nets, category:rope, Rope, Cotesi","false","draft","R123PE1200MOBKYWC","","Title","Default Title","","","","","","","","true","","","true","manual","Rope","Rope, Line & Nets","","18.923586349924587","18.766663273001512","","","","","","","","","","","","","Ropes","","","","","","","","","","","","","","","","","","","","","","","","","","","","","","","","",""
"Twisted Rope PE CM 3c Ø9,5mm 51g","twisted-rope-pe-cm-3c-9-5mm-51g-r123pe1200moc","<table><tbody><tr><th>ERP Product Group</th><td>Ropes</td></tr><tr><th>Average Net Unit Weight (kg)</th><td>18.736641227331702</td></tr><tr><th>Average Gross Unit Weight (kg)</th><td>19.01583636435925</td></tr></tbody></table>","Cotesi","","Rope","Spartan import, department:rope-line-nets, category:rope, Rope, Cotesi","false","draft","R123PE1200MOC","","Title","Default Title","","","","","","","","true","","","true","manual","Rope","Rope, Line & Nets","","19.01583636435925","18.736641227331702","","","","","","","","","","","","","Ropes","","","","","","","","","","","","","","","","","","","","","","","","","","","","","","","","",""
"Twisted Rope PE CM 3c Ø9,5mm 51g","twisted-rope-pe-cm-3c-9-5mm-51g-r123pe1200mpbkyoc","<table><tbody><tr><th>ERP Product Group</th><td>Ropes</td></tr><tr><th>Average Net Unit Weight (kg)</th><td>18.703319100613218</td></tr><tr><th>Average Gross Unit Weight (kg)</th><td>18.793851313498376</td></tr></tbody></table>","Cotesi","","Rope","Spartan import, department:rope-line-nets, category:rope, Rope, Cotesi","false","draft","R123PE1200MPBKYOC","","Title","Default Title","","","","","","","","true","","","true","manual","Rope","Rope, Line & Nets","","18.793851313498376","18.703319100613218","","","","","","","","","","","","","Ropes","","","","","","","","","","","","","","","","","","","","","","","","","","","","","","","","",""
"Twisted Rope PE CM 3c Ø9,5mm 51g","twisted-rope-pe-cm-3c-9-5mm-51g-r123pe1200mpbkywc","<table><tbody><tr><th>ERP Product Group</th><td>Ropes</td></tr><tr><th>Average Net Unit Weight (kg)</th><td>18.742962962962963</td></tr><tr><th>Average Gross Unit Weight (kg)</th><td>18.847538126361655</td></tr></tbody></table>","Cotesi","","Rope","Spartan import, department:rope-line-nets, category:rope, Rope, Cotesi","false","draft","R123PE1200MPBKYWC","","Title","Default Title","","","","","","","","true","","","true","manual","Rope","Rope, Line & Nets","","18.847538126361655","18.742962962962963","","","","","","","","","","","","","Ropes","","","","","","","","","","","","","","","","","","","","","","","","","","","","","","","","",""
"Twisted Rope PE CM 3c Ø9,5mm 51g","twisted-rope-pe-cm-3c-9-5mm-51g-r123pe1200mprbkygc","<table><tbody><tr><th>ERP Product Group</th><td>Ropes</td></tr><tr><th>Average Net Unit Weight (kg)</th><td>18.98</td></tr><tr><th>Average Gross Unit Weight (kg)</th><td>18.98</td></tr></tbody></table>","Cotesi","","Rope","Spartan import, department:rope-line-nets, category:rope, Rope, Cotesi","false","draft","R123PE1200MPRBKYGC","","Title","Default Title","","","","","","","","true","","","true","manual","Rope","Rope, Line & Nets","","18.98","18.98","","","","","","","","","","","","","Ropes","","","","","","","","","","","","","","","","","","","","","","","","","","","","","","","","",""
"Twisted Rope PE CM 3c Ø9,5mm 51g","twisted-rope-pe-cm-3c-9-5mm-51g-r123pe1200myc","<table><tbody><tr><th>ERP Product Group</th><td>Ropes</td></tr><tr><th>Average Net Unit Weight (kg)</th><td>18.799041547293186</td></tr><tr><th>Average Gross Unit Weight (kg)</th><td>18.87127959730901</td></tr></tbody></table>","Cotesi","","Rope","Spartan import, department:rope-line-nets, category:rope, Rope, Cotesi","false","draft","R123PE1200MYC","","Title","Default Title","","","","","","","","true","","","true","manual","Rope","Rope, Line & Nets","","18.87127959730901","18.799041547293186","","","","","","","","","","","","","Ropes","","","","","","","","","","","","","","","","","","","","","","","","","","","","","","","","",""
"Twisted Rope PE CM 3c Ø11,1mm 65g","twisted-rope-pe-cm-3c-11-1mm-65g-r143pe1200mbbkyc","<table><tbody><tr><th>ERP Material Code</th><td>COR0871</td></tr><tr><th>ERP Product Group</th><td>Ropes</td></tr><tr><th>Average Net Unit Weight (kg)</th><td>24.34</td></tr><tr><th>Average Gross Unit Weight (kg)</th><td>24.34</td></tr></tbody></table>","Cotesi","","Rope","Spartan import, department:rope-line-nets, category:rope, Rope, Cotesi","false","draft","R143PE1200MBBKYC","","Title","Default Title","","","","","","","","true","","","true","manual","Rope","Rope, Line & Nets","","24.34","24.34","","","","","","","","","","","","COR0871","Ropes","","","","","","","","","","","","","","","","","","","","","","","","","","","","","","","","",""
"Twisted Rope PE CM 3c Ø11,1mm 65g","twisted-rope-pe-cm-3c-11-1mm-65g-r143pe1200mbbkyoc","<table><tbody><tr><th>ERP Product Group</th><td>Ropes</td></tr><tr><th>Average Net Unit Weight (kg)</th><td>23.98</td></tr><tr><th>Average Gross Unit Weight (kg)</th><td>23.98</td></tr></tbody></table>","Cotesi","","Rope","Spartan import, department:rope-line-nets, category:rope, Rope, Cotesi","false","draft","R143PE1200MBBKYOC","","Title","Default Title","","","","","","","","true","","","true","manual","Rope","Rope, Line & Nets","","23.98","23.98","","","","","","","","","","","","","Ropes","","","","","","","","","","","","","","","","","","","","","","","","","","","","","","","","",""
"Twisted Rope PE CM 3c Ø11,1mm 65g","twisted-rope-pe-cm-3c-11-1mm-65g-r143pe1200mbc","<table><tbody><tr><th>ERP Product Group</th><td>Ropes</td></tr><tr><th>Average Net Unit Weight (kg)</th><td>23.86102825279296</td></tr><tr><th>Average Gross Unit Weight (kg)</th><td>24.11517127752422</td></tr></tbody></table>","Cotesi","","Rope","Spartan import, department:rope-line-nets, category:rope, Rope, Cotesi","false","draft","R143PE1200MBC","","Title","Default Title","","","","","","","","true","","","true","manual","Rope","Rope, Line & Nets","","24.11517127752422","23.86102825279296","","","","","","","","","","","","","Ropes","","","","","","","","","","","","","","","","","","","","","","","","","","","","","","","","",""
"Twisted Rope PE CM 3c Ø11,1mm 65g","twisted-rope-pe-cm-3c-11-1mm-65g-r143pe1200mbkc","<table><tbody><tr><th>ERP Product Group</th><td>Ropes</td></tr><tr><th>Average Net Unit Weight (kg)</th><td>23.761309523809526</td></tr><tr><th>Average Gross Unit Weight (kg)</th><td>23.823809523809526</td></tr></tbody></table>","Cotesi","","Rope","Spartan import, department:rope-line-nets, category:rope, Rope, Cotesi","false","draft","R143PE1200MBKC","","Title","Default Title","","","","","","","","true","","","true","manual","Rope","Rope, Line & Nets","","23.823809523809526","23.761309523809526","","","","","","","","","","","","","Ropes","","","","","","","","","","","","","","","","","","","","","","","","","","","","","","","","",""
"Twisted Rope PE CM 3c Ø11,1mm 65g","twisted-rope-pe-cm-3c-11-1mm-65g-r143pe1200mobkyc","<table><tbody><tr><th>ERP Product Group</th><td>Ropes</td></tr><tr><th>Average Net Unit Weight (kg)</th><td>23.66</td></tr><tr><th>Average Gross Unit Weight (kg)</th><td>23.66</td></tr></tbody></table>","Cotesi","","Rope","Spartan import, department:rope-line-nets, category:rope, Rope, Cotesi","false","draft","R143PE1200MOBKYC","","Title","Default Title","","","","","","","","true","","","true","manual","Rope","Rope, Line & Nets","","23.66","23.66","","","","","","","","","","","","","Ropes","","","","","","","","","","","","","","","","","","","","","","","","","","","","","","","","",""
"Twisted Rope PE CM 3c Ø11,1mm 65g","twisted-rope-pe-cm-3c-11-1mm-65g-r143pe1200mobkygc","<table><tbody><tr><th>ERP Product Group</th><td>Ropes</td></tr><tr><th>Average Net Unit Weight (kg)</th><td>23.571428571428573</td></tr><tr><th>Average Gross Unit Weight (kg)</th><td>23.571428571428573</td></tr></tbody></table>","Cotesi","","Rope","Spartan import, department:rope-line-nets, category:rope, Rope, Cotesi","false","draft","R143PE1200MOBKYGC","","Title","Default Title","","","","","","","","true","","","true","manual","Rope","Rope, Line & Nets","","23.571428571428573","23.571428571428573","","","","","","","","","","","","","Ropes","","","","","","","","","","","","","","","","","","","","","","","","","","","","","","","","",""
"Twisted Rope PE CM 3c Ø11,1mm 65g","twisted-rope-pe-cm-3c-11-1mm-65g-r143pe1200mobkyoc","<table><tbody><tr><th>ERP Product Group</th><td>Ropes</td></tr><tr><th>Average Net Unit Weight (kg)</th><td>23.917500000000004</td></tr><tr><th>Average Gross Unit Weight (kg)</th><td>23.917500000000004</td></tr></tbody></table>","Cotesi","","Rope","Spartan import, department:rope-line-nets, category:rope, Rope, Cotesi","false","draft","R143PE1200MOBKYOC","","Title","Default Title","","","","","","","","true","","","true","manual","Rope","Rope, Line & Nets","","23.917500000000004","23.917500000000004","","","","","","","","","","","","","Ropes","","","","","","","","","","","","","","","","","","","","","","","","","","","","","","","","",""
"Twisted Rope PE CM 3c Ø11,1mm 65g","twisted-rope-pe-cm-3c-11-1mm-65g-r143pe1200moc","<table><tbody><tr><th>ERP Product Group</th><td>Ropes</td></tr><tr><th>Average Net Unit Weight (kg)</th><td>23.844717499052084</td></tr><tr><th>Average Gross Unit Weight (kg)</th><td>24.215674271747996</td></tr></tbody></table>","Cotesi","","Rope","Spartan import, department:rope-line-nets, category:rope, Rope, Cotesi","false","draft","R143PE1200MOC","","Title","Default Title","","","","","","","","true","","","true","manual","Rope","Rope, Line & Nets","","24.215674271747996","23.844717499052084","","","","","","","","","","","","","Ropes","","","","","","","","","","","","","","","","","","","","","","","","","","","","","","","","",""
"Twisted Rope PE CM 3c Ø11,1mm 65g","twisted-rope-pe-cm-3c-11-1mm-65g-r143pe1200mprbkygc","<table><tbody><tr><th>ERP Product Group</th><td>Ropes</td></tr><tr><th>Average Net Unit Weight (kg)</th><td>23.634999999999998</td></tr><tr><th>Average Gross Unit Weight (kg)</th><td>23.634999999999998</td></tr></tbody></table>","Cotesi","","Rope","Spartan import, department:rope-line-nets, category:rope, Rope, Cotesi","false","draft","R143PE1200MPRBKYGC","","Title","Default Title","","","","","","","","true","","","true","manual","Rope","Rope, Line & Nets","","23.634999999999998","23.634999999999998","","","","","","","","","","","","","Ropes","","","","","","","","","","","","","","","","","","","","","","","","","","","","","","","","",""
"Twisted Rope PE CM 3c Ø11,1mm 65g","twisted-rope-pe-cm-3c-11-1mm-65g-r143pe1200mprbkyoc","<table><tbody><tr><th>ERP Product Group</th><td>Ropes</td></tr><tr><th>Average Net Unit Weight (kg)</th><td>24.112499999999997</td></tr><tr><th>Average Gross Unit Weight (kg)</th><td>24.112499999999997</td></tr></tbody></table>","Cotesi","","Rope","Spartan import, department:rope-line-nets, category:rope, Rope, Cotesi","false","draft","R143PE1200MPRBKYOC","","Title","Default Title","","","","","","","","true","","","true","manual","Rope","Rope, Line & Nets","","24.112499999999997","24.112499999999997","","","","","","","","","","","","","Ropes","","","","","","","","","","","","","","","","","","","","","","","","","","","","","","","","",""
"Twisted Rope PE CM 3c Ø11,1mm 65g","twisted-rope-pe-cm-3c-11-1mm-65g-r143pe1200myc","<table><tbody><tr><th>ERP Product Group</th><td>Ropes</td></tr><tr><th>Average Net Unit Weight (kg)</th><td>23.47526058810621</td></tr><tr><th>Average Gross Unit Weight (kg)</th><td>23.507518652622338</td></tr></tbody></table>","Cotesi","","Rope","Spartan import, department:rope-line-nets, category:rope, Rope, Cotesi","false","draft","R143PE1200MYC","","Title","Default Title","","","","","","","","true","","","true","manual","Rope","Rope, Line & Nets","","23.507518652622338","23.47526058810621","","","","","","","","","","","","","Ropes","","","","","","","","","","","","","","","","","","","","","","","","","","","","","","","","",""
"Twisted Rope PE CM 3c Ø12,0mm 77g","twisted-rope-pe-cm-3c-12-0mm-77g-r163pe1200mbc","<table><tbody><tr><th>ERP Material Code</th><td>COR0873</td></tr><tr><th>ERP Product Group</th><td>Ropes</td></tr><tr><th>Average Net Unit Weight (kg)</th><td>28.55153846153846</td></tr><tr><th>Average Gross Unit Weight (kg)</th><td>29.12304843304843</td></tr></tbody></table>","Cotesi","","Rope","Spartan import, department:rope-line-nets, category:rope, Rope, Cotesi","false","draft","R163PE1200MBC","","Title","Default Title","","","","","","","","true","","","true","manual","Rope","Rope, Line & Nets","","29.12304843304843","28.55153846153846","","","","","","","","","","","","COR0873","Ropes","","","","","","","","","","","","","","","","","","","","","","","","","","","","","","","","",""
"Twisted Rope PE CM 3c Ø12,0mm 77g","twisted-rope-pe-cm-3c-12-0mm-77g-r163pe1200mbkc","<table><tbody><tr><th>ERP Product Group</th><td>Ropes</td></tr><tr><th>Average Net Unit Weight (kg)</th><td>28.791964285714286</td></tr><tr><th>Average Gross Unit Weight (kg)</th><td>28.791964285714286</td></tr></tbody></table>","Cotesi","","Rope","Spartan import, department:rope-line-nets, category:rope, Rope, Cotesi","false","draft","R163PE1200MBKC","","Title","Default Title","","","","","","","","true","","","true","manual","Rope","Rope, Line & Nets","","28.791964285714286","28.791964285714286","","","","","","","","","","","","","Ropes","","","","","","","","","","","","","","","","","","","","","","","","","","","","","","","","",""
"Twisted Rope PE CM 3c Ø12,7mm 77g","twisted-rope-pe-cm-3c-12-7mm-77g-78","<table><tbody><tr><th>ERP Product Group</th><td>Ropes</td></tr><tr><th>Average Net Unit Weight (kg)</th><td>28.53877597945533</td></tr><tr><th>Average Gross Unit Weight (kg)</th><td>28.585359830387002</td></tr></tbody></table>","Cotesi","","Rope","Spartan import, department:rope-line-nets, category:rope, Rope, Cotesi","false","draft","","","Title","Default Title","","","","","","","","true","","","true","manual","Rope","Rope, Line & Nets","","28.585359830387002","28.53877597945533","","","","","","","","","","","","","Ropes","","","","","","","","","","","","","","","","","","","","","","","","","","","","","","","","",""
"Twisted Rope PE CM 3c Ø12,7mm 77g","twisted-rope-pe-cm-3c-12-7mm-77g-r163pe1200mboc","<table><tbody><tr><th>ERP Product Group</th><td>Ropes</td></tr><tr><th>Average Net Unit Weight (kg)</th><td>28.921666666666667</td></tr><tr><th>Average Gross Unit Weight (kg)</th><td>28.921666666666667</td></tr></tbody></table>","Cotesi","","Rope","Spartan import, department:rope-line-nets, category:rope, Rope, Cotesi","false","draft","R163PE1200MBOC","","Title","Default Title","","","","","","","","true","","","true","manual","Rope","Rope, Line & Nets","","28.921666666666667","28.921666666666667","","","","","","","","","","","","","Ropes","","","","","","","","","","","","","","","","","","","","","","","","","","","","","","","","",""
"Twisted Rope PE CM 3c Ø12,7mm 77g","twisted-rope-pe-cm-3c-12-7mm-77g-r163pe1200mobkygc","<table><tbody><tr><th>ERP Product Group</th><td>Ropes</td></tr><tr><th>Average Net Unit Weight (kg)</th><td>28.720000000000002</td></tr><tr><th>Average Gross Unit Weight (kg)</th><td>28.720000000000002</td></tr></tbody></table>","Cotesi","","Rope","Spartan import, department:rope-line-nets, category:rope, Rope, Cotesi","false","draft","R163PE1200MOBKYGC","","Title","Default Title","","","","","","","","true","","","true","manual","Rope","Rope, Line & Nets","","28.720000000000002","28.720000000000002","","","","","","","","","","","","","Ropes","","","","","","","","","","","","","","","","","","","","","","","","","","","","","","","","",""
"Twisted Rope PE CM 3c Ø12,7mm 77g","twisted-rope-pe-cm-3c-12-7mm-77g-r163pe1200moc","<table><tbody><tr><th>ERP Product Group</th><td>Ropes</td></tr><tr><th>Average Net Unit Weight (kg)</th><td>28.379859799913607</td></tr><tr><th>Average Gross Unit Weight (kg)</th><td>28.69139221591031</td></tr></tbody></table>","Cotesi","","Rope","Spartan import, department:rope-line-nets, category:rope, Rope, Cotesi","false","draft","R163PE1200MOC","","Title","Default Title","","","","","","","","true","","","true","manual","Rope","Rope, Line & Nets","","28.69139221591031","28.379859799913607","","","","","","","","","","","","","Ropes","","","","","","","","","","","","","","","","","","","","","","","","","","","","","","","","",""
"Twisted Rope PE CM 3c Ø12,7mm 77g","twisted-rope-pe-cm-3c-12-7mm-77g-r163pe1200mprbkyc","<table><tbody><tr><th>ERP Product Group</th><td>Ropes</td></tr><tr><th>Average Net Unit Weight (kg)</th><td>28.406</td></tr><tr><th>Average Gross Unit Weight (kg)</th><td>28.499333333333333</td></tr></tbody></table>","Cotesi","","Rope","Spartan import, department:rope-line-nets, category:rope, Rope, Cotesi","false","draft","R163PE1200MPRBKYC","","Title","Default Title","","","","","","","","true","","","true","manual","Rope","Rope, Line & Nets","","28.499333333333333","28.406","","","","","","","","","","","","","Ropes","","","","","","","","","","","","","","","","","","","","","","","","","","","","","","","","",""
"Twisted Rope PE CM 3c Ø12,7mm 77g","twisted-rope-pe-cm-3c-12-7mm-77g-r163pe1200myc","<table><tbody><tr><th>ERP Product Group</th><td>Ropes</td></tr><tr><th>Average Net Unit Weight (kg)</th><td>28.29185238095238</td></tr><tr><th>Average Gross Unit Weight (kg)</th><td>28.29185238095238</td></tr></tbody></table>","Cotesi","","Rope","Spartan import, department:rope-line-nets, category:rope, Rope, Cotesi","false","draft","R163PE1200MYC","","Title","Default Title","","","","","","","","true","","","true","manual","Rope","Rope, Line & Nets","","28.29185238095238","28.29185238095238","","","","","","","","","","","","","Ropes","","","","","","","","","","","","","","","","","","","","","","","","","","","","","","","","",""
"Twisted Rope PE CM 3c Ø14,2mm 95g","twisted-rope-pe-cm-3c-14-2mm-95g-r183pe1200moc","<table><tbody><tr><th>ERP Material Code</th><td>COR0875</td></tr><tr><th>ERP Product Group</th><td>Ropes</td></tr><tr><th>Average Net Unit Weight (kg)</th><td>35.24037212522244</td></tr><tr><th>Average Gross Unit Weight (kg)</th><td>35.52269374338923</td></tr></tbody></table>","Cotesi","","Rope","Spartan import, department:rope-line-nets, category:rope, Rope, Cotesi","false","draft","R183PE1200MOC","","Title","Default Title","","","","","","","","true","","","true","manual","Rope","Rope, Line & Nets","","35.52269374338923","35.24037212522244","","","","","","","","","","","","COR0875","Ropes","","","","","","","","","","","","","","","","","","","","","","","","","","","","","","","","",""
"Twisted Rope PE CM 3c Ø14,2mm 95g","twisted-rope-pe-cm-3c-14-2mm-95g-r183pe1200myc","<table><tbody><tr><th>ERP Product Group</th><td>Ropes</td></tr><tr><th>Average Net Unit Weight (kg)</th><td>34.60178571428571</td></tr><tr><th>Average Gross Unit Weight (kg)</th><td>34.60178571428571</td></tr></tbody></table>","Cotesi","","Rope","Spartan import, department:rope-line-nets, category:rope, Rope, Cotesi","false","draft","R183PE1200MYC","","Title","Default Title","","","","","","","","true","","","true","manual","Rope","Rope, Line & Nets","","34.60178571428571","34.60178571428571","","","","","","","","","","","","","Ropes","","","","","","","","","","","","","","","","","","","","","","","","","","","","","","","","",""
"Twisted Rope PE CM 3c Ø15,8mm 120g","twisted-rope-pe-cm-3c-15-8mm-120g-r203pe600moc","<table><tbody><tr><th>ERP Material Code</th><td>COR0877</td></tr><tr><th>ERP Product Group</th><td>Ropes</td></tr><tr><th>Average Net Unit Weight (kg)</th><td>22.439444444444437</td></tr><tr><th>Average Gross Unit Weight (kg)</th><td>22.550555555555547</td></tr></tbody></table>","Cotesi","","Rope","Spartan import, department:rope-line-nets, category:rope, Rope, Cotesi","false","draft","R203PE600MOC","","Title","Default Title","","","","","","","","true","","","true","manual","Rope","Rope, Line & Nets","","22.550555555555547","22.439444444444437","","","","","","","","","","","","COR0877","Ropes","","","","","","","","","","","","","","","","","","","","","","","","","","","","","","","","",""
"Twisted Rope PE CM 3c Ø19mm 170g","twisted-rope-pe-cm-3c-19mm-170g-r243pe600moc","<table><tbody><tr><th>ERP Material Code</th><td>COR0881</td></tr><tr><th>ERP Product Group</th><td>Ropes</td></tr><tr><th>Average Net Unit Weight (kg)</th><td>31.5340370526909</td></tr><tr><th>Average Gross Unit Weight (kg)</th><td>31.62890884756269</td></tr></tbody></table>","Cotesi","","Rope","Spartan import, department:rope-line-nets, category:rope, Rope, Cotesi","false","draft","R243PE600MOC","","Title","Default Title","","","","","","","","true","","","true","manual","Rope","Rope, Line & Nets","","31.62890884756269","31.5340370526909","","","","","","","","","","","","COR0881","Ropes","","","","","","","","","","","","","","","","","","","","","","","","","","","","","","","","",""
"Twisted Rope PE CM 3c Ø19mm 170g","twisted-rope-pe-cm-3c-19mm-170g-r243pe600sbc","<table><tbody><tr><th>ERP Product Group</th><td>Ropes</td></tr><tr><th>Average Net Unit Weight (kg)</th><td>32.95</td></tr><tr><th>Average Gross Unit Weight (kg)</th><td>32.95</td></tr></tbody></table>","Cotesi","","Rope","Spartan import, department:rope-line-nets, category:rope, Rope, Cotesi","false","draft","R243PE600SBC","","Title","Default Title","","","","","","","","true","","","true","manual","Rope","Rope, Line & Nets","","32.95","32.95","","","","","","","","","","","","","Ropes","","","","","","","","","","","","","","","","","","","","","","","","","","","","","","","","",""
"Twisted Rope PE CM 3c Ø22,2mm 230g","twisted-rope-pe-cm-3c-22-2mm-230g-r283pe600moc","<table><tbody><tr><th>ERP Material Code</th><td>COR0883</td></tr><tr><th>ERP Product Group</th><td>Ropes</td></tr><tr><th>Average Net Unit Weight (kg)</th><td>42.936706349206354</td></tr><tr><th>Average Gross Unit Weight (kg)</th><td>43.730357142857144</td></tr></tbody></table>","Cotesi","","Rope","Spartan import, department:rope-line-nets, category:rope, Rope, Cotesi","false","draft","R283PE600MOC","","Title","Default Title","","","","","","","","true","","","true","manual","Rope","Rope, Line & Nets","","43.730357142857144","42.936706349206354","","","","","","","","","","","","COR0883","Ropes","","","","","","","","","","","","","","","","","","","","","","","","","","","","","","","","",""
"Twisted Rope PE CM 3c Ø25,4mm 320g","twisted-rope-pe-cm-3c-25-4mm-320g-r323pe600moc","<table><tbody><tr><th>ERP Material Code</th><td>COR0887</td></tr><tr><th>ERP Product Group</th><td>Ropes</td></tr><tr><th>Average Net Unit Weight (kg)</th><td>59.572333333333326</td></tr><tr><th>Average Gross Unit Weight (kg)</th><td>61.22566666666666</td></tr></tbody></table>","Cotesi","","Rope","Spartan import, department:rope-line-nets, category:rope, Rope, Cotesi","false","draft","R323PE600MOC","","Title","Default Title","","","","","","","","true","","","true","manual","Rope","Rope, Line & Nets","","61.22566666666666","59.572333333333326","","","","","","","","","","","","COR0887","Ropes","","","","","","","","","","","","","","","","","","","","","","","","","","","","","","","","",""
"Twisted Rope PE CM 3c Ø28,5mm 370g","twisted-rope-pe-cm-3c-28-5mm-370g-r363pe600moc","<table><tbody><tr><th>ERP Material Code</th><td>COR0888</td></tr><tr><th>ERP Product Group</th><td>Ropes</td></tr><tr><th>Average Net Unit Weight (kg)</th><td>69.97507936507937</td></tr><tr><th>Average Gross Unit Weight (kg)</th><td>71.74079365079366</td></tr></tbody></table>","Cotesi","","Rope","Spartan import, department:rope-line-nets, category:rope, Rope, Cotesi","false","draft","R363PE600MOC","","Title","Default Title","","","","","","","","true","","","true","manual","Rope","Rope, Line & Nets","","71.74079365079366","69.97507936507937","","","","","","","","","","","","COR0888","Ropes","","","","","","","","","","","","","","","","","","","","","","","","","","","","","","","","",""
"Twisted Rope PE CM 3c Ø31,7mm 475g/m","twisted-rope-pe-cm-3c-31-7mm-475g-m-r403pe600moc","<table><tbody><tr><th>ERP Material Code</th><td>COR1412</td></tr><tr><th>ERP Product Group</th><td>Ropes</td></tr><tr><th>Average Net Unit Weight (kg)</th><td>88.1214285714286</td></tr><tr><th>Average Gross Unit Weight (kg)</th><td>91.8357142857143</td></tr></tbody></table>","Cotesi","","Rope","Spartan import, department:rope-line-nets, category:rope, Rope, Cotesi","false","draft","R403PE600MOC","","Title","Default Title","","","","","","","","true","","","true","manual","Rope","Rope, Line & Nets","","91.8357142857143","88.1214285714286","","","","","","","","","","","","COR1412","Ropes","","","","","","","","","","","","","","","","","","","","","","","","","","","","","","","","",""
"Twisted Rope PEPBL1 CM 3c Ø7,9mm 57,2g","twisted-rope-pepbl1-cm-3c-7-9mm-57-2g-r103pel1std1200mobc","<table><tbody><tr><th>ERP Material Code</th><td>COR0727</td></tr><tr><th>ERP Product Group</th><td>Ropes</td></tr><tr><th>Average Net Unit Weight (kg)</th><td>21.0384375</td></tr><tr><th>Average Gross Unit Weight (kg)</th><td>21.405104166666668</td></tr></tbody></table>","Cotesi","","Rope","Spartan import, department:rope-line-nets, category:rope, Rope, Cotesi","false","draft","R103PEL1STD1200MOBC","","Title","Default Title","","","","","","","","true","","","true","manual","Rope","Rope, Line & Nets","","21.405104166666668","21.0384375","","","","","","","","","","","","COR0727","Ropes","","","","","","","","","","","","","","","","","","","","","","","","","","","","","","","","",""
"Twisted Rope PEPBL1 CM 3c Ø8,7mm 73g","twisted-rope-pepbl1-cm-3c-8-7mm-73g-r113pe1stdl1200mgwc","<table><tbody><tr><th>ERP Material Code</th><td>COR0729</td></tr><tr><th>ERP Product Group</th><td>Ropes</td></tr><tr><th>Average Net Unit Weight (kg)</th><td>26.903333333333332</td></tr><tr><th>Average Gross Unit Weight (kg)</th><td>27.436666666666667</td></tr></tbody></table>","Cotesi","","Rope","Spartan import, department:rope-line-nets, category:rope, Rope, Cotesi","false","draft","R113PE1STDL1200MGWC","","Title","Default Title","","","","","","","","true","","","true","manual","Rope","Rope, Line & Nets","","27.436666666666667","26.903333333333332","","","","","","","","","","","","COR0729","Ropes","","","","","","","","","","","","","","","","","","","","","","","","","","","","","","","","",""
"Twisted Rope PEPBL1 CM 3c Ø8,7mm 73g","twisted-rope-pepbl1-cm-3c-8-7mm-73g-r113pel1200mabc","<table><tbody><tr><th>ERP Product Group</th><td>Ropes</td></tr><tr><th>Average Net Unit Weight (kg)</th><td>27.153846153846153</td></tr><tr><th>Average Gross Unit Weight (kg)</th><td>28.384615384615383</td></tr></tbody></table>","Cotesi","","Rope","Spartan import, department:rope-line-nets, category:rope, Rope, Cotesi","false","draft","R113PEL1200MABC","","Title","Default Title","","","","","","","","true","","","true","manual","Rope","Rope, Line & Nets","","28.384615384615383","27.153846153846153","","","","","","","","","","","","","Ropes","","","","","","","","","","","","","","","","","","","","","","","","","","","","","","","","",""
"Twisted Rope PEPBL1 CM 3c Ø9,5mm 68g","twisted-rope-pepbl1-cm-3c-9-5mm-68g-r123pel1200mabkc","<table><tbody><tr><th>ERP Material Code</th><td>COR0730</td></tr><tr><th>ERP Product Group</th><td>Ropes</td></tr><tr><th>Average Net Unit Weight (kg)</th><td>24.958238772853093</td></tr><tr><th>Average Gross Unit Weight (kg)</th><td>25.44257165994762</td></tr></tbody></table>","Cotesi","","Rope","Spartan import, department:rope-line-nets, category:rope, Rope, Cotesi","false","draft","R123PEL1200MABKC","","Title","Default Title","","","","","","","","true","","","true","manual","Rope","Rope, Line & Nets","","25.44257165994762","24.958238772853093","","","","","","","","","","","","COR0730","Ropes","","","","","","","","","","","","","","","","","","","","","","","","","","","","","","","","",""
"Twisted Rope PEPBL3 CM 3c Ø7,9mm 62,6g","twisted-rope-pepbl3-cm-3c-7-9mm-62-6g-r103pel1200mgbkc","<table><tbody><tr><th>ERP Material Code</th><td>COR0977</td></tr><tr><th>ERP Product Group</th><td>Ropes</td></tr><tr><th>Average Net Unit Weight (kg)</th><td>22.921219336219337</td></tr><tr><th>Average Gross Unit Weight (kg)</th><td>22.921219336219337</td></tr></tbody></table>","Cotesi","","Rope","Spartan import, department:rope-line-nets, category:rope, Rope, Cotesi","false","draft","R103PEL1200MGBKC","","Title","Default Title","","","","","","","","true","","","true","manual","Rope","Rope, Line & Nets","","22.921219336219337","22.921219336219337","","","","","","","","","","","","COR0977","Ropes","","","","","","","","","","","","","","","","","","","","","","","","","","","","","","","","",""
"Twisted Rope PEPBL3 CM 3c Ø7,9mm 62,6g","twisted-rope-pepbl3-cm-3c-7-9mm-62-6g-r103pel1200mgbkybkc","<table><tbody><tr><th>ERP Product Group</th><td>Ropes</td></tr><tr><th>Average Net Unit Weight (kg)</th><td>23.099999999999998</td></tr><tr><th>Average Gross Unit Weight (kg)</th><td>23.099999999999998</td></tr></tbody></table>","Cotesi","","Rope","Spartan import, department:rope-line-nets, category:rope, Rope, Cotesi","false","draft","R103PEL1200MGBKYBKC","","Title","Default Title","","","","","","","","true","","","true","manual","Rope","Rope, Line & Nets","","23.099999999999998","23.099999999999998","","","","","","","","","","","","","Ropes","","","","","","","","","","","","","","","","","","","","","","","","","","","","","","","","",""
"Twisted Rope PEPBL3 CM 3c Ø9,5mm 89g","twisted-rope-pepbl3-cm-3c-9-5mm-89g-r123pel1200mgbkc","<table><tbody><tr><th>ERP Material Code</th><td>COR1307</td></tr><tr><th>ERP Product Group</th><td>Ropes</td></tr><tr><th>Average Net Unit Weight (kg)</th><td>32.61616332497911</td></tr><tr><th>Average Gross Unit Weight (kg)</th><td>32.686338763575606</td></tr></tbody></table>","Cotesi","","Rope","Spartan import, department:rope-line-nets, category:rope, Rope, Cotesi","false","draft","R123PEL1200MGBKC","","Title","Default Title","","","","","","","","true","","","true","manual","Rope","Rope, Line & Nets","","32.686338763575606","32.61616332497911","","","","","","","","","","","","COR1307","Ropes","","","","","","","","","","","","","","","","","","","","","","","","","","","","","","","","",""
"Twisted Rope PEPBL3 CMD 3c Ø7,9mm 62,6g","twisted-rope-pepbl3-cmd-3c-7-9mm-62-6g-r103mll1800mfbkc","<table><tbody><tr><th>ERP Material Code</th><td>COR2452</td></tr><tr><th>ERP Product Group</th><td>Ropes</td></tr><tr><th>Average Net Unit Weight (kg)</th><td>34.3375</td></tr><tr><th>Average Gross Unit Weight (kg)</th><td>35.00416666666667</td></tr></tbody></table>","Cotesi","","Rope","Spartan import, department:rope-line-nets, category:rope, Rope, Cotesi","false","draft","R103MLL1800MFBKC","","Title","Default Title","","","","","","","","true","","","true","manual","Rope","Rope, Line & Nets","","35.00416666666667","34.3375","","","","","","","","","","","","COR2452","Ropes","","","","","","","","","","","","","","","","","","","","","","","","","","","","","","","","",""
"Twisted Rope PP CM 3c Ø7,1mm 22,9g","twisted-rope-pp-cm-3c-7-1mm-22-9g-r093pp1200mygc","<table><tbody><tr><th>ERP Material Code</th><td>COR1020</td></tr><tr><th>ERP Product Group</th><td>Ropes</td></tr><tr><th>Average Net Unit Weight (kg)</th><td>8.427108860342555</td></tr><tr><th>Average Gross Unit Weight (kg)</th><td>8.472563405797102</td></tr></tbody></table>","Cotesi","","Rope","Spartan import, department:rope-line-nets, category:rope, Rope, Cotesi","false","draft","R093PP1200MYGC","","Title","Default Title","","","","","","","","true","","","true","manual","Rope","Rope, Line & Nets","","8.472563405797102","8.427108860342555","","","","","","","","","","","","COR1020","Ropes","","","","","","","","","","","","","","","","","","","","","","","","","","","","","","","","",""
"Twisted Rope PP CM 3c Ø7,9mm 26g","twisted-rope-pp-cm-3c-7-9mm-26g-r103pp1200mgbkc","<table><tbody><tr><th>ERP Material Code</th><td>COR1021</td></tr><tr><th>ERP Product Group</th><td>Ropes</td></tr><tr><th>Average Net Unit Weight (kg)</th><td>9.3375</td></tr><tr><th>Average Gross Unit Weight (kg)</th><td>9.3375</td></tr></tbody></table>","Cotesi","","Rope","Spartan import, department:rope-line-nets, category:rope, Rope, Cotesi","false","draft","R103PP1200MGBKC","","Title","Default Title","","","","","","","","true","","","true","manual","Rope","Rope, Line & Nets","","9.3375","9.3375","","","","","","","","","","","","COR1021","Ropes","","","","","","","","","","","","","","","","","","","","","","","","","","","","","","","","",""
"Twisted Rope PP CM 3c Ø7,9mm 26g","twisted-rope-pp-cm-3c-7-9mm-26g-r103pp1200mygc","<table><tbody><tr><th>ERP Product Group</th><td>Ropes</td></tr><tr><th>Average Net Unit Weight (kg)</th><td>9.49245670265407</td></tr><tr><th>Average Gross Unit Weight (kg)</th><td>9.511687471884839</td></tr></tbody></table>","Cotesi","","Rope","Spartan import, department:rope-line-nets, category:rope, Rope, Cotesi","false","draft","R103PP1200MYGC","","Title","Default Title","","","","","","","","true","","","true","manual","Rope","Rope, Line & Nets","","9.511687471884839","9.49245670265407","","","","","","","","","","","","","Ropes","","","","","","","","","","","","","","","","","","","","","","","","","","","","","","","","",""
"Twisted Rope PP CM 3c Ø9,5mm 39,6g","twisted-rope-pp-cm-3c-9-5mm-39-6g-r123pp1200mbkbygc","<table><tbody><tr><th>ERP Material Code</th><td>COR1023</td></tr><tr><th>ERP Product Group</th><td>Ropes</td></tr><tr><th>Average Net Unit Weight (kg)</th><td>14.57570696346704</td></tr><tr><th>Average Gross Unit Weight (kg)</th><td>14.64291918387075</td></tr></tbody></table>","Cotesi","","Rope","Spartan import, department:rope-line-nets, category:rope, Rope, Cotesi","false","draft","R123PP1200MBKBYGC","","Title","Default Title","","","","","","","","true","","","true","manual","Rope","Rope, Line & Nets","","14.64291918387075","14.57570696346704","","","","","","","","","","","","COR1023","Ropes","","","","","","","","","","","","","","","","","","","","","","","","","","","","","","","","",""
"Twisted Rope PP CM 3c Ø9,5mm 39,6g","twisted-rope-pp-cm-3c-9-5mm-39-6g-r123pp1200mbkbyrwc","<table><tbody><tr><th>ERP Product Group</th><td>Ropes</td></tr><tr><th>Average Net Unit Weight (kg)</th><td>14.650987249544627</td></tr><tr><th>Average Gross Unit Weight (kg)</th><td>14.845085610200364</td></tr></tbody></table>","Cotesi","","Rope","Spartan import, department:rope-line-nets, category:rope, Rope, Cotesi","false","draft","R123PP1200MBKBYRWC","","Title","Default Title","","","","","","","","true","","","true","manual","Rope","Rope, Line & Nets","","14.845085610200364","14.650987249544627","","","","","","","","","","","","","Ropes","","","","","","","","","","","","","","","","","","","","","","","","","","","","","","","","",""
"Twisted Rope PP CM 3c Ø9,5mm 39,6g","twisted-rope-pp-cm-3c-9-5mm-39-6g-r123pp1200mgbkbyrc","<table><tbody><tr><th>ERP Product Group</th><td>Ropes</td></tr><tr><th>Average Net Unit Weight (kg)</th><td>14.434000000000001</td></tr><tr><th>Average Gross Unit Weight (kg)</th><td>14.754000000000001</td></tr></tbody></table>","Cotesi","","Rope","Spartan import, department:rope-line-nets, category:rope, Rope, Cotesi","false","draft","R123PP1200MGBKBYRC","","Title","Default Title","","","","","","","","true","","","true","manual","Rope","Rope, Line & Nets","","14.754000000000001","14.434000000000001","","","","","","","","","","","","","Ropes","","","","","","","","","","","","","","","","","","","","","","","","","","","","","","","","",""
"Twisted Rope PP CM 3c Ø9,5mm 39,6g","twisted-rope-pp-cm-3c-9-5mm-39-6g-r123pp1200mygc","<table><tbody><tr><th>ERP Product Group</th><td>Ropes</td></tr><tr><th>Average Net Unit Weight (kg)</th><td>14.636809315684314</td></tr><tr><th>Average Gross Unit Weight (kg)</th><td>14.759446678321675</td></tr></tbody></table>","Cotesi","","Rope","Spartan import, department:rope-line-nets, category:rope, Rope, Cotesi","false","draft","R123PP1200MYGC","","Title","Default Title","","","","","","","","true","","","true","manual","Rope","Rope, Line & Nets","","14.759446678321675","14.636809315684314","","","","","","","","","","","","","Ropes","","","","","","","","","","","","","","","","","","","","","","","","","","","","","","","","",""
"Twisted Rope PP CM 3c Ø11,1mm 54,5g","twisted-rope-pp-cm-3c-11-1mm-54-5g-r143pp1200mbkwc","<table><tbody><tr><th>ERP Material Code</th><td>COR1011</td></tr><tr><th>ERP Product Group</th><td>Ropes</td></tr><tr><th>Average Net Unit Weight (kg)</th><td>20.3875</td></tr><tr><th>Average Gross Unit Weight (kg)</th><td>20.3875</td></tr></tbody></table>","Cotesi","","Rope","Spartan import, department:rope-line-nets, category:rope, Rope, Cotesi","false","draft","R143PP1200MBKWC","","Title","Default Title","","","","","","","","true","","","true","manual","Rope","Rope, Line & Nets","","20.3875","20.3875","","","","","","","","","","","","COR1011","Ropes","","","","","","","","","","","","","","","","","","","","","","","","","","","","","","","","",""
"Twisted Rope PP CM 3c Ø11,1mm 54,5g","twisted-rope-pp-cm-3c-11-1mm-54-5g-r143pp1200mygc","<table><tbody><tr><th>ERP Product Group</th><td>Ropes</td></tr><tr><th>Average Net Unit Weight (kg)</th><td>20.07061756956494</td></tr><tr><th>Average Gross Unit Weight (kg)</th><td>20.435028597133858</td></tr></tbody></table>","Cotesi","","Rope","Spartan import, department:rope-line-nets, category:rope, Rope, Cotesi","false","draft","R143PP1200MYGC","","Title","Default Title","","","","","","","","true","","","true","manual","Rope","Rope, Line & Nets","","20.435028597133858","20.07061756956494","","","","","","","","","","","","","Ropes","","","","","","","","","","","","","","","","","","","","","","","","","","","","","","","","",""
"Twisted Rope PP CML 3c Ø10mm 47g","twisted-rope-pp-cml-3c-10mm-47g-r10mm3pp1200m-sbkbyc","<table><tbody><tr><th>ERP Material Code</th><td>COR1186</td></tr><tr><th>ERP Product Group</th><td>Ropes</td></tr><tr><th>Average Net Unit Weight (kg)</th><td>17.313333333333333</td></tr><tr><th>Average Gross Unit Weight (kg)</th><td>17.846666666666668</td></tr></tbody></table>","Cotesi","","Rope","Spartan import, department:rope-line-nets, category:rope, Rope, Cotesi","false","draft","R10MM3PP1200M/SBKBYC","","Title","Default Title","","","","","","","","true","","","true","manual","Rope","Rope, Line & Nets","","17.846666666666668","17.313333333333333","","","","","","","","","","","","COR1186","Ropes","","","","","","","","","","","","","","","","","","","","","","","","","","","","","","","","",""
"Twisted Rope PP CML 3c Ø10mm 47g","twisted-rope-pp-cml-3c-10mm-47g-r10mm3pp1200m-sbkbygc","<table><tbody><tr><th>ERP Product Group</th><td>Ropes</td></tr><tr><th>Average Net Unit Weight (kg)</th><td>17.336055769230768</td></tr><tr><th>Average Gross Unit Weight (kg)</th><td>17.368055769230768</td></tr></tbody></table>","Cotesi","","Rope","Spartan import, department:rope-line-nets, category:rope, Rope, Cotesi","false","draft","R10MM3PP1200M/SBKBYGC","","Title","Default Title","","","","","","","","true","","","true","manual","Rope","Rope, Line & Nets","","17.368055769230768","17.336055769230768","","","","","","","","","","","","","Ropes","","","","","","","","","","","","","","","","","","","","","","","","","","","","","","","","",""
"Twisted Rope PP CML 3c Ø10mm 47g","twisted-rope-pp-cml-3c-10mm-47g-r10mm3pp1200m-sbkbywc","<table><tbody><tr><th>ERP Product Group</th><td>Ropes</td></tr><tr><th>Average Net Unit Weight (kg)</th><td>17.502045454545453</td></tr><tr><th>Average Gross Unit Weight (kg)</th><td>17.902045454545455</td></tr></tbody></table>","Cotesi","","Rope","Spartan import, department:rope-line-nets, category:rope, Rope, Cotesi","false","draft","R10MM3PP1200M/SBKBYWC","","Title","Default Title","","","","","","","","true","","","true","manual","Rope","Rope, Line & Nets","","17.902045454545455","17.502045454545453","","","","","","","","","","","","","Ropes","","","","","","","","","","","","","","","","","","","","","","","","","","","","","","","","",""
"Twisted Rope PP CML 3c Ø10mm 47g","twisted-rope-pp-cml-3c-10mm-47g-r10mm3pp1200m-sbkrgc","<table><tbody><tr><th>ERP Product Group</th><td>Ropes</td></tr><tr><th>Average Net Unit Weight (kg)</th><td>17.434660131535132</td></tr><tr><th>Average Gross Unit Weight (kg)</th><td>17.667993464868466</td></tr></tbody></table>","Cotesi","","Rope","Spartan import, department:rope-line-nets, category:rope, Rope, Cotesi","false","draft","R10MM3PP1200M/SBKRGC","","Title","Default Title","","","","","","","","true","","","true","manual","Rope","Rope, Line & Nets","","17.667993464868466","17.434660131535132","","","","","","","","","","","","","Ropes","","","","","","","","","","","","","","","","","","","","","","","","","","","","","","","","",""
"Twisted Rope PP CML 3c Ø10mm 47g","twisted-rope-pp-cml-3c-10mm-47g-r10mm3pp1200m-sgrbkc","<table><tbody><tr><th>ERP Product Group</th><td>Ropes</td></tr><tr><th>Average Net Unit Weight (kg)</th><td>17.383933972374372</td></tr><tr><th>Average Gross Unit Weight (kg)</th><td>17.746472672064776</td></tr></tbody></table>","Cotesi","","Rope","Spartan import, department:rope-line-nets, category:rope, Rope, Cotesi","false","draft","R10MM3PP1200M/SGRBKC","","Title","Default Title","","","","","","","","true","","","true","manual","Rope","Rope, Line & Nets","","17.746472672064776","17.383933972374372","","","","","","","","","","","","","Ropes","","","","","","","","","","","","","","","","","","","","","","","","","","","","","","","","",""
"Twisted Rope PP CML 3c Ø10mm 47g","twisted-rope-pp-cml-3c-10mm-47g-r10mm3pp1200m-sygc","<table><tbody><tr><th>ERP Product Group</th><td>Ropes</td></tr><tr><th>Average Net Unit Weight (kg)</th><td>17.355334988482372</td></tr><tr><th>Average Gross Unit Weight (kg)</th><td>17.812557528675843</td></tr></tbody></table>","Cotesi","","Rope","Spartan import, department:rope-line-nets, category:rope, Rope, Cotesi","false","draft","R10MM3PP1200M/SYGC","","Title","Default Title","","","","","","","","true","","","true","manual","Rope","Rope, Line & Nets","","17.812557528675843","17.355334988482372","","","","","","","","","","","","","Ropes","","","","","","","","","","","","","","","","","","","","","","","","","","","","","","","","",""
"Twisted Rope PP CML 3c Ø10mm 47g","twisted-rope-pp-cml-3c-10mm-47g-r10mm3pp1200msbkrgc","<table><tbody><tr><th>ERP Product Group</th><td>Ropes</td></tr><tr><th>Average Net Unit Weight (kg)</th><td>17.39404761904762</td></tr><tr><th>Average Gross Unit Weight (kg)</th><td>17.39404761904762</td></tr></tbody></table>","Cotesi","","Rope","Spartan import, department:rope-line-nets, category:rope, Rope, Cotesi","false","draft","R10MM3PP1200MSBKRGC","","Title","Default Title","","","","","","","","true","","","true","manual","Rope","Rope, Line & Nets","","17.39404761904762","17.39404761904762","","","","","","","","","","","","","Ropes","","","","","","","","","","","","","","","","","","","","","","","","","","","","","","","","",""
"Twisted Rope PP CML 3c Ø10mm 47g","twisted-rope-pp-cml-3c-10mm-47g-r10mm3pp1200msgrbkc","<table><tbody><tr><th>ERP Product Group</th><td>Ropes</td></tr><tr><th>Average Net Unit Weight (kg)</th><td>17.3</td></tr><tr><th>Average Gross Unit Weight (kg)</th><td>17.3</td></tr></tbody></table>","Cotesi","","Rope","Spartan import, department:rope-line-nets, category:rope, Rope, Cotesi","false","draft","R10MM3PP1200MSGRBKC","","Title","Default Title","","","","","","","","true","","","true","manual","Rope","Rope, Line & Nets","","17.3","17.3","","","","","","","","","","","","","Ropes","","","","","","","","","","","","","","","","","","","","","","","","","","","","","","","","",""
"Twisted Rope PP CML 3c Ø10mm 47g","twisted-rope-pp-cml-3c-10mm-47g-r10mm3pp1200msygc","<table><tbody><tr><th>ERP Product Group</th><td>Ropes</td></tr><tr><th>Average Net Unit Weight (kg)</th><td>17.194791666666667</td></tr><tr><th>Average Gross Unit Weight (kg)</th><td>17.194791666666667</td></tr></tbody></table>","Cotesi","","Rope","Spartan import, department:rope-line-nets, category:rope, Rope, Cotesi","false","draft","R10MM3PP1200MSYGC","","Title","Default Title","","","","","","","","true","","","true","manual","Rope","Rope, Line & Nets","","17.194791666666667","17.194791666666667","","","","","","","","","","","","","Ropes","","","","","","","","","","","","","","","","","","","","","","","","","","","","","","","","",""
"Twisted Twine PE 90Z","twisted-twine-pe-90z-203","<table><tbody><tr><th>ERP Material Code</th><td>FIO0030</td></tr><tr><th>ERP Product Group</th><td>Fishing Nets &amp; Twines</td></tr><tr><th>Average Net Unit Weight (kg)</th><td>0.93</td></tr><tr><th>Average Gross Unit Weight (kg)</th><td>0.93</td></tr></tbody></table>","Cotesi","","Twine","Spartan import, department:rope-line-nets, category:twine, Twine, Cotesi","false","draft","","","Title","Default Title","","","","","","","","true","","","true","manual","Twine","Rope, Line & Nets","","0.93","0.93","","","","","","","","","","","","FIO0030","Fishing Nets & Twines","","","","","","","","","","","","","","","","","","","","","","","","","","","","","","","","",""
"VEST 2XLARGE FLOTATION INDUSTRIAL","vest-2xlarge-flotation-industrial-mv3196t2-02-xxl","<table><tbody><tr><th>Size</th><td>Item Length (in) - 25&quot; / Item Width (in) - 24&quot; / Item Height (in) - 3.75&quot;</td></tr><tr><th>Colour</th><td>ORANGE</td></tr></tbody></table>","MUSTANG SURVIVAL ULC","","PFDs","Spartan import, department:safety-buoys-survival, category:pfds, PFDs, MUSTANG SURVIVAL ULC","false","draft","MV3196T2-02-XXL","","Title","Default Title","","","","","","","","true","590","g","true","manual","PFDs","Safety, Buoys & Survival","","","","","","","","","","ORANGE","","","","","","","","","","","","","","","","","","","","","Item Length (in) - 25"" / Item Width (in) - 24"" / Item Height (in) - 3.75""","","","","","","","","","","","","","","","","","",""
"VEST FLOTATION INDUSTRIAL ORANGE 3XL-7XL","vest-flotation-industrial-orange-3xl-7xl-mv3196t2-02-3xl-7xl","<table><tbody><tr><th>Size</th><td>Item Length (in) - 25&quot; / Item Width (in) - 24&quot; / Item Height (in) - 3.75&quot;</td></tr><tr><th>Colour</th><td>ORANGE</td></tr></tbody></table>","MUSTANG SURVIVAL ULC","","PFDs","Spartan import, department:safety-buoys-survival, category:pfds, PFDs, MUSTANG SURVIVAL ULC","false","draft","MV3196T2-02-3XL/7XL","","Title","Default Title","","","","","","","","true","590","g","true","manual","PFDs","Safety, Buoys & Survival","","","","","","","","","","ORANGE","","","","","","","","","","","","","","","","","","","","","Item Length (in) - 25"" / Item Width (in) - 24"" / Item Height (in) - 3.75""","","","","","","","","","","","","","","","","","",""
"VEST LARGE FLOTATION INDUSTRIAL","vest-large-flotation-industrial-mv3196t2-02-l","<table><tbody><tr><th>Size</th><td>Item Length (in) - 25&quot; / Item Width (in) - 24&quot; / Item Height (in) - 3.75&quot;</td></tr><tr><th>Colour</th><td>ORANGE</td></tr></tbody></table>","MUSTANG SURVIVAL ULC","","PFDs","Spartan import, department:safety-buoys-survival, category:pfds, PFDs, MUSTANG SURVIVAL ULC","false","draft","MV3196T2-02-L","","Title","Default Title","","","","","","","","true","590","g","true","manual","PFDs","Safety, Buoys & Survival","","","","","","","","","","ORANGE","","","","","","","","","","","","","","","","","","","","","Item Length (in) - 25"" / Item Width (in) - 24"" / Item Height (in) - 3.75""","","","","","","","","","","","","","","","","","",""
"VEST MEDIUM FLOTATION INDUSTRIAL","vest-medium-flotation-industrial-mv3196t2-02-m","<table><tbody><tr><th>Size</th><td>Item Length (in) - 25&quot; / Item Width (in) - 24&quot; / Item Height (in) - 3.75&quot;</td></tr><tr><th>Colour</th><td>ORANGE</td></tr></tbody></table>","MUSTANG SURVIVAL ULC","","PFDs","Spartan import, department:safety-buoys-survival, category:pfds, PFDs, MUSTANG SURVIVAL ULC","false","draft","MV3196T2-02-M","","Title","Default Title","","","","","","","","true","590","g","true","manual","PFDs","Safety, Buoys & Survival","","","","","","","","","","ORANGE","","","","","","","","","","","","","","","","","","","","","Item Length (in) - 25"" / Item Width (in) - 24"" / Item Height (in) - 3.75""","","","","","","","","","","","","","","","","","",""
"VEST PFD UNIVERSAL ELITE INFLATABLE","vest-pfd-universal-elite-inflatable-md5153bc","<table><tbody><tr><th>Size</th><td>Item Length (in) - 21.375&quot; / Item Width (in) - 13.375&quot; / Item Height (in) - 2.625&quot;</td></tr><tr><th>Notes</th><td>DISCONTINUED</td></tr><tr><th>Colour</th><td>BLACK</td></tr></tbody></table>","MUSTANG SURVIVAL ULC","","PFDs","Spartan import, department:safety-buoys-survival, category:pfds, PFDs, MUSTANG SURVIVAL ULC","false","draft","MD5153BC","","Title","Default Title","","","","","","","","true","1021","g","true","manual","PFDs","Safety, Buoys & Survival","","","","","","","","","","BLACK","","","","","","","","","","","","","","","","DISCONTINUED","","","","","Item Length (in) - 21.375"" / Item Width (in) - 13.375"" / Item Height (in) - 2.625""","","","","","","","","","","","","","","","","","",""
"VEST PFD UNIVERSAL FIT","vest-pfd-universal-fit-mv3005ur","<table><tbody><tr><th>Size</th><td>Item Length (in) - 20.25&quot; / Item Width (in) - 17.5&quot; / Item Height (in) - 3.75&quot;</td></tr><tr><th>Colour</th><td>RED</td></tr></tbody></table>","MUSTANG SURVIVAL ULC","","PFDs","Spartan import, department:safety-buoys-survival, category:pfds, PFDs, MUSTANG SURVIVAL ULC","false","draft","MV3005UR","","Title","Default Title","","","","","","","","true","544","g","true","manual","PFDs","Safety, Buoys & Survival","","","","","","","","","","RED","","","","","","","","","","","","","","","","","","","","","Item Length (in) - 20.25"" / Item Width (in) - 17.5"" / Item Height (in) - 3.75""","","","","","","","","","","","","","","","","","",""
"VEST PFD UNIVERSAL HIT","vest-pfd-universal-hit-md3153ubk","<table><tbody><tr><th>Size</th><td>Item Length (in) - 22.0&quot; / Item Width (in) - 13.5&quot; / Item Height (in) - 2.0&quot;</td></tr><tr><th>Notes</th><td>DISCONTINUED</td></tr><tr><th>Colour</th><td>BLACK</td></tr></tbody></table>","MUSTANG SURVIVAL ULC","","PFDs","Spartan import, department:safety-buoys-survival, category:pfds, PFDs, MUSTANG SURVIVAL ULC","false","draft","MD3153UBK","","Title","Default Title","","","","","","","","true","1111","g","true","manual","PFDs","Safety, Buoys & Survival","","","","","","","","","","BLACK","","","","","","","","","","","","","","","","DISCONTINUED","","","","","Item Length (in) - 22.0"" / Item Width (in) - 13.5"" / Item Height (in) - 2.0""","","","","","","","","","","","","","","","","","",""
"VEST PFD UNIVERSAL HIT RED/BLACK","vest-pfd-universal-hit-red-black-md3153ur","<table><tbody><tr><th>Size</th><td>Item Length (in) - 22.0&quot; / Item Width (in) - 13.5&quot; / Item Height (in) - 2.0&quot;</td></tr><tr><th>Notes</th><td>DISCONTINUED</td></tr><tr><th>Colour</th><td>RED/BLACK</td></tr></tbody></table>","MUSTANG SURVIVAL ULC","","PFDs","Spartan import, department:safety-buoys-survival, category:pfds, PFDs, MUSTANG SURVIVAL ULC","false","draft","MD3153UR","","Title","Default Title","","","","","","","","true","1111","g","true","manual","PFDs","Safety, Buoys & Survival","","","","","","","","","","RED/BLACK","","","","","","","","","","","","","","","","DISCONTINUED","","","","","Item Length (in) - 22.0"" / Item Width (in) - 13.5"" / Item Height (in) - 2.0""","","","","","","","","","","","","","","","","","",""
"VEST PFD UNIVERSAL INFLATABLE","vest-pfd-universal-inflatable-md3157uo","<table><tbody><tr><th>Size</th><td>Item Length (in) - 22.0&quot; / Item Width (in) - 13.5&quot; / Item Height (in) - 2.2&quot;</td></tr><tr><th>Colour</th><td>ORANGE</td></tr></tbody></table>","MUSTANG SURVIVAL ULC","","PFDs","Spartan import, department:safety-buoys-survival, category:pfds, PFDs, MUSTANG SURVIVAL ULC","false","draft","MD3157UO","","Title","Default Title","","","","","","","","true","998","g","true","manual","PFDs","Safety, Buoys & Survival","","","","","","","","","","ORANGE","","","","","","","","","","","","","","","","","","","","","Item Length (in) - 22.0"" / Item Width (in) - 13.5"" / Item Height (in) - 2.2""","","","","","","","","","","","","","","","","","",""
"VEST PFD UNIVERSAL M.I.T 100 AUTO","vest-pfd-universal-m-i-t-100-auto-md2017t1","<table><tbody><tr><th>Size</th><td>Item Length (in) - 22.0&quot; / Item Width (in) - 14.0&quot; / Item Height (in) - 3.0&quot;</td></tr><tr><th>Colour</th><td>ORANGE / BLACK</td></tr></tbody></table>","MUSTANG SURVIVAL ULC","","PFDs","Spartan import, department:safety-buoys-survival, category:pfds, PFDs, MUSTANG SURVIVAL ULC","false","draft","MD2017T1","","Title","Default Title","","","","","","","","true","1043","g","true","manual","PFDs","Safety, Buoys & Survival","","","","","","","","","","ORANGE / BLACK","","","","","","","","","","","","","","","","","","","","","Item Length (in) - 22.0"" / Item Width (in) - 14.0"" / Item Height (in) - 3.0""","","","","","","","","","","","","","","","","","",""
"VEST PFD UNIVERSIAL AUTO ELITE BLACK","vest-pfd-universial-auto-elite-black-md5153ubk","<table><tbody><tr><th>Size</th><td>Item Length (in) - 21.375&quot; / Item Width (in) - 13.375&quot; / Item Height (in) - 2.625&quot;</td></tr><tr><th>Notes</th><td>DISCONTINUED</td></tr><tr><th>Colour</th><td>RED</td></tr></tbody></table>","MUSTANG SURVIVAL ULC","","PFDs","Spartan import, department:safety-buoys-survival, category:pfds, PFDs, MUSTANG SURVIVAL ULC","false","draft","MD5153UBK","","Title","Default Title","","","","","","","","true","1021","g","true","manual","PFDs","Safety, Buoys & Survival","","","","","","","","","","RED","","","","","","","","","","","","","","","","DISCONTINUED","","","","","Item Length (in) - 21.375"" / Item Width (in) - 13.375"" / Item Height (in) - 2.625""","","","","","","","","","","","","","","","","","",""
"VEST XLARGE FLOTATION INDUSTRIAL","vest-xlarge-flotation-industrial-mv3196t2-02-xl","<table><tbody><tr><th>Size</th><td>Item Length (in) - 25&quot; / Item Width (in) - 24&quot; / Item Height (in) - 3.75&quot;</td></tr><tr><th>Colour</th><td>ORANGE</td></tr></tbody></table>","MUSTANG SURVIVAL ULC","","PFDs","Spartan import, department:safety-buoys-survival, category:pfds, PFDs, MUSTANG SURVIVAL ULC","false","draft","MV3196T2-02-XL","","Title","Default Title","","","","","","","","true","590","g","true","manual","PFDs","Safety, Buoys & Survival","","","","","","","","","","ORANGE","","","","","","","","","","","","","","","","","","","","","Item Length (in) - 25"" / Item Width (in) - 24"" / Item Height (in) - 3.75""","","","","","","","","","","","","","","","","","",""
"WINCH STRAP 3""X30' C/W CHAIN","winch-strap-3-x30-c-w-chain-td1603c30","<table><tbody><tr><th>Width</th><td>3&quot;</td></tr><tr><th>Length</th><td>30'</td></tr><tr><th>Working Load Limit</th><td>5400</td></tr><tr><th>End Fitting Type</th><td>CHAIN</td></tr></tbody></table>","SUN-KING KNITTED BELT PRODUCT LTD","","Tie-Down Straps","Spartan import, department:rigging-hardware, category:tie-down-straps, Tie-Down Straps, SUN-KING KNITTED BELT PRODUCT LTD","false","draft","TD1603C30","","Title","Default Title","","","","","","","","true","","","true","manual","Tie-Down Straps","Rigging Hardware","","","","","","","","","","","","","","CHAIN","","","","","","","","","30'","","","","","","","","","","","","","","","","","","","","","","","3""","5400","",""
"WINCH STRAP 4""X30' C/W FLAT HOOKS","winch-strap-4-x30-c-w-flat-hooks-430cf","<table><tbody><tr><th>Width</th><td>4&quot;</td></tr><tr><th>Length</th><td>30'</td></tr><tr><th>Working Load Limit</th><td>5400</td></tr><tr><th>End Fitting Type</th><td>FLAT HOOK</td></tr></tbody></table>","SUN-KING KNITTED BELT PRODUCT LTD","","Tie-Down Straps","Spartan import, department:rigging-hardware, category:tie-down-straps, Tie-Down Straps, SUN-KING KNITTED BELT PRODUCT LTD","false","draft","430CF","","Title","Default Title","","","","","","","","true","","","true","manual","Tie-Down Straps","Rigging Hardware","","","","","","","","","","","","","","FLAT HOOK","","","","","","","","","30'","","","","","","","","","","","","","","","","","","","","","","","4""","5400","",""
"WIPE CLOTH BALBRIGGAN 10LB C/W-SPARTAN-L","wipe-cloth-balbriggan-10lb-c-w-spartan-l-awbw10","","ACADIAN WIPERS","","Wipe Cloths","Spartan import, department:maintenance-supplies, category:wipe-cloths, Wipe Cloths, ACADIAN WIPERS","false","draft","AWBW10","","Title","Default Title","","","","","","","","true","","","true","manual","Wipe Cloths","Maintenance & Supplies","","","","","","","","","","","","","","","","","","","","","","","","","","","","","","","","","","","","","","","","","","","","","","","","",""
"WORM 12/0 RUBBER 10451","worm-12-0-rubber-10451-25010027","","NORDIC OUTDOOR AS (Solvkroken)","","Fishing Lures","Spartan import, department:fishing-trap-gear, category:fishing-lures, Fishing Lures, NORDIC OUTDOOR AS (Solvkroken)","false","draft","25010027","","Title","Default Title","","","","","","","","true","","","true","manual","Fishing Lures","Fishing & Trap Gear","","","","","","","","","","","","","","","","","","","","","","","","","","","","","","","","","","","","","","","","","","","","","","","","",""
